date,store_id,product_id,opening_stock,quantity_received,quantity_sold,closing_stock,reorder_level,lead_time_days
2026-08-01,S01,P101,392,0,58,334,121,3
2026-08-01,S01,P102,315,0,81,234,98,2
2026-08-01,S01,P103,314,0,96,218,164,4
2026-08-01,S01,P104,239,0,110,129,143,3
2026-08-01,S01,P105,459,0,69,390,124,4
2026-08-01,S01,P106,307,0,73,234,126,3
2026-08-01,S01,P201,303,0,52,251,89,3
2026-08-01,S01,P202,354,0,93,261,150,1
2026-08-01,S01,P203,377,0,85,292,159,3
2026-08-01,S01,P204,397,0,74,323,117,3
2026-08-01,S01,P205,96,0,17,79,27,1
2026-08-01,S01,P206,228,0,62,166,92,3
2026-08-01,S01,P207,302,0,66,241,111,3
2026-08-01,S01,P301,401,0,69,332,139,2
2026-08-01,S01,P302,379,0,83,296,106,2
2026-08-01,S01,P303,393,0,75,318,109,3
2026-08-01,S01,P304,321,0,55,266,74,3
2026-08-01,S01,P305,327,0,61,266,76,2
2026-08-01,S01,P306,243,0,35,208,83,1
2026-08-01,S01,P330,152,0,51,101,93,4
2026-08-01,S01,P401,211,0,39,172,71,2
2026-08-01,S01,P402,111,0,34,77,46,2
2026-08-01,S01,P403,140,0,40,100,46,3
2026-08-01,S01,P404,182,0,36,146,61,4
2026-08-01,S01,P405,156,0,29,130,43,4
2026-08-01,S01,P406,133,0,38,95,71,4
2026-08-01,S01,P407,126,0,40,86,55,1
2026-08-01,S01,P442,266,0,79,187,132,3
2026-08-01,S01,P501,154,0,28,126,41,3
2026-08-01,S01,P502,75,0,13,62,28,1
2026-08-01,S01,P503,142,0,30,108,40,1
2026-08-01,S01,P504,112,0,25,87,30,3
2026-08-01,S01,P505,98,0,21,77,37,4
2026-08-01,S01,P601,98,0,21,77,32,2
2026-08-01,S01,P602,116,0,31,85,37,2
2026-08-01,S01,P603,67,0,16,51,36,4
2026-08-01,S01,P604,71,0,14,57,23,2
2026-08-01,S01,P605,117,0,22,95,33,1
2026-08-01,S01,P701,68,0,21,47,36,2
2026-08-01,S01,P702,140,0,26,114,53,4
2026-08-01,S01,P703,96,0,37,59,47,1
2026-08-01,S01,P704,108,0,19,89,33,3
2026-08-01,S01,P801,221,0,37,184,60,4
2026-08-01,S01,P802,334,0,53,281,90,2
2026-08-01,S01,P803,251,0,43,208,59,2
2026-08-01,S02,P101,790,0,246,544,333,3
2026-08-01,S02,P102,1178,0,278,900,347,1
2026-08-01,S02,P103,876,0,188,688,334,1
2026-08-01,S02,P104,978,0,181,797,268,1
2026-08-01,S02,P105,595,0,294,301,300,3
2026-08-01,S02,P106,530,0,201,329,294,2
2026-08-01,S02,P201,696,0,172,524,283,1
2026-08-01,S02,P202,771,0,214,557,316,1
2026-08-01,S02,P203,982,0,202,780,255,1
2026-08-01,S02,P204,614,0,175,439,215,4
2026-08-01,S02,P205,214,0,70,144,116,2
2026-08-01,S02,P206,740,0,129,611,196,3
2026-08-01,S02,P207,955,0,186,769,307,1
2026-08-01,S02,P301,719,0,135,584,177,1
2026-08-01,S02,P302,1044,0,211,833,326,2
2026-08-01,S02,P303,644,0,134,510,224,1
2026-08-01,S02,P304,714,0,200,514,325,1
2026-08-01,S02,P305,881,0,217,664,329,4
2026-08-01,S02,P306,557,0,243,314,214,4
2026-08-01,S02,P330,688,0,252,436,277,3
2026-08-01,S02,P401,317,0,93,224,111,3
2026-08-01,S02,P402,227,0,73,154,103,2
2026-08-01,S02,P403,341,0,70,271,114,4
2026-08-01,S02,P404,362,0,97,265,136,3
2026-08-01,S02,P405,426,0,74,352,164,3
2026-08-01,S02,P406,425,0,85,340,151,4
2026-08-01,S02,P407,526,0,113,413,189,2
2026-08-01,S02,P442,782,0,155,627,238,2
2026-08-01,S02,P501,326,0,61,265,80,4
2026-08-01,S02,P502,315,0,51,264,126,4
2026-08-01,S02,P503,221,0,63,158,106,3
2026-08-01,S02,P504,201,0,47,154,72,1
2026-08-01,S02,P505,269,0,45,224,73,4
2026-08-01,S02,P601,207,0,46,161,61,1
2026-08-01,S02,P602,230,0,72,158,99,1
2026-08-01,S02,P603,286,0,69,217,77,1
2026-08-01,S02,P604,257,0,56,201,84,4
2026-08-01,S02,P605,203,0,41,162,56,3
2026-08-01,S02,P701,319,0,43,276,101,2
2026-08-01,S02,P702,281,0,58,223,82,2
2026-08-01,S02,P703,210,0,63,147,78,2
2026-08-01,S02,P704,212,0,76,136,80,1
2026-08-01,S02,P801,494,0,68,426,134,3
2026-08-01,S02,P802,525,0,92,433,129,3
2026-08-01,S02,P803,444,0,118,326,194,2
2026-08-01,S03,P101,200,0,44,156,68,2
2026-08-01,S03,P102,212,0,45,167,93,2
2026-08-01,S03,P103,181,0,59,122,83,4
2026-08-01,S03,P104,147,0,48,99,63,1
2026-08-01,S03,P105,169,0,35,134,63,2
2026-08-01,S03,P106,264,0,49,215,84,4
2026-08-01,S03,P201,181,0,70,111,83,4
2026-08-01,S03,P202,164,0,40,124,75,4
2026-08-01,S03,P203,125,0,34,91,40,3
2026-08-01,S03,P204,148,0,59,89,89,2
2026-08-01,S03,P205,69,0,13,56,22,4
2026-08-01,S03,P206,177,0,50,127,67,4
2026-08-01,S03,P207,260,0,49,211,83,3
2026-08-01,S03,P301,155,0,34,121,59,1
2026-08-01,S03,P302,157,0,52,105,65,2
2026-08-01,S03,P303,262,0,45,217,86,3
2026-08-01,S03,P304,136,0,41,95,51,2
2026-08-01,S03,P305,165,0,50,115,81,1
2026-08-01,S03,P306,227,0,51,176,75,3
2026-08-01,S03,P330,148,0,45,103,66,1
2026-08-01,S03,P401,106,0,16,90,34,4
2026-08-01,S03,P402,98,0,18,80,33,4
2026-08-01,S03,P403,72,0,21,51,33,1
2026-08-01,S03,P404,82,0,14,68,23,2
2026-08-01,S03,P405,47,0,16,31,27,1
2026-08-01,S03,P406,65,0,16,49,35,3
2026-08-01,S03,P407,94,0,14,80,32,2
2026-08-01,S03,P442,206,0,37,169,72,1
2026-08-01,S03,P501,45,0,12,33,14,2
2026-08-01,S03,P502,61,0,13,48,22,4
2026-08-01,S03,P503,42,0,12,30,24,3
2026-08-01,S03,P504,32,0,11,21,16,4
2026-08-01,S03,P505,48,0,11,37,17,2
2026-08-01,S03,P601,59,0,12,47,18,1
2026-08-01,S03,P602,41,0,12,29,16,1
2026-08-01,S03,P603,35,0,8,27,13,4
2026-08-01,S03,P604,72,0,11,61,24,4
2026-08-01,S03,P605,61,0,10,51,19,4
2026-08-01,S03,P701,49,0,12,37,18,3
2026-08-01,S03,P702,54,0,11,43,17,4
2026-08-01,S03,P703,40,0,16,24,17,4
2026-08-01,S03,P704,54,0,21,33,26,1
2026-08-01,S03,P801,120,0,31,89,41,1
2026-08-01,S03,P802,88,0,24,64,36,3
2026-08-01,S03,P803,145,0,24,121,43,3
2026-08-01,S04,P101,183,0,51,132,95,4
2026-08-01,S04,P102,412,0,55,357,113,3
2026-08-01,S04,P103,307,0,78,229,105,4
2026-08-01,S04,P104,196,0,92,104,114,4
2026-08-01,S04,P105,394,0,90,304,145,3
2026-08-01,S04,P106,293,0,60,233,101,1
2026-08-01,S04,P201,283,0,74,209,96,1
2026-08-01,S04,P202,379,0,77,302,98,4
2026-08-01,S04,P203,398,0,69,329,99,3
2026-08-01,S04,P204,254,0,76,178,110,3
2026-08-01,S04,P205,94,0,18,76,27,4
2026-08-01,S04,P206,246,0,42,204,83,4
2026-08-01,S04,P207,377,0,75,302,114,4
2026-08-01,S04,P301,192,0,49,143,62,3
2026-08-01,S04,P302,197,0,51,146,85,1
2026-08-01,S04,P303,275,0,58,217,90,3
2026-08-01,S04,P304,169,0,48,121,79,2
2026-08-01,S04,P305,160,0,55,105,78,4
2026-08-01,S04,P306,392,0,68,324,127,3
2026-08-01,S04,P330,209,0,45,164,86,4
2026-08-01,S04,P401,159,0,52,107,73,1
2026-08-01,S04,P402,128,0,38,90,64,1
2026-08-01,S04,P403,111,0,23,88,44,1
2026-08-01,S04,P404,184,0,43,141,56,3
2026-08-01,S04,P405,103,0,22,81,53,2
2026-08-01,S04,P406,116,0,29,87,46,2
2026-08-01,S04,P407,118,0,35,83,57,3
2026-08-01,S04,P442,249,0,37,212,64,2
2026-08-01,S04,P501,93,0,24,69,29,2
2026-08-01,S04,P502,52,0,16,36,32,3
2026-08-01,S04,P503,87,0,14,73,34,2
2026-08-01,S04,P504,66,0,16,50,28,1
2026-08-01,S04,P505,53,0,15,38,25,1
2026-08-01,S04,P601,111,0,18,93,38,3
2026-08-01,S04,P602,97,0,18,79,30,1
2026-08-01,S04,P603,48,0,16,32,26,1
2026-08-01,S04,P604,100,0,15,85,25,1
2026-08-01,S04,P605,71,0,24,47,34,4
2026-08-01,S04,P701,107,0,32,75,41,2
2026-08-01,S04,P702,90,0,19,71,31,4
2026-08-01,S04,P703,152,0,22,130,45,3
2026-08-01,S04,P704,76,0,13,63,26,1
2026-08-01,S04,P801,224,0,47,177,64,3
2026-08-01,S04,P802,180,0,35,145,55,3
2026-08-01,S04,P803,113,0,33,80,38,3
2026-08-01,S05,P101,286,0,50,236,92,3
2026-08-01,S05,P102,159,0,49,110,72,3
2026-08-01,S05,P103,230,0,54,176,76,2
2026-08-01,S05,P104,191,0,33,158,56,1
2026-08-01,S05,P105,196,0,50,146,63,4
2026-08-01,S05,P106,282,0,57,225,69,3
2026-08-01,S05,P201,169,0,30,139,51,4
2026-08-01,S05,P202,191,0,43,148,69,3
2026-08-01,S05,P203,144,0,38,106,80,2
2026-08-01,S05,P204,198,0,50,148,60,2
2026-08-01,S05,P205,38,0,11,27,19,4
2026-08-01,S05,P206,112,0,29,83,50,2
2026-08-01,S05,P207,146,0,43,103,55,4
2026-08-01,S05,P301,185,0,34,151,63,2
2026-08-01,S05,P302,224,0,42,182,70,3
2026-08-01,S05,P303,120,0,38,82,73,3
2026-08-01,S05,P304,159,0,33,126,53,3
2026-08-01,S05,P305,142,0,18,124,45,2
2026-08-01,S05,P306,249,0,47,202,64,2
2026-08-01,S05,P330,127,0,33,94,49,1
2026-08-01,S05,P401,55,0,14,41,21,3
2026-08-01,S05,P402,79,0,24,55,30,3
2026-08-01,S05,P403,126,0,23,103,39,1
2026-08-01,S05,P404,51,0,15,36,21,3
2026-08-01,S05,P405,74,0,17,57,21,3
2026-08-01,S05,P406,90,0,23,67,31,1
2026-08-01,S05,P407,96,0,18,78,30,1
2026-08-01,S05,P442,130,0,39,91,53,3
2026-08-01,S05,P501,37,0,12,25,13,4
2026-08-01,S05,P502,33,0,9,24,14,3
2026-08-01,S05,P503,33,0,8,25,11,3
2026-08-01,S05,P504,62,0,13,49,24,1
2026-08-01,S05,P505,45,0,11,34,17,2
2026-08-01,S05,P601,49,0,10,39,13,2
2026-08-01,S05,P602,52,0,9,43,15,4
2026-08-01,S05,P603,61,0,16,45,19,1
2026-08-01,S05,P604,31,0,9,22,15,3
2026-08-01,S05,P605,35,0,6,29,11,2
2026-08-01,S05,P701,56,0,14,42,18,1
2026-08-01,S05,P702,80,0,18,62,25,1
2026-08-01,S05,P703,74,0,21,53,21,1
2026-08-01,S05,P704,74,0,16,58,25,1
2026-08-01,S05,P801,154,0,30,124,44,3
2026-08-01,S05,P802,91,0,25,66,32,3
2026-08-01,S05,P803,165,0,32,133,46,1
2026-08-01,S06,P101,251,0,39,212,86,4
2026-08-01,S06,P102,210,0,82,128,101,1
2026-08-01,S06,P103,285,0,67,218,142,2
2026-08-01,S06,P104,195,0,50,145,81,4
2026-08-01,S06,P105,327,0,61,266,98,4
2026-08-01,S06,P106,337,0,67,270,117,3
2026-08-01,S06,P201,271,0,52,219,88,1
2026-08-01,S06,P202,202,0,49,153,65,3
2026-08-01,S06,P203,183,0,33,150,60,2
2026-08-01,S06,P204,322,0,63,259,108,2
2026-08-01,S06,P205,60,0,16,44,29,4
2026-08-01,S06,P206,210,0,59,151,87,4
2026-08-01,S06,P207,171,0,59,112,73,3
2026-08-01,S06,P301,264,0,69,195,96,1
2026-08-01,S06,P302,267,0,55,212,76,1
2026-08-01,S06,P303,213,0,59,154,81,3
2026-08-01,S06,P304,191,0,60,131,72,2
2026-08-01,S06,P305,283,0,85,198,90,1
2026-08-01,S06,P306,176,0,35,141,82,3
2026-08-01,S06,P330,308,0,48,260,85,2
2026-08-01,S06,P401,137,0,36,101,48,1
2026-08-01,S06,P402,91,0,25,66,34,2
2026-08-01,S06,P403,119,0,31,88,42,2
2026-08-01,S06,P404,159,0,28,131,51,3
2026-08-01,S06,P405,185,0,37,148,60,4
2026-08-01,S06,P406,108,0,21,87,34,3
2026-08-01,S06,P407,96,0,18,78,41,3
2026-08-01,S06,P442,162,0,60,102,88,2
2026-08-01,S06,P501,57,0,15,42,25,3
2026-08-01,S06,P502,127,0,32,95,38,2
2026-08-01,S06,P503,108,0,19,89,34,2
2026-08-01,S06,P504,79,0,13,66,20,3
2026-08-01,S06,P505,100,0,20,80,27,3
2026-08-01,S06,P601,37,0,11,26,18,1
2026-08-01,S06,P602,105,0,24,81,33,2
2026-08-01,S06,P603,57,0,19,38,24,3
2026-08-01,S06,P604,32,0,12,20,19,1
2026-08-01,S06,P605,54,0,18,36,31,3
2026-08-01,S06,P701,77,0,12,65,20,1
2026-08-01,S06,P702,94,0,15,79,37,3
2026-08-01,S06,P703,113,0,18,95,32,1
2026-08-01,S06,P704,76,0,13,63,29,2
2026-08-01,S06,P801,155,0,48,107,53,1
2026-08-01,S06,P802,269,0,60,209,76,1
2026-08-01,S06,P803,193,0,41,152,53,4
2026-08-02,S01,P101,334,0,69,265,121,3
2026-08-02,S01,P102,234,0,58,176,98,2
2026-08-02,S01,P103,218,0,84,134,164,4
2026-08-02,S01,P104,129,0,89,40,143,3
2026-08-02,S01,P105,390,0,75,315,124,4
2026-08-02,S01,P106,234,0,84,150,126,3
2026-08-02,S01,P201,251,0,53,198,89,3
2026-08-02,S01,P202,261,0,93,168,150,1
2026-08-02,S01,P203,292,0,110,182,159,3
2026-08-02,S01,P204,323,0,65,258,117,3
2026-08-02,S01,P205,79,0,23,56,27,1
2026-08-02,S01,P206,166,0,75,91,92,3
2026-08-02,S01,P207,236,0,68,168,111,3
2026-08-02,S01,P301,332,0,77,255,139,2
2026-08-02,S01,P302,296,0,96,200,106,2
2026-08-02,S01,P303,318,0,107,211,109,3
2026-08-02,S01,P304,266,0,57,209,74,3
2026-08-02,S01,P305,266,0,78,188,76,2
2026-08-02,S01,P306,208,0,54,154,83,1
2026-08-02,S01,P330,101,0,63,38,93,4
2026-08-02,S01,P401,172,0,35,137,71,2
2026-08-02,S01,P402,77,0,30,47,46,2
2026-08-02,S01,P403,100,0,39,61,46,3
2026-08-02,S01,P404,146,0,48,98,61,4
2026-08-02,S01,P405,127,0,27,100,43,4
2026-08-02,S01,P406,95,0,43,52,71,4
2026-08-02,S01,P407,86,0,45,41,55,1
2026-08-02,S01,P442,187,0,76,111,132,3
2026-08-02,S01,P501,126,0,33,93,41,3
2026-08-02,S01,P502,62,0,13,49,28,1
2026-08-02,S01,P503,112,0,18,94,40,1
2026-08-02,S01,P504,87,0,19,68,30,3
2026-08-02,S01,P505,77,0,23,54,37,4
2026-08-02,S01,P601,77,0,19,58,32,2
2026-08-02,S01,P602,85,0,17,68,37,2
2026-08-02,S01,P603,51,0,20,34,36,4
2026-08-02,S01,P604,57,0,14,43,23,2
2026-08-02,S01,P605,95,0,26,69,33,1
2026-08-02,S01,P701,47,0,25,22,36,2
2026-08-02,S01,P702,114,0,24,90,53,4
2026-08-02,S01,P703,59,0,44,15,47,1
2026-08-02,S01,P704,89,0,20,69,33,3
2026-08-02,S01,P801,184,0,39,145,60,4
2026-08-02,S01,P802,281,0,86,195,90,2
2026-08-02,S01,P803,208,0,49,159,59,2
2026-08-02,S02,P101,544,0,273,271,333,3
2026-08-02,S02,P102,900,0,363,537,347,1
2026-08-02,S02,P103,688,0,173,515,334,1
2026-08-02,S02,P104,797,0,178,619,268,1
2026-08-02,S02,P105,301,0,211,90,300,3
2026-08-02,S02,P106,329,0,208,121,294,2
2026-08-02,S02,P201,524,0,204,320,283,1
2026-08-02,S02,P202,557,0,207,350,316,1
2026-08-02,S02,P203,780,0,232,548,255,1
2026-08-02,S02,P204,439,0,139,300,215,4
2026-08-02,S02,P205,144,0,65,79,116,2
2026-08-02,S02,P206,611,0,218,393,196,3
2026-08-02,S02,P207,769,0,196,573,307,1
2026-08-02,S02,P301,584,0,127,457,177,1
2026-08-02,S02,P302,833,0,202,631,326,2
2026-08-02,S02,P303,510,0,144,366,224,1
2026-08-02,S02,P304,514,0,179,335,325,1
2026-08-02,S02,P305,664,0,186,478,329,4
2026-08-02,S02,P306,314,0,133,181,214,4
2026-08-02,S02,P330,436,0,236,200,277,3
2026-08-02,S02,P401,224,0,103,121,111,3
2026-08-02,S02,P402,154,0,63,91,103,2
2026-08-02,S02,P403,271,0,70,201,114,4
2026-08-02,S02,P404,265,0,75,190,136,3
2026-08-02,S02,P405,352,0,97,260,164,3
2026-08-02,S02,P406,340,0,138,202,151,4
2026-08-02,S02,P407,413,0,74,339,189,2
2026-08-02,S02,P442,627,0,137,490,238,2
2026-08-02,S02,P501,265,0,72,193,80,4
2026-08-02,S02,P502,264,0,66,198,126,4
2026-08-02,S02,P503,158,0,66,92,106,3
2026-08-02,S02,P504,154,0,40,114,72,1
2026-08-02,S02,P505,224,0,49,175,73,4
2026-08-02,S02,P601,161,0,45,116,61,1
2026-08-02,S02,P602,158,0,70,88,99,1
2026-08-02,S02,P603,217,0,67,150,77,1
2026-08-02,S02,P604,201,0,52,149,84,4
2026-08-02,S02,P605,162,0,27,135,56,3
2026-08-02,S02,P701,276,0,89,187,101,2
2026-08-02,S02,P702,223,0,73,150,82,2
2026-08-02,S02,P703,147,0,58,89,78,2
2026-08-02,S02,P704,136,0,82,54,80,1
2026-08-02,S02,P801,426,0,84,342,134,3
2026-08-02,S02,P802,433,0,86,347,129,3
2026-08-02,S02,P803,326,0,117,209,194,2
2026-08-02,S03,P101,156,0,61,95,68,2
2026-08-02,S03,P102,167,0,86,81,93,2
2026-08-02,S03,P103,122,0,60,62,83,4
2026-08-02,S03,P104,99,0,46,53,63,1
2026-08-02,S03,P105,134,0,46,88,63,2
2026-08-02,S03,P106,215,0,54,161,84,4
2026-08-02,S03,P201,111,0,56,55,83,4
2026-08-02,S03,P202,124,0,58,66,75,4
2026-08-02,S03,P203,91,0,35,56,40,3
2026-08-02,S03,P204,89,0,59,30,89,2
2026-08-02,S03,P205,56,0,12,44,22,4
2026-08-02,S03,P206,127,0,53,74,67,4
2026-08-02,S03,P207,211,0,59,152,83,3
2026-08-02,S03,P301,121,0,29,92,59,1
2026-08-02,S03,P302,105,0,30,75,65,2
2026-08-02,S03,P303,217,0,44,173,86,3
2026-08-02,S03,P304,95,0,40,55,51,2
2026-08-02,S03,P305,115,0,51,64,81,1
2026-08-02,S03,P306,176,0,57,119,75,3
2026-08-02,S03,P330,103,0,40,63,66,1
2026-08-02,S03,P401,90,0,18,72,34,4
2026-08-02,S03,P402,80,0,18,62,33,4
2026-08-02,S03,P403,51,0,19,32,33,1
2026-08-02,S03,P404,68,0,15,53,23,2
2026-08-02,S03,P405,31,0,15,16,27,1
2026-08-02,S03,P406,49,0,22,27,35,3
2026-08-02,S03,P407,80,0,18,62,32,2
2026-08-02,S03,P442,169,0,37,132,72,1
2026-08-02,S03,P501,33,0,10,23,14,2
2026-08-02,S03,P502,48,0,10,38,22,4
2026-08-02,S03,P503,30,0,12,18,24,3
2026-08-02,S03,P504,21,0,9,12,16,4
2026-08-02,S03,P505,37,0,9,28,17,2
2026-08-02,S03,P601,47,0,10,37,18,1
2026-08-02,S03,P602,29,0,8,21,16,1
2026-08-02,S03,P603,27,0,9,18,13,4
2026-08-02,S03,P604,61,0,13,48,24,4
2026-08-02,S03,P605,51,0,14,37,19,4
2026-08-02,S03,P701,37,0,13,24,18,3
2026-08-02,S03,P702,43,0,16,27,17,4
2026-08-02,S03,P703,24,0,11,13,17,4
2026-08-02,S03,P704,33,0,14,19,26,1
2026-08-02,S03,P801,89,0,35,54,41,1
2026-08-02,S03,P802,64,0,26,38,36,3
2026-08-02,S03,P803,121,0,27,94,43,3
2026-08-02,S04,P101,132,0,60,72,95,4
2026-08-02,S04,P102,357,0,71,286,113,3
2026-08-02,S04,P103,229,0,111,118,105,4
2026-08-02,S04,P104,104,0,78,26,114,4
2026-08-02,S04,P105,304,0,108,196,145,3
2026-08-02,S04,P106,233,0,74,159,101,1
2026-08-02,S04,P201,209,0,72,137,96,1
2026-08-02,S04,P202,302,0,74,228,98,4
2026-08-02,S04,P203,329,0,66,263,99,3
2026-08-02,S04,P204,178,0,95,83,110,3
2026-08-02,S04,P205,76,0,14,62,27,4
2026-08-02,S04,P206,204,0,55,149,83,4
2026-08-02,S04,P207,302,0,86,216,114,4
2026-08-02,S04,P301,143,0,49,94,62,3
2026-08-02,S04,P302,146,0,40,106,85,1
2026-08-02,S04,P303,217,0,56,161,90,3
2026-08-02,S04,P304,121,0,50,71,79,2
2026-08-02,S04,P305,105,0,52,53,78,4
2026-08-02,S04,P306,324,0,80,244,127,3
2026-08-02,S04,P330,164,0,57,107,86,4
2026-08-02,S04,P401,107,0,50,57,73,1
2026-08-02,S04,P402,90,0,37,53,64,1
2026-08-02,S04,P403,88,0,26,62,44,1
2026-08-02,S04,P404,141,0,48,93,56,3
2026-08-02,S04,P405,81,0,26,55,53,2
2026-08-02,S04,P406,87,0,32,55,46,2
2026-08-02,S04,P407,83,0,36,47,57,3
2026-08-02,S04,P442,212,0,46,166,64,2
2026-08-02,S04,P501,69,0,18,51,29,2
2026-08-02,S04,P502,36,0,15,21,32,3
2026-08-02,S04,P503,73,0,22,51,34,2
2026-08-02,S04,P504,50,0,16,34,28,1
2026-08-02,S04,P505,38,0,19,19,25,1
2026-08-02,S04,P601,93,0,21,72,38,3
2026-08-02,S04,P602,79,0,25,54,30,1
2026-08-02,S04,P603,32,0,16,16,26,1
2026-08-02,S04,P604,85,0,13,72,25,1
2026-08-02,S04,P605,47,0,20,27,34,4
2026-08-02,S04,P701,75,0,30,45,41,2
2026-08-02,S04,P702,71,0,19,52,31,4
2026-08-02,S04,P703,130,0,30,100,45,3
2026-08-02,S04,P704,63,0,16,47,26,1
2026-08-02,S04,P801,177,0,44,133,64,3
2026-08-02,S04,P802,145,0,32,113,55,3
2026-08-02,S04,P803,80,0,26,54,38,3
2026-08-02,S05,P101,236,0,49,187,92,3
2026-08-02,S05,P102,110,0,45,65,72,3
2026-08-02,S05,P103,176,0,49,127,76,2
2026-08-02,S05,P104,158,0,41,117,56,1
2026-08-02,S05,P105,146,0,54,92,63,4
2026-08-02,S05,P106,225,0,62,163,69,3
2026-08-02,S05,P201,139,0,47,92,51,4
2026-08-02,S05,P202,148,0,55,93,69,3
2026-08-02,S05,P203,106,0,81,25,80,2
2026-08-02,S05,P204,148,0,63,85,60,2
2026-08-02,S05,P205,27,0,9,18,19,4
2026-08-02,S05,P206,83,0,35,48,50,2
2026-08-02,S05,P207,103,0,53,50,55,4
2026-08-02,S05,P301,151,0,36,115,63,2
2026-08-02,S05,P302,182,0,56,126,70,3
2026-08-02,S05,P303,82,0,44,38,73,3
2026-08-02,S05,P304,126,0,37,89,53,3
2026-08-02,S05,P305,124,0,36,88,45,2
2026-08-02,S05,P306,202,0,33,169,64,2
2026-08-02,S05,P330,94,0,26,68,49,1
2026-08-02,S05,P401,41,0,13,28,21,3
2026-08-02,S05,P402,55,0,25,30,30,3
2026-08-02,S05,P403,103,0,30,73,39,1
2026-08-02,S05,P404,36,0,12,24,21,3
2026-08-02,S05,P405,57,0,14,43,21,3
2026-08-02,S05,P406,67,0,17,50,31,1
2026-08-02,S05,P407,78,0,17,61,30,1
2026-08-02,S05,P442,91,0,34,57,53,3
2026-08-02,S05,P501,25,0,10,15,13,4
2026-08-02,S05,P502,24,0,11,13,14,3
2026-08-02,S05,P503,25,0,10,15,11,3
2026-08-02,S05,P504,49,0,15,34,24,1
2026-08-02,S05,P505,34,0,12,22,17,2
2026-08-02,S05,P601,39,0,8,31,13,2
2026-08-02,S05,P602,43,0,9,34,15,4
2026-08-02,S05,P603,45,0,14,31,19,1
2026-08-02,S05,P604,22,0,8,14,15,3
2026-08-02,S05,P605,29,0,7,22,11,2
2026-08-02,S05,P701,42,0,14,28,18,1
2026-08-02,S05,P702,62,0,19,43,25,1
2026-08-02,S05,P703,53,0,20,33,21,1
2026-08-02,S05,P704,58,0,18,40,25,1
2026-08-02,S05,P801,124,0,29,95,44,3
2026-08-02,S05,P802,66,0,15,51,32,3
2026-08-02,S05,P803,133,0,29,104,46,1
2026-08-02,S06,P101,212,0,47,165,86,4
2026-08-02,S06,P102,128,0,61,67,101,1
2026-08-02,S06,P103,218,0,76,142,142,2
2026-08-02,S06,P104,145,0,48,97,81,4
2026-08-02,S06,P105,266,0,42,224,98,4
2026-08-02,S06,P106,270,0,71,199,117,3
2026-08-02,S06,P201,219,0,44,175,88,1
2026-08-02,S06,P202,153,0,38,115,65,3
2026-08-02,S06,P203,150,0,54,96,60,2
2026-08-02,S06,P204,259,0,65,197,108,2
2026-08-02,S06,P205,44,0,23,21,29,4
2026-08-02,S06,P206,151,0,86,65,87,4
2026-08-02,S06,P207,112,0,53,59,73,3
2026-08-02,S06,P301,195,0,38,157,96,1
2026-08-02,S06,P302,212,0,47,165,76,1
2026-08-02,S06,P303,154,0,63,91,81,3
2026-08-02,S06,P304,131,0,38,93,72,2
2026-08-02,S06,P305,198,0,96,102,90,1
2026-08-02,S06,P306,141,0,53,88,82,3
2026-08-02,S06,P330,260,0,66,194,85,2
2026-08-02,S06,P401,101,0,31,70,48,1
2026-08-02,S06,P402,66,0,23,43,34,2
2026-08-02,S06,P403,88,0,22,66,42,2
2026-08-02,S06,P404,131,0,26,105,51,3
2026-08-02,S06,P405,148,0,32,116,60,4
2026-08-02,S06,P406,87,0,28,59,34,3
2026-08-02,S06,P407,78,0,25,53,41,3
2026-08-02,S06,P442,102,0,57,45,88,2
2026-08-02,S06,P501,42,0,23,19,25,3
2026-08-02,S06,P502,95,0,22,73,38,2
2026-08-02,S06,P503,89,0,17,72,34,2
2026-08-02,S06,P504,66,0,15,51,20,3
2026-08-02,S06,P505,80,0,21,59,27,3
2026-08-02,S06,P601,26,0,10,16,18,1
2026-08-02,S06,P602,81,0,20,61,33,2
2026-08-02,S06,P603,38,0,11,27,24,3
2026-08-02,S06,P604,20,0,11,9,19,1
2026-08-02,S06,P605,36,0,18,18,31,3
2026-08-02,S06,P701,65,0,11,59,20,1
2026-08-02,S06,P702,79,0,17,62,37,3
2026-08-02,S06,P703,95,0,22,73,32,1
2026-08-02,S06,P704,63,0,13,50,29,2
2026-08-02,S06,P801,107,0,30,77,53,1
2026-08-02,S06,P802,209,0,42,167,76,1
2026-08-02,S06,P803,152,0,30,122,53,4
2026-08-03,S01,P101,265,0,61,204,121,3
2026-08-03,S01,P102,176,0,56,120,98,2
2026-08-03,S01,P103,134,0,58,76,164,4
2026-08-03,S01,P104,40,0,40,0,143,3
2026-08-03,S01,P105,315,0,48,267,124,4
2026-08-03,S01,P106,150,0,29,121,126,3
2026-08-03,S01,P201,198,0,21,177,89,3
2026-08-03,S01,P202,168,0,47,121,150,1
2026-08-03,S01,P203,182,0,51,131,159,3
2026-08-03,S01,P204,258,0,51,207,117,3
2026-08-03,S01,P205,56,0,12,44,27,1
2026-08-03,S01,P206,91,0,37,54,92,3
2026-08-03,S01,P207,168,0,46,122,111,3
2026-08-03,S01,P301,255,0,44,211,139,2
2026-08-03,S01,P302,200,0,47,156,106,2
2026-08-03,S01,P303,211,0,54,157,109,3
2026-08-03,S01,P304,209,0,31,178,74,3
2026-08-03,S01,P305,188,0,38,150,76,2
2026-08-03,S01,P306,154,0,32,122,83,1
2026-08-03,S01,P330,38,0,33,5,93,4
2026-08-03,S01,P401,137,0,38,99,71,2
2026-08-03,S01,P402,47,0,13,34,46,2
2026-08-03,S01,P403,61,0,30,31,46,3
2026-08-03,S01,P404,98,0,23,75,61,4
2026-08-03,S01,P405,100,0,19,81,43,4
2026-08-03,S01,P406,52,0,36,16,71,4
2026-08-03,S01,P407,181,140,16,165,55,1
2026-08-03,S01,P442,111,0,58,53,132,3
2026-08-03,S01,P501,93,0,18,75,41,3
2026-08-03,S01,P502,49,0,11,38,28,1
2026-08-03,S01,P503,94,0,11,83,40,1
2026-08-03,S01,P504,68,0,12,56,30,3
2026-08-03,S01,P505,54,0,15,39,37,4
2026-08-03,S01,P601,58,0,16,42,32,2
2026-08-03,S01,P602,68,0,15,53,37,2
2026-08-03,S01,P603,31,0,12,19,36,4
2026-08-03,S01,P604,43,0,10,33,23,2
2026-08-03,S01,P605,69,0,13,56,33,1
2026-08-03,S01,P701,22,0,14,8,36,2
2026-08-03,S01,P702,90,0,15,75,53,4
2026-08-03,S01,P703,177,162,20,157,47,1
2026-08-03,S01,P704,69,0,9,60,33,3
2026-08-03,S01,P801,145,0,31,114,60,4
2026-08-03,S01,P802,195,0,35,160,90,2
2026-08-03,S01,P803,159,0,28,131,59,2
2026-08-03,S02,P101,271,0,188,83,333,3
2026-08-03,S02,P102,537,0,148,389,347,1
2026-08-03,S02,P103,515,0,136,379,334,1
2026-08-03,S02,P104,619,0,166,453,268,1
2026-08-03,S02,P105,90,0,90,0,300,3
2026-08-03,S02,P106,121,0,90,31,294,2
2026-08-03,S02,P201,320,0,134,186,283,1
2026-08-03,S02,P202,350,0,116,234,316,1
2026-08-03,S02,P203,548,0,82,466,255,1
2026-08-03,S02,P204,300,0,103,197,215,4
2026-08-03,S02,P205,79,0,33,46,116,2
2026-08-03,S02,P206,393,0,96,297,196,3
2026-08-03,S02,P207,573,0,106,467,307,1
2026-08-03,S02,P301,457,0,111,346,177,1
2026-08-03,S02,P302,631,0,97,534,326,2
2026-08-03,S02,P303,366,0,107,259,224,1
2026-08-03,S02,P304,335,0,136,199,325,1
2026-08-03,S02,P305,478,0,142,336,329,4
2026-08-03,S02,P306,181,0,114,67,214,4
2026-08-03,S02,P330,200,0,138,62,277,3
2026-08-03,S02,P401,121,0,47,74,111,3
2026-08-03,S02,P402,91,0,52,39,103,2
2026-08-03,S02,P403,201,0,40,161,114,4
2026-08-03,S02,P404,190,0,72,118,136,3
2026-08-03,S02,P405,255,0,62,193,164,3
2026-08-03,S02,P406,202,0,56,146,151,4
2026-08-03,S02,P407,339,0,67,272,189,2
2026-08-03,S02,P442,490,0,86,404,238,2
2026-08-03,S02,P501,193,0,17,176,80,4
2026-08-03,S02,P502,198,0,39,159,126,4
2026-08-03,S02,P503,92,0,46,46,106,3
2026-08-03,S02,P504,114,0,24,90,72,1
2026-08-03,S02,P505,175,0,27,148,73,4
2026-08-03,S02,P601,116,0,23,93,61,1
2026-08-03,S02,P602,292,204,31,261,99,1
2026-08-03,S02,P603,150,0,34,116,77,1
2026-08-03,S02,P604,149,0,27,122,84,4
2026-08-03,S02,P605,135,0,19,116,56,3
2026-08-03,S02,P701,187,0,43,144,101,2
2026-08-03,S02,P702,150,0,29,121,82,2
2026-08-03,S02,P703,89,0,23,66,78,2
2026-08-03,S02,P704,252,198,36,216,80,1
2026-08-03,S02,P801,342,0,72,270,134,3
2026-08-03,S02,P802,347,0,81,266,129,3
2026-08-03,S02,P803,209,0,76,133,194,2
2026-08-03,S03,P101,95,0,31,64,68,2
2026-08-03,S03,P102,81,0,43,38,93,2
2026-08-03,S03,P103,62,0,52,10,83,4
2026-08-03,S03,P104,256,203,42,214,63,1
2026-08-03,S03,P105,88,0,29,59,63,2
2026-08-03,S03,P106,161,0,48,118,84,4
2026-08-03,S03,P201,55,0,33,22,83,4
2026-08-03,S03,P202,66,0,33,33,75,4
2026-08-03,S03,P203,56,0,21,35,40,3
2026-08-03,S03,P204,30,0,29,1,89,2
2026-08-03,S03,P205,44,0,5,39,22,4
2026-08-03,S03,P206,74,0,25,49,67,4
2026-08-03,S03,P207,152,0,26,126,83,3
2026-08-03,S03,P301,92,0,16,76,59,1
2026-08-03,S03,P302,75,0,19,56,65,2
2026-08-03,S03,P303,173,0,33,140,86,3
2026-08-03,S03,P304,55,0,21,34,51,2
2026-08-03,S03,P305,226,162,35,191,81,1
2026-08-03,S03,P306,119,0,36,83,75,3
2026-08-03,S03,P330,255,192,23,232,66,1
2026-08-03,S03,P401,72,0,12,60,34,4
2026-08-03,S03,P402,62,0,19,43,33,4
2026-08-03,S03,P403,125,93,11,119,33,1
2026-08-03,S03,P404,53,0,10,43,23,2
2026-08-03,S03,P405,90,74,7,83,27,1
2026-08-03,S03,P406,27,0,14,13,35,3
2026-08-03,S03,P407,62,0,8,54,32,2
2026-08-03,S03,P442,132,0,34,98,72,1
2026-08-03,S03,P501,23,0,8,15,14,2
2026-08-03,S03,P502,38,0,9,29,22,4
2026-08-03,S03,P503,18,0,11,7,24,3
2026-08-03,S03,P504,12,0,8,4,16,4
2026-08-03,S03,P505,28,0,8,20,17,2
2026-08-03,S03,P601,37,0,9,28,18,1
2026-08-03,S03,P602,21,0,5,16,16,1
2026-08-03,S03,P603,18,0,5,13,13,4
2026-08-03,S03,P604,48,0,9,39,24,4
2026-08-03,S03,P605,37,0,9,28,19,4
2026-08-03,S03,P701,24,0,10,14,18,3
2026-08-03,S03,P702,27,0,7,20,17,4
2026-08-03,S03,P703,13,0,7,6,17,4
2026-08-03,S03,P704,76,57,12,64,26,1
2026-08-03,S03,P801,54,0,13,41,41,1
2026-08-03,S03,P802,38,0,14,24,36,3
2026-08-03,S03,P803,94,0,19,75,43,3
2026-08-03,S04,P101,72,0,50,22,95,4
2026-08-03,S04,P102,286,0,60,226,113,3
2026-08-03,S04,P103,118,0,41,77,105,4
2026-08-03,S04,P104,26,0,26,0,114,4
2026-08-03,S04,P105,196,0,67,129,145,3
2026-08-03,S04,P106,159,0,43,116,101,1
2026-08-03,S04,P201,137,0,48,89,96,1
2026-08-03,S04,P202,228,0,49,179,98,4
2026-08-03,S04,P203,263,0,57,206,99,3
2026-08-03,S04,P204,83,0,54,29,110,3
2026-08-03,S04,P205,62,0,15,47,27,4
2026-08-03,S04,P206,149,0,31,118,83,4
2026-08-03,S04,P207,216,0,50,166,114,4
2026-08-03,S04,P301,94,0,18,76,62,3
2026-08-03,S04,P302,106,0,40,66,85,1
2026-08-03,S04,P303,161,0,40,121,90,3
2026-08-03,S04,P304,71,0,33,38,79,2
2026-08-03,S04,P305,53,0,40,13,78,4
2026-08-03,S04,P306,244,0,36,208,127,3
2026-08-03,S04,P330,107,0,48,59,86,4
2026-08-03,S04,P401,251,194,23,228,73,1
2026-08-03,S04,P402,244,191,26,218,64,1
2026-08-03,S04,P403,62,0,16,46,44,1
2026-08-03,S04,P404,93,0,25,68,56,3
2026-08-03,S04,P405,55,0,15,40,53,2
2026-08-03,S04,P406,55,0,18,37,46,2
2026-08-03,S04,P407,47,0,16,31,57,3
2026-08-03,S04,P442,166,0,22,144,64,2
2026-08-03,S04,P501,51,0,14,37,29,2
2026-08-03,S04,P502,21,0,10,11,32,3
2026-08-03,S04,P503,51,0,12,39,34,2
2026-08-03,S04,P504,34,0,12,22,28,1
2026-08-03,S04,P505,69,50,10,59,25,1
2026-08-03,S04,P601,72,0,14,58,38,3
2026-08-03,S04,P602,54,0,9,45,30,1
2026-08-03,S04,P603,92,76,8,84,26,1
2026-08-03,S04,P604,72,0,15,57,25,1
2026-08-03,S04,P605,27,0,14,13,34,4
2026-08-03,S04,P701,45,0,18,27,41,2
2026-08-03,S04,P702,52,0,12,40,31,4
2026-08-03,S04,P703,100,0,19,81,45,3
2026-08-03,S04,P704,47,0,11,36,26,1
2026-08-03,S04,P801,133,0,34,104,64,3
2026-08-03,S04,P802,113,0,20,93,55,3
2026-08-03,S04,P803,54,0,18,36,38,3
2026-08-03,S05,P101,187,0,27,160,92,3
2026-08-03,S05,P102,65,0,22,43,72,3
2026-08-03,S05,P103,127,0,32,95,76,2
2026-08-03,S05,P104,117,0,16,101,56,1
2026-08-03,S05,P105,92,0,28,64,63,4
2026-08-03,S05,P106,163,0,34,129,69,3
2026-08-03,S05,P201,92,0,18,74,51,4
2026-08-03,S05,P202,93,0,32,61,69,3
2026-08-03,S05,P203,25,0,25,0,80,2
2026-08-03,S05,P204,85,0,24,61,60,2
2026-08-03,S05,P205,18,0,7,11,19,4
2026-08-03,S05,P206,48,0,20,28,50,2
2026-08-03,S05,P207,50,0,19,31,55,4
2026-08-03,S05,P301,115,0,19,96,63,2
2026-08-03,S05,P302,126,0,31,95,70,3
2026-08-03,S05,P303,38,0,26,12,73,3
2026-08-03,S05,P304,89,0,20,69,53,3
2026-08-03,S05,P305,88,0,11,77,45,2
2026-08-03,S05,P306,169,0,23,146,64,2
2026-08-03,S05,P330,68,0,19,49,49,1
2026-08-03,S05,P401,28,0,8,20,21,3
2026-08-03,S05,P402,30,0,11,19,30,3
2026-08-03,S05,P403,73,0,8,65,39,1
2026-08-03,S05,P404,24,0,8,16,21,3
2026-08-03,S05,P405,43,0,9,34,21,3
2026-08-03,S05,P406,50,0,10,40,31,1
2026-08-03,S05,P407,61,0,16,45,30,1
2026-08-03,S05,P442,57,0,21,36,53,3
2026-08-03,S05,P501,15,0,5,10,13,4
2026-08-03,S05,P502,13,0,5,8,14,3
2026-08-03,S05,P503,15,0,3,12,11,3
2026-08-03,S05,P504,34,0,12,22,24,1
2026-08-03,S05,P505,22,0,10,12,17,2
2026-08-03,S05,P601,31,0,6,25,13,2
2026-08-03,S05,P602,34,0,6,26,15,4
2026-08-03,S05,P603,31,0,12,19,19,1
2026-08-03,S05,P604,14,0,5,9,15,3
2026-08-03,S05,P605,22,0,4,18,11,2
2026-08-03,S05,P701,28,0,8,20,18,1
2026-08-03,S05,P702,43,0,10,33,25,1
2026-08-03,S05,P703,33,0,8,25,21,1
2026-08-03,S05,P704,40,0,6,34,25,1
2026-08-03,S05,P801,95,0,13,82,44,3
2026-08-03,S05,P802,51,0,12,39,32,3
2026-08-03,S05,P803,104,0,20,84,46,1
2026-08-03,S06,P101,165,0,43,122,86,4
2026-08-03,S06,P102,326,259,46,280,101,1
2026-08-03,S06,P103,142,0,75,67,142,2
2026-08-03,S06,P104,97,0,40,57,81,4
2026-08-03,S06,P105,224,0,43,181,98,4
2026-08-03,S06,P106,199,0,55,144,117,3
2026-08-03,S06,P201,175,0,33,142,88,1
2026-08-03,S06,P202,115,0,22,93,65,3
2026-08-03,S06,P203,96,0,23,73,60,2
2026-08-03,S06,P204,194,0,30,164,108,2
2026-08-03,S06,P205,21,0,10,11,29,4
2026-08-03,S06,P206,65,0,47,18,87,4
2026-08-03,S06,P207,59,0,23,41,73,3
2026-08-03,S06,P301,157,0,25,137,96,1
2026-08-03,S06,P302,165,0,21,144,76,1
2026-08-03,S06,P303,91,0,34,57,81,3
2026-08-03,S06,P304,93,0,28,65,72,2
2026-08-03,S06,P305,102,0,24,78,90,1
2026-08-03,S06,P306,88,0,33,55,82,3
2026-08-03,S06,P330,194,0,34,160,85,2
2026-08-03,S06,P401,70,0,17,53,48,1
2026-08-03,S06,P402,43,0,12,31,34,2
2026-08-03,S06,P403,66,0,14,52,42,2
2026-08-03,S06,P404,105,0,17,88,51,3
2026-08-03,S06,P405,116,0,20,96,60,4
2026-08-03,S06,P406,59,0,19,40,34,3
2026-08-03,S06,P407,53,0,12,41,41,3
2026-08-03,S06,P442,45,0,28,17,88,2
2026-08-03,S06,P501,19,0,10,9,25,3
2026-08-03,S06,P502,73,0,9,64,38,2
2026-08-03,S06,P503,72,0,15,57,34,2
2026-08-03,S06,P504,51,0,10,41,20,3
2026-08-03,S06,P505,59,0,16,43,27,3
2026-08-03,S06,P601,59,43,11,48,18,1
2026-08-03,S06,P602,61,0,12,47,33,2
2026-08-03,S06,P603,27,0,9,18,24,3
2026-08-03,S06,P604,61,52,6,55,19,1
2026-08-03,S06,P605,18,0,10,8,31,3
2026-08-03,S06,P701,54,0,8,46,20,1
2026-08-03,S06,P702,62,0,13,49,37,3
2026-08-03,S06,P703,73,0,13,60,32,1
2026-08-03,S06,P704,50,0,10,40,29,2
2026-08-03,S06,P801,77,0,33,44,53,1
2026-08-03,S06,P802,167,0,25,142,76,1
2026-08-03,S06,P803,122,0,21,101,53,4
2026-08-04,S01,P101,204,0,54,150,121,3
2026-08-04,S01,P102,120,0,45,75,98,2
2026-08-04,S01,P103,76,0,76,0,164,4
2026-08-04,S01,P104,369,369,54,315,143,3
2026-08-04,S01,P105,267,0,89,178,124,4
2026-08-04,S01,P106,121,0,72,49,126,3
2026-08-04,S01,P201,177,0,47,130,89,3
2026-08-04,S01,P202,498,377,56,442,150,1
2026-08-04,S01,P203,131,0,70,61,159,3
2026-08-04,S01,P204,207,0,56,151,117,3
2026-08-04,S01,P205,44,0,8,36,27,1
2026-08-04,S01,P206,54,0,44,10,92,3
2026-08-04,S01,P207,122,0,48,74,111,3
2026-08-04,S01,P301,211,0,69,142,139,2
2026-08-04,S01,P302,153,0,65,88,106,2
2026-08-04,S01,P303,157,0,47,110,109,3
2026-08-04,S01,P304,178,0,44,134,74,3
2026-08-04,S01,P305,150,0,44,106,76,2
2026-08-04,S01,P306,122,0,30,92,83,1
2026-08-04,S01,P330,5,0,5,3,93,4
2026-08-04,S01,P401,99,0,31,68,71,2
2026-08-04,S01,P402,34,0,19,15,46,2
2026-08-04,S01,P403,31,0,31,0,46,3
2026-08-04,S01,P404,75,0,22,53,61,4
2026-08-04,S01,P405,81,0,21,60,43,4
2026-08-04,S01,P406,16,0,16,0,71,4
2026-08-04,S01,P407,165,0,30,135,55,1
2026-08-04,S01,P442,53,0,53,0,132,3
2026-08-04,S01,P501,75,0,27,48,41,3
2026-08-04,S01,P502,38,0,11,27,28,1
2026-08-04,S01,P503,83,0,16,67,40,1
2026-08-04,S01,P504,56,0,15,41,30,3
2026-08-04,S01,P505,39,0,15,24,37,4
2026-08-04,S01,P601,42,0,13,29,32,2
2026-08-04,S01,P602,53,0,14,39,37,2
2026-08-04,S01,P603,19,0,17,2,36,4
2026-08-04,S01,P604,33,0,11,22,23,2
2026-08-04,S01,P605,56,0,14,42,33,1
2026-08-04,S01,P701,121,113,24,97,36,2
2026-08-04,S01,P702,75,0,25,50,53,4
2026-08-04,S01,P703,157,0,21,136,47,1
2026-08-04,S01,P704,60,0,14,46,33,3
2026-08-04,S01,P801,114,0,40,74,60,4
2026-08-04,S01,P802,160,0,60,100,90,2
2026-08-04,S01,P803,131,0,36,95,59,2
2026-08-04,S02,P101,83,0,83,0,333,3
2026-08-04,S02,P102,389,0,203,186,347,1
2026-08-04,S02,P103,379,0,142,237,334,1
2026-08-04,S02,P104,453,0,133,320,268,1
2026-08-04,S02,P105,0,0,0,0,300,3
2026-08-04,S02,P106,635,604,131,504,294,2
2026-08-04,S02,P201,775,589,102,673,283,1
2026-08-04,S02,P202,857,623,134,723,316,1
2026-08-04,S02,P203,466,0,115,351,255,1
2026-08-04,S02,P204,197,0,75,122,215,4
2026-08-04,S02,P205,391,345,47,344,116,2
2026-08-04,S02,P206,297,0,105,192,196,3
2026-08-04,S02,P207,467,0,154,313,307,1
2026-08-04,S02,P301,346,0,101,245,177,1
2026-08-04,S02,P302,534,0,171,363,326,2
2026-08-04,S02,P303,259,0,131,128,224,1
2026-08-04,S02,P304,873,674,180,693,325,1
2026-08-04,S02,P305,336,0,158,178,329,4
2026-08-04,S02,P306,67,0,67,0,214,4
2026-08-04,S02,P330,62,0,62,0,277,3
2026-08-04,S02,P401,74,0,65,9,111,3
2026-08-04,S02,P402,290,251,40,250,103,2
2026-08-04,S02,P403,161,0,56,105,114,4
2026-08-04,S02,P404,118,0,60,58,136,3
2026-08-04,S02,P405,193,0,66,125,164,3
2026-08-04,S02,P406,146,0,63,83,151,4
2026-08-04,S02,P407,272,0,85,187,189,2
2026-08-04,S02,P442,404,0,126,278,238,2
2026-08-04,S02,P501,176,0,35,141,80,4
2026-08-04,S02,P502,159,0,51,108,126,4
2026-08-04,S02,P503,46,0,46,0,106,3
2026-08-04,S02,P504,90,0,26,64,72,1
2026-08-04,S02,P505,148,0,42,106,73,4
2026-08-04,S02,P601,93,0,33,60,61,1
2026-08-04,S02,P602,261,0,47,214,99,1
2026-08-04,S02,P603,116,0,42,74,77,1
2026-08-04,S02,P604,122,0,33,89,84,4
2026-08-04,S02,P605,116,0,28,88,56,3
2026-08-04,S02,P701,144,0,39,105,101,2
2026-08-04,S02,P702,121,0,37,84,82,2
2026-08-04,S02,P703,66,0,32,34,78,2
2026-08-04,S02,P704,216,0,42,174,80,1
2026-08-04,S02,P801,270,0,44,226,134,3
2026-08-04,S02,P802,266,0,77,189,129,3
2026-08-04,S02,P803,133,0,71,62,194,2
2026-08-04,S03,P101,64,0,31,33,68,2
2026-08-04,S03,P102,247,209,48,199,93,2
2026-08-04,S03,P103,10,0,10,0,83,4
2026-08-04,S03,P104,214,0,34,180,63,1
2026-08-04,S03,P105,59,0,33,26,63,2
2026-08-04,S03,P106,113,0,54,59,84,4
2026-08-04,S03,P201,22,0,22,0,83,4
2026-08-04,S03,P202,33,0,33,0,75,4
2026-08-04,S03,P203,35,0,18,17,40,3
2026-08-04,S03,P204,258,257,56,202,89,2
2026-08-04,S03,P205,39,0,10,29,22,4
2026-08-04,S03,P206,49,0,26,23,67,4
2026-08-04,S03,P207,126,0,44,82,83,3
2026-08-04,S03,P301,76,0,19,57,59,1
2026-08-04,S03,P302,56,0,34,22,65,2
2026-08-04,S03,P303,140,0,44,96,86,3
2026-08-04,S03,P304,34,0,21,13,51,2
2026-08-04,S03,P305,191,0,24,167,81,1
2026-08-04,S03,P306,83,0,54,29,75,3
2026-08-04,S03,P330,232,0,25,207,66,1
2026-08-04,S03,P401,60,0,14,46,34,4
2026-08-04,S03,P402,43,0,14,29,33,4
2026-08-04,S03,P403,114,0,17,97,33,1
2026-08-04,S03,P404,43,0,13,30,23,2
2026-08-04,S03,P405,83,0,10,73,27,1
2026-08-04,S03,P406,13,0,10,3,35,3
2026-08-04,S03,P407,54,0,13,41,32,2
2026-08-04,S03,P442,98,0,35,63,72,1
2026-08-04,S03,P501,15,0,8,7,14,2
2026-08-04,S03,P502,29,0,7,22,22,4
2026-08-04,S03,P503,7,0,7,0,24,3
2026-08-04,S03,P504,4,0,4,0,16,4
2026-08-04,S03,P505,20,0,7,13,17,2
2026-08-04,S03,P601,28,0,8,20,18,1
2026-08-04,S03,P602,16,0,10,6,16,1
2026-08-04,S03,P603,13,0,5,8,13,4
2026-08-04,S03,P604,39,0,10,29,24,4
2026-08-04,S03,P605,28,0,8,20,19,4
2026-08-04,S03,P701,14,0,10,4,18,3
2026-08-04,S03,P702,20,0,13,7,17,4
2026-08-04,S03,P703,6,0,6,0,17,4
2026-08-04,S03,P704,64,0,14,46,26,1
2026-08-04,S03,P801,41,0,26,15,41,1
2026-08-04,S03,P802,24,0,24,0,36,3
2026-08-04,S03,P803,75,0,13,62,43,3
2026-08-04,S04,P101,22,0,22,0,95,4
2026-08-04,S04,P102,226,0,56,170,113,3
2026-08-04,S04,P103,77,0,42,35,105,4
2026-08-04,S04,P104,0,0,0,0,114,4
2026-08-04,S04,P105,129,0,57,72,145,3
2026-08-04,S04,P106,116,0,37,79,101,1
2026-08-04,S04,P201,340,251,41,299,96,1
2026-08-04,S04,P202,179,0,61,118,98,4
2026-08-04,S04,P203,206,0,50,156,99,3
2026-08-04,S04,P204,29,0,29,0,110,3
2026-08-04,S04,P205,47,0,9,38,27,4
2026-08-04,S04,P206,118,0,38,80,83,4
2026-08-04,S04,P207,166,0,62,104,114,4
2026-08-04,S04,P301,76,0,38,38,62,3
2026-08-04,S04,P302,239,173,42,197,85,1
2026-08-04,S04,P303,121,0,66,55,90,3
2026-08-04,S04,P304,198,160,38,163,79,2
2026-08-04,S04,P305,13,0,13,0,78,4
2026-08-04,S04,P306,208,0,53,155,127,3
2026-08-04,S04,P330,59,0,29,30,86,4
2026-08-04,S04,P401,228,0,26,202,73,1
2026-08-04,S04,P402,218,0,27,191,64,1
2026-08-04,S04,P403,46,0,16,30,44,1
2026-08-04,S04,P404,68,0,25,43,56,3
2026-08-04,S04,P405,40,0,23,17,53,2
2026-08-04,S04,P406,37,0,25,12,46,2
2026-08-04,S04,P407,31,0,26,5,57,3
2026-08-04,S04,P442,144,0,30,114,64,2
2026-08-04,S04,P501,37,0,13,24,29,2
2026-08-04,S04,P502,11,0,11,0,32,3
2026-08-04,S04,P503,39,0,15,24,34,2
2026-08-04,S04,P504,75,53,13,62,28,1
2026-08-04,S04,P505,59,0,9,50,25,1
2026-08-04,S04,P601,58,0,18,40,38,3
2026-08-04,S04,P602,45,0,15,30,30,1
2026-08-04,S04,P603,84,0,12,72,26,1
2026-08-04,S04,P604,57,0,16,41,25,1
2026-08-04,S04,P605,13,0,13,0,34,4
2026-08-04,S04,P701,27,0,16,11,41,2
2026-08-04,S04,P702,40,0,11,29,31,4
2026-08-04,S04,P703,81,0,24,57,45,3
2026-08-04,S04,P704,36,0,14,22,26,1
2026-08-04,S04,P801,99,0,26,73,64,3
2026-08-04,S04,P802,93,0,28,65,55,3
2026-08-04,S04,P803,36,0,17,19,38,3
2026-08-04,S05,P101,160,0,48,112,92,3
2026-08-04,S05,P102,43,0,26,17,72,3
2026-08-04,S05,P103,95,0,23,72,76,2
2026-08-04,S05,P104,101,0,34,67,56,1
2026-08-04,S05,P105,64,0,28,36,63,4
2026-08-04,S05,P106,129,0,30,99,69,3
2026-08-04,S05,P201,74,0,36,38,51,4
2026-08-04,S05,P202,61,0,39,22,69,3
2026-08-04,S05,P203,142,142,47,95,80,2
2026-08-04,S05,P204,61,0,24,37,60,2
2026-08-04,S05,P205,11,0,8,3,19,4
2026-08-04,S05,P206,135,107,25,110,50,2
2026-08-04,S05,P207,31,0,25,6,55,4
2026-08-04,S05,P301,96,0,23,73,63,2
2026-08-04,S05,P302,95,0,30,65,70,3
2026-08-04,S05,P303,12,0,12,0,73,3
2026-08-04,S05,P304,69,0,24,45,53,3
2026-08-04,S05,P305,77,0,17,60,45,2
2026-08-04,S05,P306,146,0,34,112,64,2
2026-08-04,S05,P330,49,0,19,30,49,1
2026-08-04,S05,P401,20,0,13,7,21,3
2026-08-04,S05,P402,19,0,15,4,30,3
2026-08-04,S05,P403,65,0,17,48,39,1
2026-08-04,S05,P404,16,0,10,6,21,3
2026-08-04,S05,P405,34,0,14,20,21,3
2026-08-04,S05,P406,40,0,13,27,31,1
2026-08-04,S05,P407,45,0,14,31,30,1
2026-08-04,S05,P442,36,0,16,20,53,3
2026-08-04,S05,P501,10,0,7,3,13,4
2026-08-04,S05,P502,8,0,8,0,14,3
2026-08-04,S05,P503,12,0,8,4,11,3
2026-08-04,S05,P504,74,52,9,65,24,1
2026-08-04,S05,P505,12,0,9,1,17,2
2026-08-04,S05,P601,25,0,6,19,13,2
2026-08-04,S05,P602,28,0,6,22,15,4
2026-08-04,S05,P603,19,0,9,10,19,1
2026-08-04,S05,P604,9,0,7,2,15,3
2026-08-04,S05,P605,18,0,5,13,11,2
2026-08-04,S05,P701,20,0,10,10,18,1
2026-08-04,S05,P702,33,0,13,20,25,1
2026-08-04,S05,P703,25,0,12,13,21,1
2026-08-04,S05,P704,34,0,9,25,25,1
2026-08-04,S05,P801,82,0,29,53,44,3
2026-08-04,S05,P802,39,0,11,28,32,3
2026-08-04,S05,P803,84,0,23,61,46,1
2026-08-04,S06,P101,122,0,33,89,86,4
2026-08-04,S06,P102,280,0,59,221,101,1
2026-08-04,S06,P103,67,0,49,18,142,2
2026-08-04,S06,P104,57,0,38,19,81,4
2026-08-04,S06,P105,181,0,70,111,98,4
2026-08-04,S06,P106,144,0,47,97,117,3
2026-08-04,S06,P201,142,0,39,103,88,1
2026-08-04,S06,P202,93,0,27,66,65,3
2026-08-04,S06,P203,73,0,30,43,60,2
2026-08-04,S06,P204,164,0,49,115,108,2
2026-08-04,S06,P205,11,0,11,0,29,4
2026-08-04,S06,P206,18,0,18,0,87,4
2026-08-04,S06,P207,36,0,36,0,73,3
2026-08-04,S06,P301,132,0,39,93,96,1
2026-08-04,S06,P302,144,0,35,109,76,1
2026-08-04,S06,P303,57,0,28,29,81,3
2026-08-04,S06,P304,65,0,26,39,72,2
2026-08-04,S06,P305,307,229,42,265,90,1
2026-08-04,S06,P306,55,0,40,15,82,3
2026-08-04,S06,P330,160,0,54,106,85,2
2026-08-04,S06,P401,53,0,19,34,48,1
2026-08-04,S06,P402,31,0,14,17,34,2
2026-08-04,S06,P403,52,0,19,33,42,2
2026-08-04,S06,P404,88,0,21,67,51,3
2026-08-04,S06,P405,96,0,25,71,60,4
2026-08-04,S06,P406,40,0,15,25,34,3
2026-08-04,S06,P407,41,0,17,24,41,3
2026-08-04,S06,P442,178,161,40,138,88,2
2026-08-04,S06,P501,9,0,9,0,25,3
2026-08-04,S06,P502,64,0,13,51,38,2
2026-08-04,S06,P503,57,0,18,39,34,2
2026-08-04,S06,P504,41,0,8,33,20,3
2026-08-04,S06,P505,43,0,16,27,27,3
2026-08-04,S06,P601,48,0,13,35,18,1
2026-08-04,S06,P602,49,0,15,34,33,2
2026-08-04,S06,P603,18,0,11,7,24,3
2026-08-04,S06,P604,55,0,11,44,19,1
2026-08-04,S06,P605,8,0,8,0,31,3
2026-08-04,S06,P701,46,0,8,38,20,1
2026-08-04,S06,P702,49,0,18,31,37,3
2026-08-04,S06,P703,60,0,19,39,32,1
2026-08-04,S06,P704,40,0,11,29,29,2
2026-08-04,S06,P801,173,129,22,151,53,1
2026-08-04,S06,P802,142,0,39,103,76,1
2026-08-04,S06,P803,101,0,25,76,53,4
2026-08-05,S01,P101,150,0,62,88,121,3
2026-08-05,S01,P102,75,0,50,25,98,2
2026-08-05,S01,P103,0,0,0,0,164,4
2026-08-05,S01,P104,315,0,47,268,143,3
2026-08-05,S01,P105,178,0,49,129,124,4
2026-08-05,S01,P106,49,0,49,0,126,3
2026-08-05,S01,P201,130,0,25,105,89,3
2026-08-05,S01,P202,442,0,61,381,150,1
2026-08-05,S01,P203,61,0,61,0,159,3
2026-08-05,S01,P204,151,0,58,93,117,3
2026-08-05,S01,P205,36,0,11,25,27,1
2026-08-05,S01,P206,279,269,41,238,92,3
2026-08-05,S01,P207,74,0,58,16,111,3
2026-08-05,S01,P301,142,0,59,88,139,2
2026-08-05,S01,P302,88,0,56,32,106,2
2026-08-05,S01,P303,110,0,62,48,109,3
2026-08-05,S01,P304,134,0,44,90,74,3
2026-08-05,S01,P305,106,0,36,70,76,2
2026-08-05,S01,P306,92,0,34,58,83,1
2026-08-05,S01,P330,0,0,0,0,93,4
2026-08-05,S01,P401,68,0,23,45,71,2
2026-08-05,S01,P402,141,126,24,117,46,2
2026-08-05,S01,P403,0,0,0,0,46,3
2026-08-05,S01,P404,53,0,30,23,61,4
2026-08-05,S01,P405,60,0,17,43,43,4
2026-08-05,S01,P406,0,0,0,0,71,4
2026-08-05,S01,P407,135,0,35,100,55,1
2026-08-05,S01,P442,353,353,44,309,132,3
2026-08-05,S01,P501,48,0,14,34,41,3
2026-08-05,S01,P502,95,68,16,79,28,1
2026-08-05,S01,P503,67,0,17,50,40,1
2026-08-05,S01,P504,41,0,20,21,30,3
2026-08-05,S01,P505,24,0,19,5,37,4
2026-08-05,S01,P601,29,0,13,16,32,2
2026-08-05,S01,P602,39,0,18,21,37,2
2026-08-05,S01,P603,2,0,2,0,36,4
2026-08-05,S01,P604,22,0,10,12,23,2
2026-08-05,S01,P605,42,0,17,25,33,1
2026-08-05,S01,P701,97,0,13,84,36,2
2026-08-05,S01,P702,50,0,22,28,53,4
2026-08-05,S01,P703,136,0,19,117,47,1
2026-08-05,S01,P704,46,0,14,32,33,3
2026-08-05,S01,P801,74,0,27,47,60,4
2026-08-05,S01,P802,100,0,51,49,90,2
2026-08-05,S01,P803,95,0,33,62,59,2
2026-08-05,S02,P101,857,857,183,674,333,3
2026-08-05,S02,P102,948,762,148,800,347,1
2026-08-05,S02,P103,945,708,152,793,334,1
2026-08-05,S02,P104,320,0,85,235,268,1
2026-08-05,S02,P105,627,627,190,437,300,3
2026-08-05,S02,P106,504,0,200,304,294,2
2026-08-05,S02,P201,673,0,129,544,283,1
2026-08-05,S02,P202,723,0,141,582,316,1
2026-08-05,S02,P203,351,0,171,180,255,1
2026-08-05,S02,P204,122,0,86,36,215,4
2026-08-05,S02,P205,344,0,38,306,116,2
2026-08-05,S02,P206,192,0,117,75,196,3
2026-08-05,S02,P207,313,0,234,79,307,1
2026-08-05,S02,P301,245,0,114,131,177,1
2026-08-05,S02,P302,363,0,163,200,326,2
2026-08-05,S02,P303,746,618,102,644,224,1
2026-08-05,S02,P304,693,0,128,565,325,1
2026-08-05,S02,P305,178,0,178,0,329,4
2026-08-05,S02,P306,0,0,0,0,214,4
2026-08-05,S02,P330,903,903,163,740,277,3
2026-08-05,S02,P401,9,0,9,0,111,3
2026-08-05,S02,P402,250,0,38,212,103,2
2026-08-05,S02,P403,105,0,46,59,114,4
2026-08-05,S02,P404,58,0,58,0,136,3
2026-08-05,S02,P405,127,0,77,50,164,3
2026-08-05,S02,P406,83,0,83,0,151,4
2026-08-05,S02,P407,187,0,81,106,189,2
2026-08-05,S02,P442,278,0,90,188,238,2
2026-08-05,S02,P501,141,0,33,108,80,4
2026-08-05,S02,P502,108,0,53,55,126,4
2026-08-05,S02,P503,246,246,67,179,106,3
2026-08-05,S02,P504,246,182,28,218,72,1
2026-08-05,S02,P505,106,0,33,73,73,4
2026-08-05,S02,P601,189,129,36,153,61,1
2026-08-05,S02,P602,214,0,28,186,99,1
2026-08-05,S02,P603,305,231,45,260,77,1
2026-08-05,S02,P604,89,0,41,48,84,4
2026-08-05,S02,P605,88,0,28,60,56,3
2026-08-05,S02,P701,105,0,34,71,101,2
2026-08-05,S02,P702,84,0,46,38,82,2
2026-08-05,S02,P703,255,221,45,210,78,2
2026-08-05,S02,P704,174,0,52,122,80,1
2026-08-05,S02,P801,226,0,78,148,134,3
2026-08-05,S02,P802,189,0,65,124,129,3
2026-08-05,S02,P803,525,463,79,446,194,2
2026-08-05,S03,P101,208,175,25,183,68,2
2026-08-05,S03,P102,199,0,44,155,93,2
2026-08-05,S03,P103,0,0,0,0,83,4
2026-08-05,S03,P104,180,0,31,149,63,1
2026-08-05,S03,P105,207,181,26,181,63,2
2026-08-05,S03,P106,59,0,29,30,84,4
2026-08-05,S03,P201,0,0,0,0,83,4
2026-08-05,S03,P202,0,0,0,0,75,4
2026-08-05,S03,P203,17,0,17,0,40,3
2026-08-05,S03,P204,202,0,39,163,89,2
2026-08-05,S03,P205,29,0,6,23,22,4
2026-08-05,S03,P206,23,0,23,0,67,4
2026-08-05,S03,P207,82,0,35,47,83,3
2026-08-05,S03,P301,217,160,23,194,59,1
2026-08-05,S03,P302,139,117,30,109,65,2
2026-08-05,S03,P303,96,0,38,58,86,3
2026-08-05,S03,P304,156,143,21,135,51,2
2026-08-05,S03,P305,167,0,37,130,81,1
2026-08-05,S03,P306,29,0,29,0,75,3
2026-08-05,S03,P330,207,0,32,175,66,1
2026-08-05,S03,P401,46,0,17,29,34,4
2026-08-05,S03,P402,29,0,11,18,33,4
2026-08-05,S03,P403,97,0,23,74,33,1
2026-08-05,S03,P404,30,0,10,20,23,2
2026-08-05,S03,P405,73,0,12,61,27,1
2026-08-05,S03,P406,63,60,17,46,35,3
2026-08-05,S03,P407,41,0,22,19,32,2
2026-08-05,S03,P442,218,155,32,186,72,1
2026-08-05,S03,P501,7,0,7,0,14,2
2026-08-05,S03,P502,22,0,7,15,22,4
2026-08-05,S03,P503,40,40,8,32,24,3
2026-08-05,S03,P504,0,0,0,0,16,4
2026-08-05,S03,P505,13,0,8,5,17,2
2026-08-05,S03,P601,20,0,10,10,18,1
2026-08-05,S03,P602,46,40,7,39,16,1
2026-08-05,S03,P603,8,0,5,3,13,4
2026-08-05,S03,P604,29,0,14,15,24,4
2026-08-05,S03,P605,20,0,11,9,19,4
2026-08-05,S03,P701,4,0,4,0,18,3
2026-08-05,S03,P702,7,0,7,0,17,4
2026-08-05,S03,P703,0,0,0,0,17,4
2026-08-05,S03,P704,50,0,12,38,26,1
2026-08-05,S03,P801,108,93,23,85,41,1
2026-08-05,S03,P802,0,0,0,0,36,3
2026-08-05,S03,P803,62,0,16,46,43,3
2026-08-05,S04,P101,0,0,0,0,95,4
2026-08-05,S04,P102,170,0,53,117,113,3
2026-08-05,S04,P103,35,0,35,0,105,4
2026-08-05,S04,P104,295,295,55,240,114,4
2026-08-05,S04,P105,72,0,60,12,145,3
2026-08-05,S04,P106,335,256,27,308,101,1
2026-08-05,S04,P201,299,0,41,258,96,1
2026-08-05,S04,P202,118,0,51,67,98,4
2026-08-05,S04,P203,156,0,49,107,99,3
2026-08-05,S04,P204,279,279,70,209,110,3
2026-08-05,S04,P205,38,0,13,25,27,4
2026-08-05,S04,P206,80,0,38,42,83,4
2026-08-05,S04,P207,104,0,45,59,114,4
2026-08-05,S04,P301,38,0,38,0,62,3
2026-08-05,S04,P302,197,0,31,166,85,1
2026-08-05,S04,P303,55,0,52,3,90,3
2026-08-05,S04,P304,160,0,45,115,79,2
2026-08-05,S04,P305,0,0,0,0,78,4
2026-08-05,S04,P306,155,0,58,97,127,3
2026-08-05,S04,P330,30,0,30,0,86,4
2026-08-05,S04,P401,202,0,26,176,73,1
2026-08-05,S04,P402,191,0,25,166,64,1
2026-08-05,S04,P403,148,118,16,132,44,1
2026-08-05,S04,P404,43,0,24,19,56,3
2026-08-05,S04,P405,164,147,18,146,53,2
2026-08-05,S04,P406,131,119,20,111,46,2
2026-08-05,S04,P407,117,112,28,89,57,3
2026-08-05,S04,P442,114,0,38,76,64,2
2026-08-05,S04,P501,24,0,21,3,29,2
2026-08-05,S04,P502,88,88,15,73,32,3
2026-08-05,S04,P503,24,0,11,13,34,2
2026-08-05,S04,P504,62,0,13,49,28,1
2026-08-05,S04,P505,50,0,13,37,25,1
2026-08-05,S04,P601,40,0,21,19,38,3
2026-08-05,S04,P602,30,0,12,18,30,1
2026-08-05,S04,P603,72,0,12,60,26,1
2026-08-05,S04,P604,41,0,13,28,25,1
2026-08-05,S04,P605,0,0,0,3,34,4
2026-08-05,S04,P701,134,123,18,116,41,2
2026-08-05,S04,P702,29,0,14,15,31,4
2026-08-05,S04,P703,57,0,16,41,45,3
2026-08-05,S04,P704,78,56,16,62,26,1
2026-08-05,S04,P801,73,0,30,43,64,3
2026-08-05,S04,P802,65,0,30,35,55,3
2026-08-05,S04,P803,19,0,19,0,38,3
2026-08-05,S05,P101,112,0,47,65,92,3
2026-08-05,S05,P102,147,130,36,111,72,3
2026-08-05,S05,P103,72,0,31,41,76,2
2026-08-05,S05,P104,67,0,34,33,56,1
2026-08-05,S05,P105,36,0,36,0,63,4
2026-08-05,S05,P106,99,0,32,67,69,3
2026-08-05,S05,P201,38,0,38,0,51,4
2026-08-05,S05,P202,22,0,22,0,69,3
2026-08-05,S05,P203,95,0,43,52,80,2
2026-08-05,S05,P204,37,0,33,4,60,2
2026-08-05,S05,P205,3,0,3,0,19,4
2026-08-05,S05,P206,110,0,23,87,50,2
2026-08-05,S05,P207,6,0,6,0,55,4
2026-08-05,S05,P301,73,0,18,55,63,2
2026-08-05,S05,P302,65,0,39,26,70,3
2026-08-05,S05,P303,121,121,42,79,73,3
2026-08-05,S05,P304,45,0,24,21,53,3
2026-08-05,S05,P305,60,0,16,44,45,2
2026-08-05,S05,P306,112,0,35,77,64,2
2026-08-05,S05,P330,200,170,28,172,49,1
2026-08-05,S05,P401,7,0,7,0,21,3
2026-08-05,S05,P402,4,0,4,0,30,3
2026-08-05,S05,P403,48,0,15,33,39,1
2026-08-05,S05,P404,6,0,6,0,21,3
2026-08-05,S05,P405,20,0,10,10,21,3
2026-08-05,S05,P406,104,77,11,93,31,1
2026-08-05,S05,P407,31,0,19,12,30,1
2026-08-05,S05,P442,20,0,20,0,53,3
2026-08-05,S05,P501,3,0,3,0,13,4
2026-08-05,S05,P502,46,46,8,38,14,3
2026-08-05,S05,P503,4,0,4,0,11,3
2026-08-05,S05,P504,65,0,11,54,24,1
2026-08-05,S05,P505,48,45,8,40,17,2
2026-08-05,S05,P601,19,0,8,11,13,2
2026-08-05,S05,P602,22,0,10,15,15,4
2026-08-05,S05,P603,72,62,14,58,19,1
2026-08-05,S05,P604,41,39,7,34,15,3
2026-08-05,S05,P605,13,0,6,7,11,2
2026-08-05,S05,P701,79,69,10,69,18,1
2026-08-05,S05,P702,75,55,11,64,25,1
2026-08-05,S05,P703,73,60,11,62,21,1
2026-08-05,S05,P704,25,0,14,11,25,1
2026-08-05,S05,P801,53,0,21,32,44,3
2026-08-05,S05,P802,28,0,15,13,32,3
2026-08-05,S05,P803,61,0,18,43,46,1
2026-08-05,S06,P101,89,0,41,48,86,4
2026-08-05,S06,P102,221,0,51,170,101,1
2026-08-05,S06,P103,319,301,56,263,142,2
2026-08-05,S06,P104,19,0,19,0,81,4
2026-08-05,S06,P105,111,0,55,56,98,4
2026-08-05,S06,P106,97,0,61,36,117,3
2026-08-05,S06,P201,103,0,47,56,88,1
2026-08-05,S06,P202,66,0,24,42,65,3
2026-08-05,S06,P203,43,0,20,23,60,2
2026-08-05,S06,P204,115,0,48,67,108,2
2026-08-05,S06,P205,0,0,0,0,29,4
2026-08-05,S06,P206,0,0,0,0,87,4
2026-08-05,S06,P207,162,162,53,109,73,3
2026-08-05,S06,P301,322,229,44,278,96,1
2026-08-05,S06,P302,109,0,50,59,76,1
2026-08-05,S06,P303,29,0,29,0,81,3
2026-08-05,S06,P304,199,160,26,173,72,2
2026-08-05,S06,P305,265,0,50,215,90,1
2026-08-05,S06,P306,15,0,15,0,82,3
2026-08-05,S06,P330,106,0,37,69,85,2
2026-08-05,S06,P401,174,140,29,145,48,1
2026-08-05,S06,P402,107,90,16,91,34,2
2026-08-05,S06,P403,33,0,21,12,42,2
2026-08-05,S06,P404,67,0,24,43,51,3
2026-08-05,S06,P405,71,0,35,36,60,4
2026-08-05,S06,P406,25,0,20,5,34,3
2026-08-05,S06,P407,24,0,13,11,41,3
2026-08-05,S06,P442,138,0,43,95,88,2
2026-08-05,S06,P501,57,57,12,45,25,3
2026-08-05,S06,P502,51,0,16,35,38,2
2026-08-05,S06,P503,39,0,15,24,34,2
2026-08-05,S06,P504,33,0,9,24,20,3
2026-08-05,S06,P505,27,0,16,11,27,3
2026-08-05,S06,P601,35,0,11,24,18,1
2026-08-05,S06,P602,34,0,14,20,33,2
2026-08-05,S06,P603,7,0,7,0,24,3
2026-08-05,S06,P604,44,0,9,35,19,1
2026-08-05,S06,P605,78,78,18,60,31,3
2026-08-05,S06,P701,38,0,10,28,20,1
2026-08-05,S06,P702,31,0,11,20,37,3
2026-08-05,S06,P703,41,0,14,27,32,1
2026-08-05,S06,P704,29,0,9,20,29,2
2026-08-05,S06,P801,151,0,22,129,53,1
2026-08-05,S06,P802,103,0,44,59,76,1
2026-08-05,S06,P803,76,0,20,56,53,4
2026-08-06,S01,P101,88,0,57,31,121,3
2026-08-06,S01,P102,293,268,46,247,98,2
2026-08-06,S01,P103,379,379,85,294,164,4
2026-08-06,S01,P104,268,0,76,192,143,3
2026-08-06,S01,P105,129,0,67,62,124,4
2026-08-06,S01,P106,263,263,47,216,126,3
2026-08-06,S01,P201,105,0,38,67,89,3
2026-08-06,S01,P202,381,0,65,316,150,1
2026-08-06,S01,P203,374,374,59,315,159,3
2026-08-06,S01,P204,93,0,37,54,117,3
2026-08-06,S01,P205,98,73,13,85,27,1
2026-08-06,S01,P206,238,0,47,191,92,3
2026-08-06,S01,P207,16,0,16,0,111,3
2026-08-06,S01,P301,83,0,66,17,139,2
2026-08-06,S01,P302,270,238,55,215,106,2
2026-08-06,S01,P303,48,0,48,0,109,3
2026-08-06,S01,P304,90,0,36,54,74,3
2026-08-06,S01,P305,70,0,51,19,76,2
2026-08-06,S01,P306,214,156,31,183,83,1
2026-08-06,S01,P330,244,244,47,197,93,4
2026-08-06,S01,P401,224,179,31,193,71,2
2026-08-06,S01,P402,117,0,22,95,46,2
2026-08-06,S01,P403,110,110,21,89,46,3
2026-08-06,S01,P404,23,0,23,0,61,4
2026-08-06,S01,P405,43,0,17,26,43,4
2026-08-06,S01,P406,145,145,33,112,71,4
2026-08-06,S01,P407,100,0,34,66,55,1
2026-08-06,S01,P442,309,0,59,250,132,3
2026-08-06,S01,P501,34,0,25,9,41,3
2026-08-06,S01,P502,79,0,10,69,28,1
2026-08-06,S01,P503,50,0,17,33,40,1
2026-08-06,S01,P504,21,0,13,8,30,3
2026-08-06,S01,P505,5,0,5,0,37,4
2026-08-06,S01,P601,117,101,11,106,32,2
2026-08-06,S01,P602,21,0,20,1,37,2
2026-08-06,S01,P603,82,82,13,69,36,4
2026-08-06,S01,P604,64,52,11,53,23,2
2026-08-06,S01,P605,111,86,19,92,33,1
2026-08-06,S01,P701,84,0,25,59,36,2
2026-08-06,S01,P702,28,0,19,9,53,4
2026-08-06,S01,P703,117,0,36,81,47,1
2026-08-06,S01,P704,32,0,14,18,33,3
2026-08-06,S01,P801,47,0,26,21,60,4
2026-08-06,S01,P802,49,0,40,9,90,2
2026-08-06,S01,P803,62,0,32,30,59,2
2026-08-06,S02,P101,674,0,228,446,333,3
2026-08-06,S02,P102,800,0,191,609,347,1
2026-08-06,S02,P103,793,0,139,654,334,1
2026-08-06,S02,P104,877,642,151,726,268,1
2026-08-06,S02,P105,437,0,174,263,300,3
2026-08-06,S02,P106,304,0,149,155,294,2
2026-08-06,S02,P201,544,0,124,420,283,1
2026-08-06,S02,P202,582,0,167,415,316,1
2026-08-06,S02,P203,934,754,192,742,255,1
2026-08-06,S02,P204,36,0,36,0,215,4
2026-08-06,S02,P205,306,0,52,254,116,2
2026-08-06,S02,P206,75,0,75,0,196,3
2026-08-06,S02,P207,616,537,142,474,307,1
2026-08-06,S02,P301,743,612,103,640,177,1
2026-08-06,S02,P302,200,0,125,75,326,2
2026-08-06,S02,P303,644,0,116,528,224,1
2026-08-06,S02,P304,565,0,219,346,325,1
2026-08-06,S02,P305,0,0,0,0,329,4
2026-08-06,S02,P306,689,689,144,545,214,4
2026-08-06,S02,P330,740,0,183,557,277,3
2026-08-06,S02,P401,402,402,66,336,111,3
2026-08-06,S02,P402,212,0,43,169,103,2
2026-08-06,S02,P403,59,0,59,0,114,4
2026-08-06,S02,P404,339,339,68,271,136,3
2026-08-06,S02,P405,50,0,50,0,164,3
2026-08-06,S02,P406,0,0,0,0,151,4
2026-08-06,S02,P407,483,377,74,409,189,2
2026-08-06,S02,P442,188,0,128,60,238,2
2026-08-06,S02,P501,108,0,46,62,80,4
2026-08-06,S02,P502,55,0,55,0,126,4
2026-08-06,S02,P503,179,0,39,140,106,3
2026-08-06,S02,P504,218,0,41,177,72,1
2026-08-06,S02,P505,73,0,31,42,73,4
2026-08-06,S02,P601,153,0,34,119,61,1
2026-08-06,S02,P602,186,0,44,142,99,1
2026-08-06,S02,P603,260,0,48,212,77,1
2026-08-06,S02,P604,48,0,48,0,84,4
2026-08-06,S02,P605,60,0,36,24,56,3
2026-08-06,S02,P701,71,0,45,26,101,2
2026-08-06,S02,P702,38,0,36,2,82,2
2026-08-06,S02,P703,210,0,40,170,78,2
2026-08-06,S02,P704,122,0,51,71,80,1
2026-08-06,S02,P801,148,0,53,95,134,3
2026-08-06,S02,P802,124,0,64,60,129,3
2026-08-06,S02,P803,446,0,74,372,194,2
2026-08-06,S03,P101,183,0,45,138,68,2
2026-08-06,S03,P102,155,0,39,116,93,2
2026-08-06,S03,P103,177,177,48,129,83,4
2026-08-06,S03,P104,149,0,26,123,63,1
2026-08-06,S03,P105,181,0,53,128,63,2
2026-08-06,S03,P106,30,0,30,0,84,4
2026-08-06,S03,P201,237,237,53,184,83,4
2026-08-06,S03,P202,218,218,35,183,75,4
2026-08-06,S03,P203,110,110,26,84,40,3
2026-08-06,S03,P204,163,0,40,123,89,2
2026-08-06,S03,P205,23,0,9,14,22,4
2026-08-06,S03,P206,0,0,0,0,67,4
2026-08-06,S03,P207,47,0,47,0,83,3
2026-08-06,S03,P301,194,0,27,167,59,1
2026-08-06,S03,P302,109,0,36,73,65,2
2026-08-06,S03,P303,58,0,29,29,86,3
2026-08-06,S03,P304,135,0,23,112,51,2
2026-08-06,S03,P305,130,0,29,101,81,1
2026-08-06,S03,P306,0,0,0,0,75,3
2026-08-06,S03,P330,175,0,34,141,66,1
2026-08-06,S03,P401,29,0,11,18,34,4
2026-08-06,S03,P402,18,0,15,3,33,4
2026-08-06,S03,P403,74,0,16,58,33,1
2026-08-06,S03,P404,20,0,10,10,23,2
2026-08-06,S03,P405,61,0,12,49,27,1
2026-08-06,S03,P406,46,0,13,33,35,3
2026-08-06,S03,P407,19,0,15,4,32,2
2026-08-06,S03,P442,186,0,22,164,72,1
2026-08-06,S03,P501,34,34,6,28,14,2
2026-08-06,S03,P502,15,0,13,2,22,4
2026-08-06,S03,P503,32,0,8,24,24,3
2026-08-06,S03,P504,39,39,7,32,16,4
2026-08-06,S03,P505,37,32,6,31,17,2
2026-08-06,S03,P601,47,37,7,40,18,1
2026-08-06,S03,P602,39,0,8,31,16,1
2026-08-06,S03,P603,3,0,3,0,13,4
2026-08-06,S03,P604,15,0,8,7,24,4
2026-08-06,S03,P605,9,0,9,0,19,4
2026-08-06,S03,P701,51,51,10,41,18,3
2026-08-06,S03,P702,0,0,0,0,17,4
2026-08-06,S03,P703,34,34,12,22,17,4
2026-08-06,S03,P704,38,0,20,18,26,1
2026-08-06,S03,P801,85,0,23,62,41,1
2026-08-06,S03,P802,128,128,20,108,36,3
2026-08-06,S03,P803,46,0,17,29,43,3
2026-08-06,S04,P101,195,195,45,150,95,4
2026-08-06,S04,P102,117,0,52,65,113,3
2026-08-06,S04,P103,0,0,0,0,105,4
2026-08-06,S04,P104,240,0,61,179,114,4
2026-08-06,S04,P105,302,290,65,237,145,3
2026-08-06,S04,P106,308,0,35,273,101,1
2026-08-06,S04,P201,258,0,49,209,96,1
2026-08-06,S04,P202,67,0,50,15,98,4
2026-08-06,S04,P203,107,0,42,65,99,3
2026-08-06,S04,P204,209,0,60,149,110,3
2026-08-06,S04,P205,25,0,14,11,27,4
2026-08-06,S04,P206,42,0,40,2,83,4
2026-08-06,S04,P207,59,0,59,0,114,4
2026-08-06,S04,P301,0,0,0,0,62,3
2026-08-06,S04,P302,166,0,39,127,85,1
2026-08-06,S04,P303,3,0,3,0,90,3
2026-08-06,S04,P304,115,0,35,80,79,2
2026-08-06,S04,P305,175,175,50,125,78,4
2026-08-06,S04,P306,97,0,69,28,127,3
2026-08-06,S04,P330,0,0,0,0,86,4
2026-08-06,S04,P401,176,0,22,154,73,1
2026-08-06,S04,P402,166,0,29,137,64,1
2026-08-06,S04,P403,132,0,20,112,44,1
2026-08-06,S04,P404,19,0,19,0,56,3
2026-08-06,S04,P405,146,0,19,127,53,2
2026-08-06,S04,P406,111,0,23,88,46,2
2026-08-06,S04,P407,89,0,33,56,57,3
2026-08-06,S04,P442,76,0,29,47,64,2
2026-08-06,S04,P501,90,87,16,74,29,2
2026-08-06,S04,P502,73,0,10,63,32,3
2026-08-06,S04,P503,85,72,17,68,34,2
2026-08-06,S04,P504,49,0,16,33,28,1
2026-08-06,S04,P505,37,0,14,23,25,1
2026-08-06,S04,P601,19,0,16,3,38,3
2026-08-06,S04,P602,78,60,10,68,30,1
2026-08-06,S04,P603,60,0,10,50,26,1
2026-08-06,S04,P604,28,0,17,11,25,1
2026-08-06,S04,P605,74,74,11,63,34,4
2026-08-06,S04,P701,116,0,24,92,41,2
2026-08-06,S04,P702,15,0,12,3,31,4
2026-08-06,S04,P703,41,0,20,21,45,3
2026-08-06,S04,P704,62,0,16,46,26,1
2026-08-06,S04,P801,43,0,32,11,64,3
2026-08-06,S04,P802,35,0,29,6,55,3
2026-08-06,S04,P803,120,120,26,94,38,3
2026-08-06,S05,P101,65,0,45,20,92,3
2026-08-06,S05,P102,111,0,26,85,72,3
2026-08-06,S05,P103,234,193,41,193,76,2
2026-08-06,S05,P104,148,115,38,110,56,1
2026-08-06,S05,P105,0,0,0,0,63,4
2026-08-06,S05,P106,67,0,29,38,69,3
2026-08-06,S05,P201,0,0,0,0,51,4
2026-08-06,S05,P202,133,133,37,96,69,3
2026-08-06,S05,P203,52,0,39,13,80,2
2026-08-06,S05,P204,148,144,28,120,60,2
2026-08-06,S05,P205,58,58,5,53,19,4
2026-08-06,S05,P206,87,0,22,65,50,2
2026-08-06,S05,P207,176,176,30,146,55,4
2026-08-06,S05,P301,55,0,22,33,63,2
2026-08-06,S05,P302,26,0,26,0,70,3
2026-08-06,S05,P303,79,0,34,45,73,3
2026-08-06,S05,P304,21,0,21,0,53,3
2026-08-06,S05,P305,44,0,20,24,45,2
2026-08-06,S05,P306,77,0,29,48,64,2
2026-08-06,S05,P330,172,0,34,138,49,1
2026-08-06,S05,P401,48,48,8,40,21,3
2026-08-06,S05,P402,54,54,11,43,30,3
2026-08-06,S05,P403,146,113,17,129,39,1
2026-08-06,S05,P404,66,66,9,57,21,3
2026-08-06,S05,P405,10,0,9,1,21,3
2026-08-06,S05,P406,93,0,10,83,31,1
2026-08-06,S05,P407,110,98,17,93,30,1
2026-08-06,S05,P442,128,128,16,112,53,3
2026-08-06,S05,P501,0,0,0,0,13,4
2026-08-06,S05,P502,38,0,7,31,14,3
2026-08-06,S05,P503,0,0,0,0,11,3
2026-08-06,S05,P504,54,0,12,42,24,1
2026-08-06,S05,P505,40,0,7,33,17,2
2026-08-06,S05,P601,11,0,6,5,13,2
2026-08-06,S05,P602,12,0,8,4,15,4
2026-08-06,S05,P603,58,0,7,51,19,1
2026-08-06,S05,P604,34,0,6,28,15,3
2026-08-06,S05,P605,7,0,2,5,11,2
2026-08-06,S05,P701,69,0,9,60,18,1
2026-08-06,S05,P702,64,0,16,48,25,1
2026-08-06,S05,P703,62,0,9,53,21,1
2026-08-06,S05,P704,79,68,14,65,25,1
2026-08-06,S05,P801,32,0,22,10,44,3
2026-08-06,S05,P802,13,0,13,0,32,3
2026-08-06,S05,P803,154,111,18,136,46,1
2026-08-06,S06,P101,48,0,44,4,86,4
2026-08-06,S06,P102,170,0,49,121,101,1
2026-08-06,S06,P103,263,0,77,186,142,2
2026-08-06,S06,P104,0,0,0,0,81,4
2026-08-06,S06,P105,56,0,37,19,98,4
2026-08-06,S06,P106,36,0,36,0,117,3
2026-08-06,S06,P201,240,184,41,199,88,1
2026-08-06,S06,P202,42,0,23,19,65,3
2026-08-06,S06,P203,220,197,31,189,60,2
2026-08-06,S06,P204,67,0,49,18,108,2
2026-08-06,S06,P205,96,96,21,75,29,4
2026-08-06,S06,P206,201,201,40,161,87,4
2026-08-06,S06,P207,109,0,52,57,73,3
2026-08-06,S06,P301,278,0,32,246,96,1
2026-08-06,S06,P302,273,214,49,224,76,1
2026-08-06,S06,P303,194,194,41,153,81,3
2026-08-06,S06,P304,173,0,33,140,72,2
2026-08-06,S06,P305,215,0,30,185,90,1
2026-08-06,S06,P306,227,227,39,188,82,3
2026-08-06,S06,P330,69,0,40,29,85,2
2026-08-06,S06,P401,145,0,21,124,48,1
2026-08-06,S06,P402,91,0,14,77,34,2
2026-08-06,S06,P403,94,82,16,78,42,2
2026-08-06,S06,P404,43,0,21,22,51,3
2026-08-06,S06,P405,36,0,27,9,60,4
2026-08-06,S06,P406,5,0,5,0,34,3
2026-08-06,S06,P407,11,0,11,0,41,3
2026-08-06,S06,P442,95,0,41,54,88,2
2026-08-06,S06,P501,45,0,14,31,25,3
2026-08-06,S06,P502,35,0,14,21,38,2
2026-08-06,S06,P503,24,0,15,9,34,2
2026-08-06,S06,P504,24,0,10,14,20,3
2026-08-06,S06,P505,11,0,11,0,27,3
2026-08-06,S06,P601,24,0,9,15,18,1
2026-08-06,S06,P602,20,0,15,5,33,2
2026-08-06,S06,P603,55,55,10,45,24,3
2026-08-06,S06,P604,35,0,8,27,19,1
2026-08-06,S06,P605,60,0,17,43,31,3
2026-08-06,S06,P701,28,0,8,20,20,1
2026-08-06,S06,P702,20,0,13,7,37,3
2026-08-06,S06,P703,132,105,17,115,32,1
2026-08-06,S06,P704,20,0,14,6,29,2
2026-08-06,S06,P801,129,0,25,104,53,1
2026-08-06,S06,P802,285,226,33,252,76,1
2026-08-06,S06,P803,56,0,30,26,53,4
2026-08-07,S01,P101,31,0,31,0,121,3
2026-08-07,S01,P102,247,0,47,200,98,2
2026-08-07,S01,P103,294,0,59,235,164,4
2026-08-07,S01,P104,192,0,50,142,143,3
2026-08-07,S01,P105,62,0,57,5,124,4
2026-08-07,S01,P106,216,0,66,150,126,3
2026-08-07,S01,P201,67,0,33,34,89,3
2026-08-07,S01,P202,316,0,79,237,150,1
2026-08-07,S01,P203,315,0,70,245,159,3
2026-08-07,S01,P204,56,0,56,0,117,3
2026-08-07,S01,P205,85,0,10,75,27,1
2026-08-07,S01,P206,191,0,38,153,92,3
2026-08-07,S01,P207,212,212,56,156,111,3
2026-08-07,S01,P301,278,261,65,213,139,2
2026-08-07,S01,P302,215,0,57,158,106,2
2026-08-07,S01,P303,0,0,0,0,109,3
2026-08-07,S01,P304,54,0,44,10,74,3
2026-08-07,S01,P305,205,186,36,169,76,2
2026-08-07,S01,P306,183,0,40,143,83,1
2026-08-07,S01,P330,197,0,49,153,93,4
2026-08-07,S01,P401,193,0,40,153,71,2
2026-08-07,S01,P402,95,0,20,75,46,2
2026-08-07,S01,P403,89,0,22,67,46,3
2026-08-07,S01,P404,0,0,0,0,61,4
2026-08-07,S01,P405,26,0,22,4,43,4
2026-08-07,S01,P406,112,0,29,83,71,4
2026-08-07,S01,P407,66,0,25,41,55,1
2026-08-07,S01,P442,250,0,60,190,132,3
2026-08-07,S01,P501,9,0,9,0,41,3
2026-08-07,S01,P502,69,0,11,58,28,1
2026-08-07,S01,P503,141,108,15,126,40,1
2026-08-07,S01,P504,8,0,8,0,30,3
2026-08-07,S01,P505,0,0,0,0,37,4
2026-08-07,S01,P601,106,0,19,87,32,2
2026-08-07,S01,P602,81,80,16,65,37,2
2026-08-07,S01,P603,69,0,24,45,36,4
2026-08-07,S01,P604,53,0,13,40,23,2
2026-08-07,S01,P605,92,0,19,73,33,1
2026-08-07,S01,P701,59,0,16,43,36,2
2026-08-07,S01,P702,9,0,9,0,53,4
2026-08-07,S01,P703,81,0,19,62,47,1
2026-08-07,S01,P704,18,0,17,1,33,3
2026-08-07,S01,P801,21,0,21,0,60,4
2026-08-07,S01,P802,290,281,45,245,90,2
2026-08-07,S01,P803,30,0,30,0,59,2
2026-08-07,S02,P101,446,0,169,277,333,3
2026-08-07,S02,P102,609,0,237,372,347,1
2026-08-07,S02,P103,654,0,152,502,334,1
2026-08-07,S02,P104,726,0,213,513,268,1
2026-08-07,S02,P105,263,0,175,88,300,3
2026-08-07,S02,P106,155,0,152,3,294,2
2026-08-07,S02,P201,420,0,139,281,283,1
2026-08-07,S02,P202,415,0,191,224,316,1
2026-08-07,S02,P203,742,0,182,560,255,1
2026-08-07,S02,P204,530,530,92,438,215,4
2026-08-07,S02,P205,254,0,42,212,116,2
2026-08-07,S02,P206,673,673,126,547,196,3
2026-08-07,S02,P207,474,0,162,312,307,1
2026-08-07,S02,P301,640,0,98,542,177,1
2026-08-07,S02,P302,926,851,165,761,326,2
2026-08-07,S02,P303,528,0,138,390,224,1
2026-08-07,S02,P304,346,0,172,174,325,1
2026-08-07,S02,P305,0,0,0,0,329,4
2026-08-07,S02,P306,545,0,114,434,214,4
2026-08-07,S02,P330,557,0,197,360,277,3
2026-08-07,S02,P401,336,0,49,287,111,3
2026-08-07,S02,P402,169,0,47,122,103,2
2026-08-07,S02,P403,0,0,0,0,114,4
2026-08-07,S02,P404,271,0,48,223,136,3
2026-08-07,S02,P405,457,457,81,376,164,3
2026-08-07,S02,P406,419,419,84,335,151,4
2026-08-07,S02,P407,409,0,82,327,189,2
2026-08-07,S02,P442,719,659,104,615,238,2
2026-08-07,S02,P501,62,0,36,26,80,4
2026-08-07,S02,P502,0,0,0,0,126,4
2026-08-07,S02,P503,140,0,33,107,106,3
2026-08-07,S02,P504,177,0,29,148,72,1
2026-08-07,S02,P505,42,0,37,5,73,4
2026-08-07,S02,P601,119,0,36,83,61,1
2026-08-07,S02,P602,142,0,44,98,99,1
2026-08-07,S02,P603,212,0,38,174,77,1
2026-08-07,S02,P604,0,0,0,0,84,4
2026-08-07,S02,P605,24,0,24,0,56,3
2026-08-07,S02,P701,270,244,56,214,101,2
2026-08-07,S02,P702,245,243,54,191,82,2
2026-08-07,S02,P703,170,0,35,135,78,2
2026-08-07,S02,P704,356,285,48,308,80,1
2026-08-07,S02,P801,95,0,67,28,134,3
2026-08-07,S02,P802,60,0,60,0,129,3
2026-08-07,S02,P803,372,0,59,313,194,2
2026-08-07,S03,P101,138,0,42,96,68,2
2026-08-07,S03,P102,116,0,39,77,93,2
2026-08-07,S03,P103,129,0,49,80,83,4
2026-08-07,S03,P104,123,0,37,86,63,1
2026-08-07,S03,P105,128,0,27,101,63,2
2026-08-07,S03,P106,0,0,0,0,84,4
2026-08-07,S03,P201,184,0,36,148,83,4
2026-08-07,S03,P202,183,0,41,142,75,4
2026-08-07,S03,P203,84,0,21,63,40,3
2026-08-07,S03,P204,123,0,42,81,89,2
2026-08-07,S03,P205,14,0,10,4,22,4
2026-08-07,S03,P206,208,208,34,174,67,4
2026-08-07,S03,P207,224,224,48,176,83,3
2026-08-07,S03,P301,167,0,30,137,59,1
2026-08-07,S03,P302,73,0,31,42,65,2
2026-08-07,S03,P303,29,0,29,0,86,3
2026-08-07,S03,P304,112,0,31,81,51,2
2026-08-07,S03,P305,101,0,28,73,81,1
2026-08-07,S03,P306,159,159,45,114,75,3
2026-08-07,S03,P330,141,0,35,106,66,1
2026-08-07,S03,P401,18,0,15,3,34,4
2026-08-07,S03,P402,3,0,3,0,33,4
2026-08-07,S03,P403,58,0,17,41,33,1
2026-08-07,S03,P404,84,74,12,72,23,2
2026-08-07,S03,P405,49,0,14,35,27,1
2026-08-07,S03,P406,33,0,14,19,35,3
2026-08-07,S03,P407,93,89,11,82,32,2
2026-08-07,S03,P442,164,0,38,126,72,1
2026-08-07,S03,P501,28,0,10,18,14,2
2026-08-07,S03,P502,2,0,2,0,22,4
2026-08-07,S03,P503,24,0,9,15,24,3
2026-08-07,S03,P504,32,0,9,23,16,4
2026-08-07,S03,P505,31,0,6,25,17,2
2026-08-07,S03,P601,40,0,13,27,18,1
2026-08-07,S03,P602,31,0,8,23,16,1
2026-08-07,S03,P603,0,0,0,0,13,4
2026-08-07,S03,P604,7,0,7,0,24,4
2026-08-07,S03,P605,0,0,0,0,19,4
2026-08-07,S03,P701,41,0,10,31,18,3
2026-08-07,S03,P702,0,0,0,0,17,4
2026-08-07,S03,P703,22,0,7,15,17,4
2026-08-07,S03,P704,67,49,14,53,26,1
2026-08-07,S03,P801,62,0,20,42,41,1
2026-08-07,S03,P802,108,0,17,91,36,3
2026-08-07,S03,P803,29,0,17,12,43,3
2026-08-07,S04,P101,150,0,40,110,95,4
2026-08-07,S04,P102,65,0,55,10,113,3
2026-08-07,S04,P103,333,333,51,282,105,4
2026-08-07,S04,P104,179,0,39,140,114,4
2026-08-07,S04,P105,237,0,54,183,145,3
2026-08-07,S04,P106,273,0,46,227,101,1
2026-08-07,S04,P201,209,0,57,152,96,1
2026-08-07,S04,P202,17,0,17,0,98,4
2026-08-07,S04,P203,65,0,51,14,99,3
2026-08-07,S04,P204,149,0,48,101,110,3
2026-08-07,S04,P205,11,0,10,1,27,4
2026-08-07,S04,P206,2,0,2,0,83,4
2026-08-07,S04,P207,0,0,0,0,114,4
2026-08-07,S04,P301,130,130,30,100,62,3
2026-08-07,S04,P302,127,0,33,94,85,1
2026-08-07,S04,P303,219,219,51,168,90,3
2026-08-07,S04,P304,80,0,35,45,79,2
2026-08-07,S04,P305,125,0,37,88,78,4
2026-08-07,S04,P306,28,0,28,0,127,3
2026-08-07,S04,P330,184,184,45,139,86,4
2026-08-07,S04,P401,154,0,26,128,73,1
2026-08-07,S04,P402,137,0,35,102,64,1
2026-08-07,S04,P403,112,0,15,97,44,1
2026-08-07,S04,P404,151,151,23,128,56,3
2026-08-07,S04,P405,127,0,32,95,53,2
2026-08-07,S04,P406,88,0,20,68,46,2
2026-08-07,S04,P407,56,0,18,38,57,3
2026-08-07,S04,P442,47,0,30,17,64,2
2026-08-07,S04,P501,74,0,18,56,29,2
2026-08-07,S04,P502,63,0,16,47,32,3
2026-08-07,S04,P503,68,0,15,53,34,2
2026-08-07,S04,P504,33,0,12,21,28,1
2026-08-07,S04,P505,87,64,11,76,25,1
2026-08-07,S04,P601,3,0,3,0,38,3
2026-08-07,S04,P602,68,0,18,50,30,1
2026-08-07,S04,P603,50,0,14,36,26,1
2026-08-07,S04,P604,82,71,13,69,25,1
2026-08-07,S04,P605,63,0,19,44,34,4
2026-08-07,S04,P701,92,0,16,76,41,2
2026-08-07,S04,P702,3,0,3,0,31,4
2026-08-07,S04,P703,21,0,21,0,45,3
2026-08-07,S04,P704,46,0,11,35,26,1
2026-08-07,S04,P801,11,0,11,0,64,3
2026-08-07,S04,P802,6,0,6,0,55,3
2026-08-07,S04,P803,94,0,15,79,38,3
2026-08-07,S05,P101,20,0,20,0,92,3
2026-08-07,S05,P102,85,0,39,46,72,3
2026-08-07,S05,P103,193,0,29,164,76,2
2026-08-07,S05,P104,110,0,22,88,56,1
2026-08-07,S05,P105,0,0,0,0,63,4
2026-08-07,S05,P106,38,0,38,0,69,3
2026-08-07,S05,P201,0,0,0,0,51,4
2026-08-07,S05,P202,96,0,22,74,69,3
2026-08-07,S05,P203,219,206,29,190,80,2
2026-08-07,S05,P204,120,0,47,73,60,2
2026-08-07,S05,P205,53,0,10,43,19,4
2026-08-07,S05,P206,65,0,29,36,50,2
2026-08-07,S05,P207,146,0,31,115,55,4
2026-08-07,S05,P301,211,178,27,184,63,2
2026-08-07,S05,P302,205,205,28,177,70,3
2026-08-07,S05,P303,45,0,21,24,73,3
2026-08-07,S05,P304,107,107,29,78,53,3
2026-08-07,S05,P305,102,78,12,90,45,2
2026-08-07,S05,P306,48,0,34,14,64,2
2026-08-07,S05,P330,138,0,27,111,49,1
2026-08-07,S05,P401,40,0,14,26,21,3
2026-08-07,S05,P402,43,0,15,28,30,3
2026-08-07,S05,P403,129,0,16,113,39,1
2026-08-07,S05,P404,57,0,10,47,21,3
2026-08-07,S05,P405,51,50,14,37,21,3
2026-08-07,S05,P406,83,0,13,70,31,1
2026-08-07,S05,P407,93,0,15,78,30,1
2026-08-07,S05,P442,112,0,30,82,53,3
2026-08-07,S05,P501,29,29,8,21,13,4
2026-08-07,S05,P502,31,0,7,24,14,3
2026-08-07,S05,P503,30,30,3,27,11,3
2026-08-07,S05,P504,42,0,9,33,24,1
2026-08-07,S05,P505,33,0,7,26,17,2
2026-08-07,S05,P601,45,40,6,39,13,2
2026-08-07,S05,P602,4,0,4,0,15,4
2026-08-07,S05,P603,51,0,10,41,19,1
2026-08-07,S05,P604,28,0,6,22,15,3
2026-08-07,S05,P605,34,29,4,30,11,2
2026-08-07,S05,P701,60,0,12,48,18,1
2026-08-07,S05,P702,48,0,14,34,25,1
2026-08-07,S05,P703,53,0,12,41,21,1
2026-08-07,S05,P704,65,0,12,53,25,1
2026-08-07,S05,P801,10,0,10,0,44,3
2026-08-07,S05,P802,74,74,12,62,32,3
2026-08-07,S05,P803,136,0,15,121,46,1
2026-08-07,S06,P101,4,0,4,0,86,4
2026-08-07,S06,P102,121,0,62,59,101,1
2026-08-07,S06,P103,186,0,59,127,142,2
2026-08-07,S06,P104,195,195,43,152,81,4
2026-08-07,S06,P105,19,0,19,0,98,4
2026-08-07,S06,P106,343,343,57,286,117,3
2026-08-07,S06,P201,199,0,36,163,88,1
2026-08-07,S06,P202,19,0,19,0,65,3
2026-08-07,S06,P203,189,0,36,153,60,2
2026-08-07,S06,P204,326,308,49,277,108,2
2026-08-07,S06,P205,75,0,16,59,29,4
2026-08-07,S06,P206,161,0,61,100,87,4
2026-08-07,S06,P207,57,0,32,25,73,3
2026-08-07,S06,P301,246,0,32,214,96,1
2026-08-07,S06,P302,224,0,45,179,76,1
2026-08-07,S06,P303,153,0,51,102,81,3
2026-08-07,S06,P304,140,0,27,113,72,2
2026-08-07,S06,P305,185,0,59,126,90,1
2026-08-07,S06,P306,188,0,34,154,82,3
2026-08-07,S06,P330,285,256,50,235,85,2
2026-08-07,S06,P401,124,0,12,112,48,1
2026-08-07,S06,P402,77,0,16,61,34,2
2026-08-07,S06,P403,78,0,14,64,42,2
2026-08-07,S06,P404,22,0,22,0,51,3
2026-08-07,S06,P405,9,0,9,0,60,4
2026-08-07,S06,P406,87,87,21,66,34,3
2026-08-07,S06,P407,98,98,25,73,41,3
2026-08-07,S06,P442,54,0,31,23,88,2
2026-08-07,S06,P501,31,0,13,18,25,3
2026-08-07,S06,P502,101,80,13,88,38,2
2026-08-07,S06,P503,79,70,14,63,34,2
2026-08-07,S06,P504,14,0,13,1,20,3
2026-08-07,S06,P505,0,0,0,0,27,3
2026-08-07,S06,P601,56,41,10,46,18,1
2026-08-07,S06,P602,77,72,14,63,33,2
2026-08-07,S06,P603,45,0,13,32,24,3
2026-08-07,S06,P604,27,0,8,19,19,1
2026-08-07,S06,P605,43,0,12,31,31,3
2026-08-07,S06,P701,20,0,18,2,20,1
2026-08-07,S06,P702,101,94,17,84,37,3
2026-08-07,S06,P703,115,0,23,92,32,1
2026-08-07,S06,P704,74,68,12,62,29,2
2026-08-07,S06,P801,104,0,29,75,53,1
2026-08-07,S06,P802,252,0,30,222,76,1
2026-08-07,S06,P803,26,0,24,2,53,4
2026-08-08,S01,P101,208,208,60,148,121,3
2026-08-08,S01,P102,200,0,64,136,98,2
2026-08-08,S01,P103,235,0,91,144,164,4
2026-08-08,S01,P104,142,0,82,60,143,3
2026-08-08,S01,P105,5,0,5,0,124,4
2026-08-08,S01,P106,150,0,66,84,126,3
2026-08-08,S01,P201,34,0,34,0,89,3
2026-08-08,S01,P202,237,0,88,149,150,1
2026-08-08,S01,P203,245,0,94,151,159,3
2026-08-08,S01,P204,266,266,59,207,117,3
2026-08-08,S01,P205,75,0,19,56,27,1
2026-08-08,S01,P206,153,0,79,74,92,3
2026-08-08,S01,P207,156,0,63,93,111,3
2026-08-08,S01,P301,213,0,62,151,139,2
2026-08-08,S01,P302,158,0,73,85,106,2
2026-08-08,S01,P303,221,221,101,120,109,3
2026-08-08,S01,P304,10,0,10,5,74,3
2026-08-08,S01,P305,169,0,54,115,76,2
2026-08-08,S01,P306,143,0,66,77,83,1
2026-08-08,S01,P330,148,0,44,104,93,4
2026-08-08,S01,P401,153,0,46,107,71,2
2026-08-08,S01,P402,75,0,26,49,46,2
2026-08-08,S01,P403,67,0,36,31,46,3
2026-08-08,S01,P404,168,168,41,127,61,4
2026-08-08,S01,P405,4,0,4,0,43,4
2026-08-08,S01,P406,83,0,40,43,71,4
2026-08-08,S01,P407,223,182,38,185,55,1
2026-08-08,S01,P442,190,0,52,138,132,3
2026-08-08,S01,P501,95,95,27,68,41,3
2026-08-08,S01,P502,58,0,13,45,28,1
2026-08-08,S01,P503,126,0,22,104,40,1
2026-08-08,S01,P504,108,108,22,86,30,3
2026-08-08,S01,P505,77,77,22,55,37,4
2026-08-08,S01,P601,87,0,28,59,32,2
2026-08-08,S01,P602,65,0,21,47,37,2
2026-08-08,S01,P603,45,0,22,23,36,4
2026-08-08,S01,P604,40,0,14,26,23,2
2026-08-08,S01,P605,73,0,24,49,33,1
2026-08-08,S01,P701,43,0,28,15,36,2
2026-08-08,S01,P702,90,90,29,61,53,4
2026-08-08,S01,P703,62,0,42,20,47,1
2026-08-08,S01,P704,84,83,16,68,33,3
2026-08-08,S01,P801,0,0,0,0,60,4
2026-08-08,S01,P802,245,0,66,179,90,2
2026-08-08,S01,P803,205,205,39,166,59,2
2026-08-08,S02,P101,277,0,255,22,333,3
2026-08-08,S02,P102,372,0,261,111,347,1
2026-08-08,S02,P103,502,0,197,305,334,1
2026-08-08,S02,P104,513,0,198,315,268,1
2026-08-08,S02,P105,88,0,88,0,300,3
2026-08-08,S02,P106,648,645,178,470,294,2
2026-08-08,S02,P201,789,508,204,585,283,1
2026-08-08,S02,P202,927,703,191,736,316,1
2026-08-08,S02,P203,560,0,198,362,255,1
2026-08-08,S02,P204,438,0,165,273,215,4
2026-08-08,S02,P205,212,0,56,156,116,2
2026-08-08,S02,P206,547,0,143,404,196,3
2026-08-08,S02,P207,312,0,241,71,307,1
2026-08-08,S02,P301,542,0,166,376,177,1
2026-08-08,S02,P302,761,0,226,535,326,2
2026-08-08,S02,P303,390,0,111,279,224,1
2026-08-08,S02,P304,1108,934,166,942,325,1
2026-08-08,S02,P305,704,704,137,567,329,4
2026-08-08,S02,P306,431,0,120,311,214,4
2026-08-08,S02,P330,360,0,313,47,277,3
2026-08-08,S02,P401,287,0,81,206,111,3
2026-08-08,S02,P402,122,0,53,69,103,2
2026-08-08,S02,P403,236,236,67,169,114,4
2026-08-08,S02,P404,223,0,69,154,136,3
2026-08-08,S02,P405,376,0,79,297,164,3
2026-08-08,S02,P406,335,0,84,251,151,4
2026-08-08,S02,P407,327,0,80,247,189,2
2026-08-08,S02,P442,615,0,148,467,238,2
2026-08-08,S02,P501,26,0,26,0,80,4
2026-08-08,S02,P502,292,292,66,226,126,4
2026-08-08,S02,P503,107,0,62,45,106,3
2026-08-08,S02,P504,148,0,41,107,72,1
2026-08-08,S02,P505,5,0,5,0,73,4
2026-08-08,S02,P601,83,0,38,45,61,1
2026-08-08,S02,P602,339,241,58,281,99,1
2026-08-08,S02,P603,174,0,53,121,77,1
2026-08-08,S02,P604,0,0,0,0,84,4
2026-08-08,S02,P605,0,0,0,0,56,3
2026-08-08,S02,P701,214,0,89,125,101,2
2026-08-08,S02,P702,191,0,53,143,82,2
2026-08-08,S02,P703,135,0,81,54,78,2
2026-08-08,S02,P704,308,0,74,234,80,1
2026-08-08,S02,P801,28,0,28,0,134,3
2026-08-08,S02,P802,463,463,72,391,129,3
2026-08-08,S02,P803,313,0,91,222,194,2
2026-08-08,S03,P101,96,0,46,50,68,2
2026-08-08,S03,P102,77,0,41,36,93,2
2026-08-08,S03,P103,80,0,59,21,83,4
2026-08-08,S03,P104,86,0,59,27,63,1
2026-08-08,S03,P105,101,0,32,69,63,2
2026-08-08,S03,P106,169,169,54,115,84,4
2026-08-08,S03,P201,148,0,38,110,83,4
2026-08-08,S03,P202,142,0,56,86,75,4
2026-08-08,S03,P203,63,0,33,30,40,3
2026-08-08,S03,P204,81,0,47,34,89,2
2026-08-08,S03,P205,4,0,4,0,22,4
2026-08-08,S03,P206,174,0,44,130,67,4
2026-08-08,S03,P207,176,0,55,121,83,3
2026-08-08,S03,P301,137,0,31,106,59,1
2026-08-08,S03,P302,42,0,32,10,65,2
2026-08-08,S03,P303,181,181,43,138,86,3
2026-08-08,S03,P304,81,0,34,47,51,2
2026-08-08,S03,P305,298,225,45,253,81,1
2026-08-08,S03,P306,114,0,51,63,75,3
2026-08-08,S03,P330,106,0,29,82,66,1
2026-08-08,S03,P401,3,0,3,0,34,4
2026-08-08,S03,P402,56,56,17,39,33,4
2026-08-08,S03,P403,41,0,21,20,33,1
2026-08-08,S03,P404,72,0,21,51,23,2
2026-08-08,S03,P405,35,0,12,23,27,1
2026-08-08,S03,P406,19,0,19,0,35,3
2026-08-08,S03,P407,82,0,19,63,32,2
2026-08-08,S03,P442,126,0,52,74,72,1
2026-08-08,S03,P501,18,0,10,8,14,2
2026-08-08,S03,P502,0,0,0,0,22,4
2026-08-08,S03,P503,15,0,14,1,24,3
2026-08-08,S03,P504,23,0,12,11,16,4
2026-08-08,S03,P505,25,0,10,15,17,2
2026-08-08,S03,P601,27,0,11,16,18,1
2026-08-08,S03,P602,23,0,13,10,16,1
2026-08-08,S03,P603,45,45,12,33,13,4
2026-08-08,S03,P604,0,0,0,0,24,4
2026-08-08,S03,P605,0,0,0,0,19,4
2026-08-08,S03,P701,31,0,7,24,18,3
2026-08-08,S03,P702,39,39,11,28,17,4
2026-08-08,S03,P703,15,0,9,6,17,4
2026-08-08,S03,P704,53,0,14,39,26,1
2026-08-08,S03,P801,42,0,26,16,41,1
2026-08-08,S03,P802,91,0,26,65,36,3
2026-08-08,S03,P803,12,0,12,0,43,3
2026-08-08,S04,P101,110,0,53,57,95,4
2026-08-08,S04,P102,10,0,10,0,113,3
2026-08-08,S04,P103,282,0,67,215,105,4
2026-08-08,S04,P104,140,0,66,74,114,4
2026-08-08,S04,P105,183,0,78,105,145,3
2026-08-08,S04,P106,227,0,60,167,101,1
2026-08-08,S04,P201,152,0,46,106,96,1
2026-08-08,S04,P202,0,0,0,0,98,4
2026-08-08,S04,P203,14,0,14,0,99,3
2026-08-08,S04,P204,101,0,65,36,110,3
2026-08-08,S04,P205,1,0,1,0,27,4
2026-08-08,S04,P206,197,197,51,146,83,4
2026-08-08,S04,P207,397,397,82,315,114,4
2026-08-08,S04,P301,100,0,42,58,62,3
2026-08-08,S04,P302,94,0,51,43,85,1
2026-08-08,S04,P303,168,0,58,110,90,3
2026-08-08,S04,P304,45,0,45,0,79,2
2026-08-08,S04,P305,88,0,51,37,78,4
2026-08-08,S04,P306,356,356,90,266,127,3
2026-08-08,S04,P330,139,0,53,86,86,4
2026-08-08,S04,P401,128,0,42,86,73,1
2026-08-08,S04,P402,102,0,52,50,64,1
2026-08-08,S04,P403,97,0,27,70,44,1
2026-08-08,S04,P404,128,0,26,102,56,3
2026-08-08,S04,P405,95,0,41,54,53,2
2026-08-08,S04,P406,68,0,31,37,46,2
2026-08-08,S04,P407,38,0,33,5,57,3
2026-08-08,S04,P442,152,135,41,111,64,2
2026-08-08,S04,P501,56,0,19,37,29,2
2026-08-08,S04,P502,47,0,16,31,32,3
2026-08-08,S04,P503,53,0,17,36,34,2
2026-08-08,S04,P504,93,72,22,71,28,1
2026-08-08,S04,P505,76,0,19,57,25,1
2026-08-08,S04,P601,65,65,22,43,38,3
2026-08-08,S04,P602,50,0,19,31,30,1
2026-08-08,S04,P603,36,0,16,20,26,1
2026-08-08,S04,P604,69,0,20,49,25,1
2026-08-08,S04,P605,44,0,17,27,34,4
2026-08-08,S04,P701,76,0,24,52,41,2
2026-08-08,S04,P702,84,84,15,69,31,4
2026-08-08,S04,P703,140,140,29,111,45,3
2026-08-08,S04,P704,35,0,17,18,26,1
2026-08-08,S04,P801,158,158,49,109,64,3
2026-08-08,S04,P802,128,128,33,95,55,3
2026-08-08,S04,P803,79,0,23,56,38,3
2026-08-08,S05,P101,262,262,50,212,92,3
2026-08-08,S05,P102,46,0,40,6,72,3
2026-08-08,S05,P103,164,0,53,111,76,2
2026-08-08,S05,P104,88,0,34,54,56,1
2026-08-08,S05,P105,213,213,64,149,63,4
2026-08-08,S05,P106,163,163,55,108,69,3
2026-08-08,S05,P201,177,177,34,143,51,4
2026-08-08,S05,P202,74,0,52,22,69,3
2026-08-08,S05,P203,190,0,51,139,80,2
2026-08-08,S05,P204,73,0,47,26,60,2
2026-08-08,S05,P205,43,0,16,27,19,4
2026-08-08,S05,P206,36,0,36,0,50,2
2026-08-08,S05,P207,115,0,35,80,55,4
2026-08-08,S05,P301,184,0,30,154,63,2
2026-08-08,S05,P302,177,0,36,141,70,3
2026-08-08,S05,P303,24,0,24,0,73,3
2026-08-08,S05,P304,78,0,35,43,53,3
2026-08-08,S05,P305,90,0,22,68,45,2
2026-08-08,S05,P306,227,213,34,193,64,2
2026-08-08,S05,P330,111,0,37,74,49,1
2026-08-08,S05,P401,26,0,16,10,21,3
2026-08-08,S05,P402,28,0,14,14,30,3
2026-08-08,S05,P403,113,0,19,94,39,1
2026-08-08,S05,P404,47,0,13,34,21,3
2026-08-08,S05,P405,37,0,11,26,21,3
2026-08-08,S05,P406,70,0,16,54,31,1
2026-08-08,S05,P407,78,0,21,57,30,1
2026-08-08,S05,P442,82,0,28,54,53,3
2026-08-08,S05,P501,21,0,13,8,13,4
2026-08-08,S05,P502,24,0,10,14,14,3
2026-08-08,S05,P503,27,0,8,19,11,3
2026-08-08,S05,P504,33,0,14,19,24,1
2026-08-08,S05,P505,26,0,11,15,17,2
2026-08-08,S05,P601,39,0,8,31,13,2
2026-08-08,S05,P602,0,0,0,0,15,4
2026-08-08,S05,P603,41,0,11,30,19,1
2026-08-08,S05,P604,22,0,9,13,15,3
2026-08-08,S05,P605,30,0,6,24,11,2
2026-08-08,S05,P701,48,0,10,38,18,1
2026-08-08,S05,P702,34,0,14,20,25,1
2026-08-08,S05,P703,41,0,15,26,21,1
2026-08-08,S05,P704,53,0,12,41,25,1
2026-08-08,S05,P801,90,90,30,60,44,3
2026-08-08,S05,P802,62,0,23,39,32,3
2026-08-08,S05,P803,121,0,28,93,46,1
2026-08-08,S06,P101,0,0,0,0,86,4
2026-08-08,S06,P102,270,211,61,209,101,1
2026-08-08,S06,P103,127,0,91,36,142,2
2026-08-08,S06,P104,152,0,77,73,81,4
2026-08-08,S06,P105,0,0,0,0,98,4
2026-08-08,S06,P106,286,0,76,210,117,3
2026-08-08,S06,P201,163,0,42,121,88,1
2026-08-08,S06,P202,112,112,50,62,65,3
2026-08-08,S06,P203,153,0,42,111,60,2
2026-08-08,S06,P204,277,0,57,220,108,2
2026-08-08,S06,P205,59,0,19,40,29,4
2026-08-08,S06,P206,100,0,59,41,87,4
2026-08-08,S06,P207,25,0,25,0,73,3
2026-08-08,S06,P301,214,0,53,161,96,1
2026-08-08,S06,P302,179,0,49,130,76,1
2026-08-08,S06,P303,102,0,46,56,81,3
2026-08-08,S06,P304,113,0,38,73,72,2
2026-08-08,S06,P305,126,0,63,63,90,1
2026-08-08,S06,P306,154,0,59,95,82,3
2026-08-08,S06,P330,235,0,61,174,85,2
2026-08-08,S06,P401,112,0,25,87,48,1
2026-08-08,S06,P402,61,0,24,37,34,2
2026-08-08,S06,P403,64,0,24,40,42,2
2026-08-08,S06,P404,125,125,27,98,51,3
2026-08-08,S06,P405,0,0,0,0,60,4
2026-08-08,S06,P406,66,0,26,40,34,3
2026-08-08,S06,P407,73,0,23,50,41,3
2026-08-08,S06,P442,255,232,59,196,88,2
2026-08-08,S06,P501,18,0,14,4,25,3
2026-08-08,S06,P502,88,0,18,70,38,2
2026-08-08,S06,P503,65,0,29,36,34,2
2026-08-08,S06,P504,1,0,1,0,20,3
2026-08-08,S06,P505,78,78,20,58,27,3
2026-08-08,S06,P601,46,0,13,33,18,1
2026-08-08,S06,P602,63,0,19,44,33,2
2026-08-08,S06,P603,32,0,15,17,24,3
2026-08-08,S06,P604,19,0,10,9,19,1
2026-08-08,S06,P605,31,0,15,16,31,3
2026-08-08,S06,P701,63,61,17,46,20,1
2026-08-08,S06,P702,84,0,24,60,37,3
2026-08-08,S06,P703,92,0,18,74,32,1
2026-08-08,S06,P704,62,0,20,42,29,2
2026-08-08,S06,P801,75,0,34,41,53,1
2026-08-08,S06,P802,222,0,69,153,76,1
2026-08-08,S06,P803,2,0,2,0,53,4
2026-08-09,S01,P101,148,0,79,69,121,3
2026-08-09,S01,P102,136,0,70,66,98,2
2026-08-09,S01,P103,144,0,83,57,164,4
2026-08-09,S01,P104,60,0,60,3,143,3
2026-08-09,S01,P105,0,0,0,0,124,4
2026-08-09,S01,P106,84,0,68,16,126,3
2026-08-09,S01,P201,295,295,53,242,89,3
2026-08-09,S01,P202,440,291,88,352,150,1
2026-08-09,S01,P203,151,0,99,52,159,3
2026-08-09,S01,P204,207,0,97,110,117,3
2026-08-09,S01,P205,56,0,16,40,27,1
2026-08-09,S01,P206,74,0,47,27,92,3
2026-08-09,S01,P207,93,0,57,36,111,3
2026-08-09,S01,P301,151,0,82,69,139,2
2026-08-09,S01,P302,85,0,67,18,106,2
2026-08-09,S01,P303,120,0,74,46,109,3
2026-08-09,S01,P304,218,218,47,171,74,3
2026-08-09,S01,P305,115,0,61,54,76,2
2026-08-09,S01,P306,247,170,48,199,83,1
2026-08-09,S01,P330,104,0,42,62,93,4
2026-08-09,S01,P401,107,0,42,65,71,2
2026-08-09,S01,P402,49,0,25,24,46,2
2026-08-09,S01,P403,31,0,28,3,46,3
2026-08-09,S01,P404,127,0,35,92,61,4
2026-08-09,S01,P405,0,0,0,0,43,4
2026-08-09,S01,P406,43,0,34,9,71,4
2026-08-09,S01,P407,185,0,43,142,55,1
2026-08-09,S01,P442,138,0,88,50,132,3
2026-08-09,S01,P501,68,0,25,43,41,3
2026-08-09,S01,P502,45,0,18,27,28,1
2026-08-09,S01,P503,104,0,26,78,40,1
2026-08-09,S01,P504,86,0,27,59,30,3
2026-08-09,S01,P505,55,0,30,25,37,4
2026-08-09,S01,P601,59,0,20,39,32,2
2026-08-09,S01,P602,44,0,23,21,37,2
2026-08-09,S01,P603,23,0,16,7,36,4
2026-08-09,S01,P604,26,0,20,6,23,2
2026-08-09,S01,P605,49,0,22,27,33,1
2026-08-09,S01,P701,15,0,15,0,36,2
2026-08-09,S01,P702,61,0,24,37,53,4
2026-08-09,S01,P703,179,159,35,144,47,1
2026-08-09,S01,P704,68,0,17,51,33,3
2026-08-09,S01,P801,182,182,43,139,60,4
2026-08-09,S01,P802,179,0,57,122,90,2
2026-08-09,S01,P803,166,0,57,109,59,2
2026-08-09,S02,P101,22,0,22,0,333,3
2026-08-09,S02,P102,983,872,297,686,347,1
2026-08-09,S02,P103,1232,927,230,1002,334,1
2026-08-09,S02,P104,315,0,167,148,268,1
2026-08-09,S02,P105,626,626,204,422,300,3
2026-08-09,S02,P106,470,0,233,237,294,2
2026-08-09,S02,P201,585,0,215,370,283,1
2026-08-09,S02,P202,736,0,180,556,316,1
2026-08-09,S02,P203,362,0,197,165,255,1
2026-08-09,S02,P204,273,0,155,118,215,4
2026-08-09,S02,P205,156,0,56,100,116,2
2026-08-09,S02,P206,404,0,199,205,196,3
2026-08-09,S02,P207,623,552,184,439,307,1
2026-08-09,S02,P301,376,0,138,238,177,1
2026-08-09,S02,P302,535,0,174,361,326,2
2026-08-09,S02,P303,279,0,147,132,224,1
2026-08-09,S02,P304,942,0,158,784,325,1
2026-08-09,S02,P305,567,0,191,376,329,4
2026-08-09,S02,P306,311,0,226,85,214,4
2026-08-09,S02,P330,47,0,47,0,277,3
2026-08-09,S02,P401,206,0,77,129,111,3
2026-08-09,S02,P402,69,0,55,14,103,2
2026-08-09,S02,P403,169,0,65,104,114,4
2026-08-09,S02,P404,154,0,58,96,136,3
2026-08-09,S02,P405,297,0,93,204,164,3
2026-08-09,S02,P406,251,0,144,107,151,4
2026-08-09,S02,P407,247,0,139,108,189,2
2026-08-09,S02,P442,467,0,167,300,238,2
2026-08-09,S02,P501,0,0,0,0,80,4
2026-08-09,S02,P502,226,0,74,152,126,4
2026-08-09,S02,P503,45,0,45,0,106,3
2026-08-09,S02,P504,107,0,45,62,72,1
2026-08-09,S02,P505,0,0,0,0,73,4
2026-08-09,S02,P601,251,206,41,210,61,1
2026-08-09,S02,P602,281,0,53,228,99,1
2026-08-09,S02,P603,121,0,61,60,77,1
2026-08-09,S02,P604,206,206,52,154,84,4
2026-08-09,S02,P605,119,119,33,86,56,3
2026-08-09,S02,P701,125,0,77,48,101,2
2026-08-09,S02,P702,138,0,60,78,82,2
2026-08-09,S02,P703,54,0,54,0,78,2
2026-08-09,S02,P704,234,0,80,154,80,1
2026-08-09,S02,P801,261,261,68,193,134,3
2026-08-09,S02,P802,391,0,79,312,129,3
2026-08-09,S02,P803,222,0,97,125,194,2
2026-08-09,S03,P101,50,0,34,16,68,2
2026-08-09,S03,P102,291,255,86,205,93,2
2026-08-09,S03,P103,21,0,21,0,83,4
2026-08-09,S03,P104,211,184,55,156,63,1
2026-08-09,S03,P105,69,0,44,25,63,2
2026-08-09,S03,P106,115,0,66,49,84,4
2026-08-09,S03,P201,110,0,47,63,83,4
2026-08-09,S03,P202,86,0,56,30,75,4
2026-08-09,S03,P203,30,0,30,0,40,3
2026-08-09,S03,P204,187,153,50,137,89,2
2026-08-09,S03,P205,0,0,0,0,22,4
2026-08-09,S03,P206,130,0,47,83,67,4
2026-08-09,S03,P207,121,0,53,68,83,3
2026-08-09,S03,P301,106,0,32,74,59,1
2026-08-09,S03,P302,187,177,36,151,65,2
2026-08-09,S03,P303,138,0,51,87,86,3
2026-08-09,S03,P304,47,0,47,0,51,2
2026-08-09,S03,P305,253,0,55,198,81,1
2026-08-09,S03,P306,63,0,52,11,75,3
2026-08-09,S03,P330,77,0,47,30,66,1
2026-08-09,S03,P401,60,60,20,40,34,4
2026-08-09,S03,P402,39,0,14,25,33,4
2026-08-09,S03,P403,123,103,19,104,33,1
2026-08-09,S03,P404,51,0,14,37,23,2
2026-08-09,S03,P405,82,59,15,67,27,1
2026-08-09,S03,P406,88,88,17,71,35,3
2026-08-09,S03,P407,63,0,19,44,32,2
2026-08-09,S03,P442,74,0,41,33,72,1
2026-08-09,S03,P501,8,0,8,0,14,2
2026-08-09,S03,P502,50,50,11,39,22,4
2026-08-09,S03,P503,1,0,1,0,24,3
2026-08-09,S03,P504,11,0,11,0,16,4
2026-08-09,S03,P505,15,0,9,6,17,2
2026-08-09,S03,P601,74,58,8,66,18,1
2026-08-09,S03,P602,63,53,10,53,16,1
2026-08-09,S03,P603,33,0,9,24,13,4
2026-08-09,S03,P604,49,49,13,36,24,4
2026-08-09,S03,P605,50,50,10,40,19,4
2026-08-09,S03,P701,24,0,19,5,18,3
2026-08-09,S03,P702,28,0,16,12,17,4
2026-08-09,S03,P703,6,0,6,0,17,4
2026-08-09,S03,P704,39,0,18,21,26,1
2026-08-09,S03,P801,122,106,21,101,41,1
2026-08-09,S03,P802,65,0,22,43,36,3
2026-08-09,S03,P803,84,84,26,56,43,3
2026-08-09,S04,P101,57,0,47,10,95,4
2026-08-09,S04,P102,216,216,74,142,113,3
2026-08-09,S04,P103,215,0,62,153,105,4
2026-08-09,S04,P104,74,0,72,2,114,4
2026-08-09,S04,P105,105,0,87,18,145,3
2026-08-09,S04,P106,167,0,55,112,101,1
2026-08-09,S04,P201,106,0,58,48,96,1
2026-08-09,S04,P202,297,297,79,218,98,4
2026-08-09,S04,P203,223,223,78,145,99,3
2026-08-09,S04,P204,36,0,36,0,110,3
2026-08-09,S04,P205,75,75,19,56,27,4
2026-08-09,S04,P206,146,0,43,103,83,4
2026-08-09,S04,P207,315,0,72,243,114,4
2026-08-09,S04,P301,58,0,47,11,62,3
2026-08-09,S04,P302,234,191,44,190,85,1
2026-08-09,S04,P303,110,0,76,34,90,3
2026-08-09,S04,P304,247,247,54,193,79,2
2026-08-09,S04,P305,37,0,37,0,78,4
2026-08-09,S04,P306,266,0,78,188,127,3
2026-08-09,S04,P330,86,0,57,29,86,4
2026-08-09,S04,P401,86,0,41,45,73,1
2026-08-09,S04,P402,202,152,39,163,64,1
2026-08-09,S04,P403,70,0,28,42,44,1
2026-08-09,S04,P404,102,0,41,61,56,3
2026-08-09,S04,P405,54,0,28,26,53,2
2026-08-09,S04,P406,37,0,28,9,46,2
2026-08-09,S04,P407,181,176,30,151,57,3
2026-08-09,S04,P442,111,0,37,74,64,2
2026-08-09,S04,P501,37,0,22,15,29,2
2026-08-09,S04,P502,31,0,17,14,32,3
2026-08-09,S04,P503,36,0,30,6,34,2
2026-08-09,S04,P504,71,0,19,52,28,1
2026-08-09,S04,P505,57,0,12,45,25,1
2026-08-09,S04,P601,43,0,20,23,38,3
2026-08-09,S04,P602,31,0,21,10,30,1
2026-08-09,S04,P603,85,65,17,68,26,1
2026-08-09,S04,P604,49,0,17,32,25,1
2026-08-09,S04,P605,27,0,20,7,34,4
2026-08-09,S04,P701,52,0,27,25,41,2
2026-08-09,S04,P702,69,0,17,52,31,4
2026-08-09,S04,P703,111,0,39,72,45,3
2026-08-09,S04,P704,74,56,14,60,26,1
2026-08-09,S04,P801,109,0,44,65,64,3
2026-08-09,S04,P802,95,0,30,65,55,3
2026-08-09,S04,P803,56,0,22,34,38,3
2026-08-09,S05,P101,212,0,50,162,92,3
2026-08-09,S05,P102,6,0,6,0,72,3
2026-08-09,S05,P103,111,0,54,57,76,2
2026-08-09,S05,P104,165,111,28,137,56,1
2026-08-09,S05,P105,149,0,40,109,63,4
2026-08-09,S05,P106,108,0,43,63,69,3
2026-08-09,S05,P201,143,0,40,103,51,4
2026-08-09,S05,P202,22,0,22,0,69,3
2026-08-09,S05,P203,139,0,45,94,80,2
2026-08-09,S05,P204,26,0,26,0,60,2
2026-08-09,S05,P205,27,0,13,14,19,4
2026-08-09,S05,P206,131,131,28,103,50,2
2026-08-09,S05,P207,80,0,33,47,55,4
2026-08-09,S05,P301,154,0,33,121,63,2
2026-08-09,S05,P302,141,0,42,99,70,3
2026-08-09,S05,P303,136,136,60,76,73,3
2026-08-09,S05,P304,43,0,28,15,53,3
2026-08-09,S05,P305,68,0,25,43,45,2
2026-08-09,S05,P306,193,0,42,151,64,2
2026-08-09,S05,P330,74,0,44,30,49,1
2026-08-09,S05,P401,10,0,10,0,21,3
2026-08-09,S05,P402,14,0,14,0,30,3
2026-08-09,S05,P403,94,0,18,76,39,1
2026-08-09,S05,P404,34,0,13,21,21,3
2026-08-09,S05,P405,26,0,10,16,21,3
2026-08-09,S05,P406,54,0,16,38,31,1
2026-08-09,S05,P407,57,0,16,41,30,1
2026-08-09,S05,P442,54,0,26,28,53,3
2026-08-09,S05,P501,8,0,8,0,13,4
2026-08-09,S05,P502,14,0,9,5,14,3
2026-08-09,S05,P503,19,0,7,12,11,3
2026-08-09,S05,P504,72,53,11,61,24,1
2026-08-09,S05,P505,15,0,11,4,17,2
2026-08-09,S05,P601,31,0,9,22,13,2
2026-08-09,S05,P602,40,40,9,31,15,4
2026-08-09,S05,P603,30,0,10,20,19,1
2026-08-09,S05,P604,13,0,9,4,15,3
2026-08-09,S05,P605,24,0,7,17,11,2
2026-08-09,S05,P701,38,0,13,25,18,1
2026-08-09,S05,P702,95,75,15,80,25,1
2026-08-09,S05,P703,26,0,20,6,21,1
2026-08-09,S05,P704,41,0,14,27,25,1
2026-08-09,S05,P801,60,0,25,35,44,3
2026-08-09,S05,P802,39,0,21,18,32,3
2026-08-09,S05,P803,93,0,34,59,46,1
2026-08-09,S06,P101,146,146,55,91,86,4
2026-08-09,S06,P102,209,0,74,135,101,1
2026-08-09,S06,P103,313,277,109,204,142,2
2026-08-09,S06,P104,75,0,60,15,81,4
2026-08-09,S06,P105,281,281,68,213,98,4
2026-08-09,S06,P106,210,0,79,131,117,3
2026-08-09,S06,P201,121,0,48,73,88,1
2026-08-09,S06,P202,62,0,47,15,65,3
2026-08-09,S06,P203,111,0,51,60,60,2
2026-08-09,S06,P204,220,0,80,140,108,2
2026-08-09,S06,P205,40,0,18,22,29,4
2026-08-09,S06,P206,41,0,41,0,87,4
2026-08-09,S06,P207,173,173,56,117,73,3
2026-08-09,S06,P301,161,0,66,95,96,1
2026-08-09,S06,P302,130,0,45,85,76,1
2026-08-09,S06,P303,56,0,56,0,81,3
2026-08-09,S06,P304,75,0,53,22,72,2
2026-08-09,S06,P305,383,320,60,323,90,1
2026-08-09,S06,P306,95,0,50,45,82,3
2026-08-09,S06,P330,174,0,82,92,85,2
2026-08-09,S06,P401,87,0,31,56,48,1
2026-08-09,S06,P402,37,0,32,5,34,2
2026-08-09,S06,P403,40,0,25,11,42,2
2026-08-09,S06,P404,98,0,28,70,51,3
2026-08-09,S06,P405,160,160,33,127,60,4
2026-08-09,S06,P406,40,0,26,14,34,3
2026-08-09,S06,P407,50,0,22,28,41,3
2026-08-09,S06,P442,196,0,49,147,88,2
2026-08-09,S06,P501,4,0,4,0,25,3
2026-08-09,S06,P502,70,0,23,47,38,2
2026-08-09,S06,P503,36,0,21,15,34,2
2026-08-09,S06,P504,58,58,10,48,20,3
2026-08-09,S06,P505,58,0,18,38,27,3
2026-08-09,S06,P601,33,0,15,18,18,1
2026-08-09,S06,P602,44,0,19,25,33,2
2026-08-09,S06,P603,17,0,17,0,24,3
2026-08-09,S06,P604,42,33,10,32,19,1
2026-08-09,S06,P605,16,0,16,0,31,3
2026-08-09,S06,P701,46,0,16,30,20,1
2026-08-09,S06,P702,60,0,24,36,37,3
2026-08-09,S06,P703,74,0,24,50,32,1
2026-08-09,S06,P704,42,0,19,23,29,2
2026-08-09,S06,P801,160,119,33,127,53,1
2026-08-09,S06,P802,153,0,47,106,76,1
2026-08-09,S06,P803,0,0,0,0,53,4
2026-08-10,S01,P101,69,0,44,25,121,3
2026-08-10,S01,P102,66,0,65,1,98,2
2026-08-10,S01,P103,61,0,59,2,164,4
2026-08-10,S01,P104,357,357,47,310,143,3
2026-08-10,S01,P105,355,355,61,294,124,4
2026-08-10,S01,P106,16,0,16,0,126,3
2026-08-10,S01,P201,242,0,40,202,89,3
2026-08-10,S01,P202,352,0,42,310,150,1
2026-08-10,S01,P203,52,0,52,0,159,3
2026-08-10,S01,P204,110,0,67,43,117,3
2026-08-10,S01,P205,40,0,16,24,27,1
2026-08-10,S01,P206,27,0,27,0,92,3
2026-08-10,S01,P207,36,0,36,0,111,3
2026-08-10,S01,P301,69,0,63,6,139,2
2026-08-10,S01,P302,264,246,64,200,106,2
2026-08-10,S01,P303,46,0,46,0,109,3
2026-08-10,S01,P304,171,0,46,125,74,3
2026-08-10,S01,P305,54,0,40,14,76,2
2026-08-10,S01,P306,199,0,37,162,83,1
2026-08-10,S01,P330,62,0,36,26,93,4
2026-08-10,S01,P401,65,0,25,40,71,2
2026-08-10,S01,P402,24,0,16,8,46,2
2026-08-10,S01,P403,3,0,3,0,46,3
2026-08-10,S01,P404,92,0,19,73,61,4
2026-08-10,S01,P405,109,109,15,94,43,4
2026-08-10,S01,P406,9,0,9,0,71,4
2026-08-10,S01,P407,142,0,25,117,55,1
2026-08-10,S01,P442,50,0,50,0,132,3
2026-08-10,S01,P501,43,0,17,26,41,3
2026-08-10,S01,P502,100,73,14,86,28,1
2026-08-10,S01,P503,78,0,12,66,40,1
2026-08-10,S01,P504,59,0,12,47,30,3
2026-08-10,S01,P505,25,0,14,11,37,4
2026-08-10,S01,P601,39,0,9,30,32,2
2026-08-10,S01,P602,21,0,13,8,37,2
2026-08-10,S01,P603,7,0,7,0,36,4
2026-08-10,S01,P604,6,0,6,0,23,2
2026-08-10,S01,P605,133,106,13,120,33,1
2026-08-10,S01,P701,104,104,16,88,36,2
2026-08-10,S01,P702,37,0,24,13,53,4
2026-08-10,S01,P703,144,0,16,128,47,1
2026-08-10,S01,P704,51,0,15,36,33,3
2026-08-10,S01,P801,139,0,31,108,60,4
2026-08-10,S01,P802,122,0,43,79,90,2
2026-08-10,S01,P803,109,0,33,76,59,2
2026-08-10,S02,P101,974,974,135,839,333,3
2026-08-10,S02,P102,686,0,193,493,347,1
2026-08-10,S02,P103,1002,0,120,882,334,1
2026-08-10,S02,P104,934,786,136,798,268,1
2026-08-10,S02,P105,422,0,138,284,300,3
2026-08-10,S02,P106,237,0,133,104,294,2
2026-08-10,S02,P201,370,0,120,250,283,1
2026-08-10,S02,P202,556,0,136,420,316,1
2026-08-10,S02,P203,970,805,133,837,255,1
2026-08-10,S02,P204,118,0,77,41,215,4
2026-08-10,S02,P205,100,0,39,61,116,2
2026-08-10,S02,P206,205,0,93,112,196,3
2026-08-10,S02,P207,439,0,130,309,307,1
2026-08-10,S02,P301,238,0,79,159,177,1
2026-08-10,S02,P302,361,0,141,220,326,2
2026-08-10,S02,P303,778,646,85,693,224,1
2026-08-10,S02,P304,784,0,94,690,325,1
2026-08-10,S02,P305,376,0,126,250,329,4
2026-08-10,S02,P306,85,0,85,0,214,4
2026-08-10,S02,P330,0,0,0,0,277,3
2026-08-10,S02,P401,129,0,48,81,111,3
2026-08-10,S02,P402,234,220,29,205,103,2
2026-08-10,S02,P403,104,0,52,52,114,4
2026-08-10,S02,P404,96,0,55,41,136,3
2026-08-10,S02,P405,204,0,55,149,164,3
2026-08-10,S02,P406,107,0,66,41,151,4
2026-08-10,S02,P407,108,0,49,59,189,2
2026-08-10,S02,P442,300,0,114,186,238,2
2026-08-10,S02,P501,177,177,32,145,80,4
2026-08-10,S02,P502,152,0,34,118,126,4
2026-08-10,S02,P503,0,0,0,0,106,3
2026-08-10,S02,P504,223,161,27,196,72,1
2026-08-10,S02,P505,158,158,44,114,73,4
2026-08-10,S02,P601,210,0,26,184,61,1
2026-08-10,S02,P602,228,0,50,178,99,1
2026-08-10,S02,P603,271,211,38,233,77,1
2026-08-10,S02,P604,154,0,36,118,84,4
2026-08-10,S02,P605,86,0,21,65,56,3
2026-08-10,S02,P701,48,0,42,6,101,2
2026-08-10,S02,P702,78,0,38,40,82,2
2026-08-10,S02,P703,176,176,30,146,78,2
2026-08-10,S02,P704,154,0,31,123,80,1
2026-08-10,S02,P801,193,0,45,148,134,3
2026-08-10,S02,P802,312,0,73,239,129,3
2026-08-10,S02,P803,125,0,84,41,194,2
2026-08-10,S03,P101,202,186,23,179,68,2
2026-08-10,S03,P102,205,0,48,157,93,2
2026-08-10,S03,P103,0,0,0,0,83,4
2026-08-10,S03,P104,156,0,27,132,63,1
2026-08-10,S03,P105,25,0,25,0,63,2
2026-08-10,S03,P106,49,0,33,16,84,4
2026-08-10,S03,P201,63,0,47,16,83,4
2026-08-10,S03,P202,30,0,30,0,75,4
2026-08-10,S03,P203,0,0,0,0,40,3
2026-08-10,S03,P204,137,0,29,108,89,2
2026-08-10,S03,P205,46,46,6,40,22,4
2026-08-10,S03,P206,83,0,43,40,67,4
2026-08-10,S03,P207,68,0,36,32,83,3
2026-08-10,S03,P301,74,0,15,59,59,1
2026-08-10,S03,P302,151,0,23,128,65,2
2026-08-10,S03,P303,87,0,37,50,86,3
2026-08-10,S03,P304,164,164,19,145,51,2
2026-08-10,S03,P305,198,0,22,176,81,1
2026-08-10,S03,P306,11,0,11,0,75,3
2026-08-10,S03,P330,172,142,31,141,66,1
2026-08-10,S03,P401,40,0,7,33,34,4
2026-08-10,S03,P402,25,0,13,12,33,4
2026-08-10,S03,P403,104,0,16,88,33,1
2026-08-10,S03,P404,37,0,12,25,23,2
2026-08-10,S03,P405,67,0,7,60,27,1
2026-08-10,S03,P406,71,0,11,60,35,3
2026-08-10,S03,P407,44,0,17,27,32,2
2026-08-10,S03,P442,266,233,35,231,72,1
2026-08-10,S03,P501,39,39,7,32,14,2
2026-08-10,S03,P502,39,0,8,31,22,4
2026-08-10,S03,P503,49,49,8,41,24,3
2026-08-10,S03,P504,0,0,0,0,16,4
2026-08-10,S03,P505,39,33,6,33,17,2
2026-08-10,S03,P601,66,0,7,59,18,1
2026-08-10,S03,P602,53,0,6,47,16,1
2026-08-10,S03,P603,24,0,7,17,13,4
2026-08-10,S03,P604,36,0,8,28,24,4
2026-08-10,S03,P605,40,0,8,32,19,4
2026-08-10,S03,P701,5,0,5,0,18,3
2026-08-10,S03,P702,12,0,9,3,17,4
2026-08-10,S03,P703,0,0,0,0,17,4
2026-08-10,S03,P704,73,52,11,62,26,1
2026-08-10,S03,P801,101,0,19,82,41,1
2026-08-10,S03,P802,43,0,15,28,36,3
2026-08-10,S03,P803,58,0,16,42,43,3
2026-08-10,S04,P101,10,0,10,0,95,4
2026-08-10,S04,P102,142,0,55,87,113,3
2026-08-10,S04,P103,153,0,37,116,105,4
2026-08-10,S04,P104,2,0,2,0,114,4
2026-08-10,S04,P105,18,0,18,0,145,3
2026-08-10,S04,P106,112,0,28,84,101,1
2026-08-10,S04,P201,338,290,43,295,96,1
2026-08-10,S04,P202,218,0,50,168,98,4
2026-08-10,S04,P203,145,0,43,102,99,3
2026-08-10,S04,P204,247,247,53,190,110,3
2026-08-10,S04,P205,56,0,12,44,27,4
2026-08-10,S04,P206,103,0,38,65,83,4
2026-08-10,S04,P207,243,0,48,195,114,4
2026-08-10,S04,P301,11,0,11,0,62,3
2026-08-10,S04,P302,190,0,27,163,85,1
2026-08-10,S04,P303,34,0,34,0,90,3
2026-08-10,S04,P304,193,0,26,172,79,2
2026-08-10,S04,P305,0,0,0,0,78,4
2026-08-10,S04,P306,188,0,37,151,127,3
2026-08-10,S04,P330,29,0,27,2,86,4
2026-08-10,S04,P401,220,175,28,192,73,1
2026-08-10,S04,P402,163,0,25,138,64,1
2026-08-10,S04,P403,142,100,20,122,44,1
2026-08-10,S04,P404,61,0,24,37,56,3
2026-08-10,S04,P405,26,0,23,3,53,2
2026-08-10,S04,P406,124,115,23,101,46,2
2026-08-10,S04,P407,151,0,23,128,57,3
2026-08-10,S04,P442,74,0,20,54,64,2
2026-08-10,S04,P501,15,0,15,0,29,2
2026-08-10,S04,P502,14,0,14,0,32,3
2026-08-10,S04,P503,6,0,6,0,34,2
2026-08-10,S04,P504,52,0,11,41,28,1
2026-08-10,S04,P505,45,0,8,37,25,1
2026-08-10,S04,P601,23,0,15,8,38,3
2026-08-10,S04,P602,113,103,14,99,30,1
2026-08-10,S04,P603,68,0,9,59,26,1
2026-08-10,S04,P604,32,0,11,21,25,1
2026-08-10,S04,P605,7,0,7,0,34,4
2026-08-10,S04,P701,25,0,10,15,41,2
2026-08-10,S04,P702,52,0,13,39,31,4
2026-08-10,S04,P703,72,0,15,57,45,3
2026-08-10,S04,P704,60,0,8,52,26,1
2026-08-10,S04,P801,65,0,37,28,64,3
2026-08-10,S04,P802,65,0,15,50,55,3
2026-08-10,S04,P803,34,0,19,15,38,3
2026-08-10,S05,P101,162,0,40,122,92,3
2026-08-10,S05,P102,128,128,32,96,72,3
2026-08-10,S05,P103,57,0,31,26,76,2
2026-08-10,S05,P104,137,0,34,103,56,1
2026-08-10,S05,P105,109,0,33,76,63,4
2026-08-10,S05,P106,65,0,40,25,69,3
2026-08-10,S05,P201,103,0,25,78,51,4
2026-08-10,S05,P202,0,0,0,0,69,3
2026-08-10,S05,P203,94,0,40,54,80,2
2026-08-10,S05,P204,194,194,23,171,60,2
2026-08-10,S05,P205,14,0,7,7,19,4
2026-08-10,S05,P206,103,0,20,83,50,2
2026-08-10,S05,P207,47,0,33,14,55,4
2026-08-10,S05,P301,121,0,21,100,63,2
2026-08-10,S05,P302,99,0,20,79,70,3
2026-08-10,S05,P303,76,0,21,55,73,3
2026-08-10,S05,P304,15,0,15,0,53,3
2026-08-10,S05,P305,43,0,20,23,45,2
2026-08-10,S05,P306,151,0,17,134,64,2
2026-08-10,S05,P330,182,152,21,161,49,1
2026-08-10,S05,P401,0,0,0,0,21,3
2026-08-10,S05,P402,90,90,12,78,30,3
2026-08-10,S05,P403,76,0,18,58,39,1
2026-08-10,S05,P404,21,0,8,13,21,3
2026-08-10,S05,P405,16,0,11,5,21,3
2026-08-10,S05,P406,38,0,13,25,31,1
2026-08-10,S05,P407,41,0,12,29,30,1
2026-08-10,S05,P442,28,0,20,8,53,3
2026-08-10,S05,P501,0,0,0,0,13,4
2026-08-10,S05,P502,5,0,4,1,14,3
2026-08-10,S05,P503,12,0,6,6,11,3
2026-08-10,S05,P504,61,0,9,52,24,1
2026-08-10,S05,P505,48,44,5,43,17,2
2026-08-10,S05,P601,22,0,4,18,13,2
2026-08-10,S05,P602,31,0,7,24,15,4
2026-08-10,S05,P603,20,0,8,12,19,1
2026-08-10,S05,P604,4,0,4,0,15,3
2026-08-10,S05,P605,17,0,5,12,11,2
2026-08-10,S05,P701,25,0,10,15,18,1
2026-08-10,S05,P702,80,0,13,67,25,1
2026-08-10,S05,P703,61,55,11,50,21,1
2026-08-10,S05,P704,27,0,10,17,25,1
2026-08-10,S05,P801,35,0,22,13,44,3
2026-08-10,S05,P802,18,0,17,1,32,3
2026-08-10,S05,P803,59,0,19,36,46,1
2026-08-10,S06,P101,91,0,24,67,86,4
2026-08-10,S06,P102,135,0,26,109,101,1
2026-08-10,S06,P103,204,0,47,157,142,2
2026-08-10,S06,P104,15,0,15,0,81,4
2026-08-10,S06,P105,213,0,40,173,98,4
2026-08-10,S06,P106,131,0,39,92,117,3
2026-08-10,S06,P201,244,171,30,214,88,1
2026-08-10,S06,P202,15,0,15,0,65,3
2026-08-10,S06,P203,60,0,27,33,60,2
2026-08-10,S06,P204,140,0,34,106,108,2
2026-08-10,S06,P205,22,0,19,3,29,4
2026-08-10,S06,P206,0,0,0,0,87,4
2026-08-10,S06,P207,117,0,39,78,73,3
2026-08-10,S06,P301,335,240,34,301,96,1
2026-08-10,S06,P302,85,0,22,63,76,1
2026-08-10,S06,P303,0,0,0,0,81,3
2026-08-10,S06,P304,22,0,22,0,72,2
2026-08-10,S06,P305,323,0,47,276,90,1
2026-08-10,S06,P306,45,0,32,13,82,3
2026-08-10,S06,P330,92,0,39,53,85,2
2026-08-10,S06,P401,56,0,20,36,48,1
2026-08-10,S06,P402,5,0,5,0,34,2
2026-08-10,S06,P403,104,89,11,93,42,2
2026-08-10,S06,P404,70,0,13,57,51,3
2026-08-10,S06,P405,127,0,18,109,60,4
2026-08-10,S06,P406,14,0,14,0,34,3
2026-08-10,S06,P407,28,0,12,16,41,3
2026-08-10,S06,P442,147,0,41,106,88,2
2026-08-10,S06,P501,76,76,10,66,25,3
2026-08-10,S06,P502,47,0,15,32,38,2
2026-08-10,S06,P503,15,0,11,4,34,2
2026-08-10,S06,P504,48,0,7,41,20,3
2026-08-10,S06,P505,40,0,13,27,27,3
2026-08-10,S06,P601,18,0,6,12,18,1
2026-08-10,S06,P602,25,0,12,13,33,2
2026-08-10,S06,P603,0,0,0,0,24,3
2026-08-10,S06,P604,32,0,8,24,19,1
2026-08-10,S06,P605,0,0,0,0,31,3
2026-08-10,S06,P701,30,0,8,22,20,1
2026-08-10,S06,P702,36,0,14,22,37,3
2026-08-10,S06,P703,50,0,13,37,32,1
2026-08-10,S06,P704,23,0,11,12,29,2
2026-08-10,S06,P801,127,0,21,106,53,1
2026-08-10,S06,P802,106,0,21,85,76,1
2026-08-10,S06,P803,129,129,18,111,53,4
2026-08-11,S01,P101,25,0,25,0,121,3
2026-08-11,S01,P102,262,261,66,196,98,2
2026-08-11,S01,P103,2,0,2,0,164,4
2026-08-11,S01,P104,310,0,64,246,143,3
2026-08-11,S01,P105,294,0,68,226,124,4
2026-08-11,S01,P106,322,322,74,248,126,3
2026-08-11,S01,P201,202,0,38,164,89,3
2026-08-11,S01,P202,310,0,63,247,150,1
2026-08-11,S01,P203,399,399,72,327,159,3
2026-08-11,S01,P204,43,0,43,0,117,3
2026-08-11,S01,P205,100,76,13,87,27,1
2026-08-11,S01,P206,239,239,55,184,92,3
2026-08-11,S01,P207,323,323,55,268,111,3
2026-08-11,S01,P301,275,269,82,193,139,2
2026-08-11,S01,P302,200,0,53,147,106,2
2026-08-11,S01,P303,0,0,0,0,109,3
2026-08-11,S01,P304,125,0,49,76,74,3
2026-08-11,S01,P305,208,194,44,164,76,2
2026-08-11,S01,P306,162,0,30,132,83,1
2026-08-11,S01,P330,26,0,26,0,93,4
2026-08-11,S01,P401,236,196,24,212,71,2
2026-08-11,S01,P402,138,130,14,124,46,2
2026-08-11,S01,P403,100,100,27,73,46,3
2026-08-11,S01,P404,73,0,26,47,61,4
2026-08-11,S01,P405,94,0,23,71,43,4
2026-08-11,S01,P406,0,0,0,0,71,4
2026-08-11,S01,P407,117,0,35,82,55,1
2026-08-11,S01,P442,0,0,0,0,132,3
2026-08-11,S01,P501,26,0,18,8,41,3
2026-08-11,S01,P502,86,0,10,76,28,1
2026-08-11,S01,P503,66,0,15,51,40,1
2026-08-11,S01,P504,47,0,18,29,30,3
2026-08-11,S01,P505,11,0,11,0,37,4
2026-08-11,S01,P601,30,0,14,16,32,2
2026-08-11,S01,P602,117,109,22,95,37,2
2026-08-11,S01,P603,0,0,0,0,36,4
2026-08-11,S01,P604,49,49,10,44,23,2
2026-08-11,S01,P605,120,0,12,108,33,1
2026-08-11,S01,P701,88,0,11,77,36,2
2026-08-11,S01,P702,13,0,13,0,53,4
2026-08-11,S01,P703,128,0,20,108,47,1
2026-08-11,S01,P704,36,0,15,21,33,3
2026-08-11,S01,P801,108,0,36,72,60,4
2026-08-11,S01,P802,79,0,53,26,90,2
2026-08-11,S01,P803,76,0,38,38,59,2
2026-08-11,S02,P101,839,0,194,645,333,3
2026-08-11,S02,P102,493,0,259,234,347,1
2026-08-11,S02,P103,882,0,145,737,334,1
2026-08-11,S02,P104,798,0,155,643,268,1
2026-08-11,S02,P105,284,0,210,74,300,3
2026-08-11,S02,P106,661,557,119,542,294,2
2026-08-11,S02,P201,1000,750,99,901,283,1
2026-08-11,S02,P202,420,0,159,261,316,1
2026-08-11,S02,P203,837,0,216,621,255,1
2026-08-11,S02,P204,41,0,41,0,215,4
2026-08-11,S02,P205,330,269,53,277,116,2
2026-08-11,S02,P206,112,0,112,0,196,3
2026-08-11,S02,P207,309,0,153,156,307,1
2026-08-11,S02,P301,651,492,82,569,177,1
2026-08-11,S02,P302,220,0,85,135,326,2
2026-08-11,S02,P303,693,0,96,597,224,1
2026-08-11,S02,P304,690,0,152,538,325,1
2026-08-11,S02,P305,250,0,96,157,329,4
2026-08-11,S02,P306,0,0,0,0,214,4
2026-08-11,S02,P330,699,699,154,545,277,3
2026-08-11,S02,P401,81,0,55,26,111,3
2026-08-11,S02,P402,205,0,44,161,103,2
2026-08-11,S02,P403,52,0,52,0,114,4
2026-08-11,S02,P404,41,0,41,0,136,3
2026-08-11,S02,P405,149,0,42,107,164,3
2026-08-11,S02,P406,41,0,41,0,151,4
2026-08-11,S02,P407,371,312,112,259,189,2
2026-08-11,S02,P442,186,0,125,61,238,2
2026-08-11,S02,P501,145,0,38,107,80,4
2026-08-11,S02,P502,118,0,65,53,126,4
2026-08-11,S02,P503,196,196,47,149,106,3
2026-08-11,S02,P504,196,0,31,165,72,1
2026-08-11,S02,P505,114,0,31,83,73,4
2026-08-11,S02,P601,184,0,31,153,61,1
2026-08-11,S02,P602,178,0,49,129,99,1
2026-08-11,S02,P603,233,0,30,203,77,1
2026-08-11,S02,P604,118,0,38,80,84,4
2026-08-11,S02,P605,65,0,37,28,56,3
2026-08-11,S02,P701,206,200,44,158,101,2
2026-08-11,S02,P702,278,238,40,238,82,2
2026-08-11,S02,P703,146,0,35,111,78,2
2026-08-11,S02,P704,123,0,48,75,80,1
2026-08-11,S02,P801,148,0,59,89,134,3
2026-08-11,S02,P802,239,0,70,169,129,3
2026-08-11,S02,P803,385,344,85,300,194,2
2026-08-11,S03,P101,179,0,26,153,68,2
2026-08-11,S03,P102,157,0,34,123,93,2
2026-08-11,S03,P103,170,170,50,120,83,4
2026-08-11,S03,P104,129,0,46,83,63,1
2026-08-11,S03,P105,164,164,31,133,63,2
2026-08-11,S03,P106,16,0,16,0,84,4
2026-08-11,S03,P201,16,0,16,0,83,4
2026-08-11,S03,P202,0,0,0,0,75,4
2026-08-11,S03,P203,96,96,24,72,40,3
2026-08-11,S03,P204,108,0,48,60,89,2
2026-08-11,S03,P205,40,0,6,34,22,4
2026-08-11,S03,P206,40,0,23,17,67,4
2026-08-11,S03,P207,32,0,32,0,83,3
2026-08-11,S03,P301,59,0,17,42,59,1
2026-08-11,S03,P302,128,0,23,105,65,2
2026-08-11,S03,P303,50,0,41,9,86,3
2026-08-11,S03,P304,145,0,19,126,51,2
2026-08-11,S03,P305,176,0,35,141,81,1
2026-08-11,S03,P306,232,232,39,193,75,3
2026-08-11,S03,P330,141,0,34,107,66,1
2026-08-11,S03,P401,33,0,11,22,34,4
2026-08-11,S03,P402,12,0,12,0,33,4
2026-08-11,S03,P403,88,0,13,75,33,1
2026-08-11,S03,P404,25,0,11,14,23,2
2026-08-11,S03,P405,60,0,12,48,27,1
2026-08-11,S03,P406,60,0,21,39,35,3
2026-08-11,S03,P407,27,0,16,11,32,2
2026-08-11,S03,P442,231,0,29,202,72,1
2026-08-11,S03,P501,32,0,11,21,14,2
2026-08-11,S03,P502,31,0,11,20,22,4
2026-08-11,S03,P503,41,0,10,36,24,3
2026-08-11,S03,P504,0,0,0,0,16,4
2026-08-11,S03,P505,33,0,5,28,17,2
2026-08-11,S03,P601,59,0,7,52,18,1
2026-08-11,S03,P602,47,0,10,37,16,1
2026-08-11,S03,P603,17,0,8,9,13,4
2026-08-11,S03,P604,28,0,9,19,24,4
2026-08-11,S03,P605,32,0,10,22,19,4
2026-08-11,S03,P701,0,0,0,0,18,3
2026-08-11,S03,P702,3,0,3,0,17,4
2026-08-11,S03,P703,45,45,12,33,17,4
2026-08-11,S03,P704,62,0,12,50,26,1
2026-08-11,S03,P801,82,0,19,63,41,1
2026-08-11,S03,P802,28,0,15,13,36,3
2026-08-11,S03,P803,42,0,20,22,43,3
2026-08-11,S04,P101,0,0,0,0,95,4
2026-08-11,S04,P102,87,0,51,36,113,3
2026-08-11,S04,P103,116,0,56,60,105,4
2026-08-11,S04,P104,0,0,0,0,114,4
2026-08-11,S04,P105,372,372,55,317,145,3
2026-08-11,S04,P106,302,218,46,256,101,1
2026-08-11,S04,P201,295,0,44,251,96,1
2026-08-11,S04,P202,168,0,55,113,98,4
2026-08-11,S04,P203,102,0,52,50,99,3
2026-08-11,S04,P204,194,0,52,142,110,3
2026-08-11,S04,P205,44,0,10,34,27,4
2026-08-11,S04,P206,65,0,39,26,83,4
2026-08-11,S04,P207,195,0,77,118,114,4
2026-08-11,S04,P301,197,197,36,161,62,3
2026-08-11,S04,P302,163,0,40,123,85,1
2026-08-11,S04,P303,0,0,0,0,90,3
2026-08-11,S04,P304,167,0,29,138,79,2
2026-08-11,S04,P305,0,0,0,0,78,4
2026-08-11,S04,P306,151,0,72,79,127,3
2026-08-11,S04,P330,2,0,2,0,86,4
2026-08-11,S04,P401,192,0,29,163,73,1
2026-08-11,S04,P402,138,0,34,104,64,1
2026-08-11,S04,P403,122,0,20,102,44,1
2026-08-11,S04,P404,37,0,22,15,56,3
2026-08-11,S04,P405,117,114,26,91,53,2
2026-08-11,S04,P406,101,0,32,69,46,2
2026-08-11,S04,P407,128,0,32,94,57,3
2026-08-11,S04,P442,54,0,32,22,64,2
2026-08-11,S04,P501,95,95,19,76,29,2
2026-08-11,S04,P502,77,77,16,66,32,3
2026-08-11,S04,P503,60,60,20,40,34,2
2026-08-11,S04,P504,41,0,11,30,28,1
2026-08-11,S04,P505,37,0,11,26,25,1
2026-08-11,S04,P601,8,0,8,0,38,3
2026-08-11,S04,P602,99,0,16,83,30,1
2026-08-11,S04,P603,59,0,7,52,26,1
2026-08-11,S04,P604,88,67,17,71,25,1
2026-08-11,S04,P605,0,0,0,0,34,4
2026-08-11,S04,P701,121,106,13,108,41,2
2026-08-11,S04,P702,39,0,17,22,31,4
2026-08-11,S04,P703,57,0,27,30,45,3
2026-08-11,S04,P704,52,0,12,40,26,1
2026-08-11,S04,P801,28,0,28,0,64,3
2026-08-11,S04,P802,50,0,25,25,55,3
2026-08-11,S04,P803,15,0,15,5,38,3
2026-08-11,S05,P101,122,0,37,85,92,3
2026-08-11,S05,P102,96,0,32,64,72,3
2026-08-11,S05,P103,202,176,38,164,76,2
2026-08-11,S05,P104,103,0,30,73,56,1
2026-08-11,S05,P105,76,0,34,42,63,4
2026-08-11,S05,P106,25,0,25,0,69,3
2026-08-11,S05,P201,78,0,48,30,51,4
2026-08-11,S05,P202,133,133,37,96,69,3
2026-08-11,S05,P203,54,0,37,17,80,2
2026-08-11,S05,P204,171,0,36,135,60,2
2026-08-11,S05,P205,7,0,6,1,19,4
2026-08-11,S05,P206,83,0,24,59,50,2
2026-08-11,S05,P207,14,0,14,0,55,4
2026-08-11,S05,P301,100,0,26,74,63,2
2026-08-11,S05,P302,79,0,27,52,70,3
2026-08-11,S05,P303,55,0,28,27,73,3
2026-08-11,S05,P304,147,147,23,124,53,3
2026-08-11,S05,P305,146,123,21,125,45,2
2026-08-11,S05,P306,134,0,37,97,64,2
2026-08-11,S05,P330,161,0,29,132,49,1
2026-08-11,S05,P401,55,55,8,47,21,3
2026-08-11,S05,P402,78,0,13,65,30,3
2026-08-11,S05,P403,58,0,21,37,39,1
2026-08-11,S05,P404,13,0,11,2,21,3
2026-08-11,S05,P405,5,0,5,0,21,3
2026-08-11,S05,P406,102,77,15,87,31,1
2026-08-11,S05,P407,108,79,16,92,30,1
2026-08-11,S05,P442,8,0,8,0,53,3
2026-08-11,S05,P501,0,0,0,0,13,4
2026-08-11,S05,P502,1,0,1,0,14,3
2026-08-11,S05,P503,6,0,6,0,11,3
2026-08-11,S05,P504,52,0,11,41,24,1
2026-08-11,S05,P505,43,0,8,35,17,2
2026-08-11,S05,P601,18,0,7,11,13,2
2026-08-11,S05,P602,24,0,8,16,15,4
2026-08-11,S05,P603,62,50,7,55,19,1
2026-08-11,S05,P604,32,32,6,26,15,3
2026-08-11,S05,P605,12,0,4,13,11,2
2026-08-11,S05,P701,59,44,13,46,18,1
2026-08-11,S05,P702,67,0,8,59,25,1
2026-08-11,S05,P703,50,0,12,38,21,1
2026-08-11,S05,P704,72,55,11,61,25,1
2026-08-11,S05,P801,13,0,13,0,44,3
2026-08-11,S05,P802,1,0,1,0,32,3
2026-08-11,S05,P803,187,147,15,172,46,1
2026-08-11,S06,P101,67,0,46,21,86,4
2026-08-11,S06,P102,109,0,61,48,101,1
2026-08-11,S06,P103,157,0,54,103,142,2
2026-08-11,S06,P104,0,0,0,0,81,4
2026-08-11,S06,P105,173,0,48,125,98,4
2026-08-11,S06,P106,92,0,52,40,117,3
2026-08-11,S06,P201,214,0,40,174,88,1
2026-08-11,S06,P202,182,182,29,153,65,3
2026-08-11,S06,P203,33,0,28,5,60,2
2026-08-11,S06,P204,106,0,30,76,108,2
2026-08-11,S06,P205,3,0,3,0,29,4
2026-08-11,S06,P206,0,0,0,0,87,4
2026-08-11,S06,P207,78,0,36,42,73,3
2026-08-11,S06,P301,301,0,33,268,96,1
2026-08-11,S06,P302,242,179,42,200,76,1
2026-08-11,S06,P303,198,198,42,156,81,3
2026-08-11,S06,P304,158,158,38,120,72,2
2026-08-11,S06,P305,276,0,58,218,90,1
2026-08-11,S06,P306,13,0,13,0,82,3
2026-08-11,S06,P330,53,0,42,11,85,2
2026-08-11,S06,P401,169,133,25,144,48,1
2026-08-11,S06,P402,73,73,14,59,34,2
2026-08-11,S06,P403,93,0,17,76,42,2
2026-08-11,S06,P404,57,0,20,37,51,3
2026-08-11,S06,P405,109,0,29,80,60,4
2026-08-11,S06,P406,0,0,0,0,34,3
2026-08-11,S06,P407,16,0,16,0,41,3
2026-08-11,S06,P442,106,0,30,76,88,2
2026-08-11,S06,P501,66,0,9,57,25,3
2026-08-11,S06,P502,32,0,18,14,38,2
2026-08-11,S06,P503,71,67,21,50,34,2
2026-08-11,S06,P504,41,0,9,30,20,3
2026-08-11,S06,P505,27,0,16,11,27,3
2026-08-11,S06,P601,73,61,10,63,18,1
2026-08-11,S06,P602,110,97,15,95,33,2
2026-08-11,S06,P603,66,66,9,57,24,3
2026-08-11,S06,P604,24,0,9,15,19,1
2026-08-11,S06,P605,86,86,9,77,31,3
2026-08-11,S06,P701,22,0,15,7,20,1
2026-08-11,S06,P702,22,0,12,10,37,3
2026-08-11,S06,P703,37,0,18,19,32,1
2026-08-11,S06,P704,80,68,14,66,29,2
2026-08-11,S06,P801,106,0,34,72,53,1
2026-08-11,S06,P802,85,0,31,54,76,1
2026-08-11,S06,P803,111,0,22,89,53,4
2026-08-12,S01,P101,321,321,46,275,121,3
2026-08-12,S01,P102,196,0,49,147,98,2
2026-08-12,S01,P103,367,367,64,303,164,4
2026-08-12,S01,P104,246,0,48,198,143,3
2026-08-12,S01,P105,226,0,55,171,124,4
2026-08-12,S01,P106,248,0,66,182,126,3
2026-08-12,S01,P201,164,0,43,121,89,3
2026-08-12,S01,P202,247,0,62,185,150,1
2026-08-12,S01,P203,327,0,67,260,159,3
2026-08-12,S01,P204,273,273,59,214,117,3
2026-08-12,S01,P205,87,0,11,76,27,1
2026-08-12,S01,P206,184,0,42,142,92,3
2026-08-12,S01,P207,268,0,42,226,111,3
2026-08-12,S01,P301,193,0,75,118,139,2
2026-08-12,S01,P302,147,0,64,83,106,2
2026-08-12,S01,P303,324,324,47,277,109,3
2026-08-12,S01,P304,76,0,41,35,74,3
2026-08-12,S01,P305,164,0,51,113,76,2
2026-08-12,S01,P306,132,0,39,93,83,1
2026-08-12,S01,P330,0,0,0,0,93,4
2026-08-12,S01,P401,212,0,27,185,71,2
2026-08-12,S01,P402,124,0,19,105,46,2
2026-08-12,S01,P403,73,0,22,51,46,3
2026-08-12,S01,P404,47,0,31,16,61,4
2026-08-12,S01,P405,71,0,20,51,43,4
2026-08-12,S01,P406,148,148,28,120,71,4
2026-08-12,S01,P407,82,0,23,59,55,1
2026-08-12,S01,P442,363,363,57,306,132,3
2026-08-12,S01,P501,8,0,8,0,41,3
2026-08-12,S01,P502,76,0,12,64,28,1
2026-08-12,S01,P503,51,0,17,34,40,1
2026-08-12,S01,P504,29,0,18,14,30,3
2026-08-12,S01,P505,0,0,0,0,37,4
2026-08-12,S01,P601,89,73,13,76,32,2
2026-08-12,S01,P602,95,0,16,79,37,2
2026-08-12,S01,P603,61,61,22,39,36,4
2026-08-12,S01,P604,39,0,12,27,23,2
2026-08-12,S01,P605,108,0,16,92,33,1
2026-08-12,S01,P701,77,0,16,61,36,2
2026-08-12,S01,P702,0,0,0,0,53,4
2026-08-12,S01,P703,108,0,22,86,47,1
2026-08-12,S01,P704,21,0,16,5,33,3
2026-08-12,S01,P801,72,0,32,40,60,4
2026-08-12,S01,P802,309,283,51,258,90,2
2026-08-12,S01,P803,38,0,38,0,59,2
2026-08-12,S02,P101,645,0,235,410,333,3
2026-08-12,S02,P102,1035,801,131,904,347,1
2026-08-12,S02,P103,737,0,169,568,334,1
2026-08-12,S02,P104,643,0,157,486,268,1
2026-08-12,S02,P105,74,0,74,0,300,3
2026-08-12,S02,P106,542,0,163,379,294,2
2026-08-12,S02,P201,901,0,157,744,283,1
2026-08-12,S02,P202,870,609,156,714,316,1
2026-08-12,S02,P203,621,0,135,486,255,1
2026-08-12,S02,P204,0,0,0,0,215,4
2026-08-12,S02,P205,277,0,51,226,116,2
2026-08-12,S02,P206,0,0,0,0,196,3
2026-08-12,S02,P207,709,553,217,492,307,1
2026-08-12,S02,P301,569,0,111,458,177,1
2026-08-12,S02,P302,845,710,153,692,326,2
2026-08-12,S02,P303,597,0,126,471,224,1
2026-08-12,S02,P304,538,0,132,406,325,1
2026-08-12,S02,P305,154,0,107,47,329,4
2026-08-12,S02,P306,0,0,0,0,214,4
2026-08-12,S02,P330,545,0,155,390,277,3
2026-08-12,S02,P401,26,0,26,0,111,3
2026-08-12,S02,P402,161,0,48,113,103,2
2026-08-12,S02,P403,0,0,0,0,114,4
2026-08-12,S02,P404,269,269,59,210,136,3
2026-08-12,S02,P405,107,0,59,48,164,3
2026-08-12,S02,P406,0,0,0,0,151,4
2026-08-12,S02,P407,259,0,96,163,189,2
2026-08-12,S02,P442,567,506,132,435,238,2
2026-08-12,S02,P501,107,0,32,75,80,4
2026-08-12,S02,P502,53,0,45,8,126,4
2026-08-12,S02,P503,149,0,43,106,106,3
2026-08-12,S02,P504,165,0,28,137,72,1
2026-08-12,S02,P505,83,0,32,51,73,4
2026-08-12,S02,P601,153,0,28,125,61,1
2026-08-12,S02,P602,129,0,37,92,99,1
2026-08-12,S02,P603,203,0,49,154,77,1
2026-08-12,S02,P604,80,0,52,28,84,4
2026-08-12,S02,P605,28,0,23,5,56,3
2026-08-12,S02,P701,162,0,57,105,101,2
2026-08-12,S02,P702,238,0,35,203,82,2
2026-08-12,S02,P703,111,0,45,66,78,2
2026-08-12,S02,P704,308,233,42,266,80,1
2026-08-12,S02,P801,89,0,66,23,134,3
2026-08-12,S02,P802,169,0,53,116,129,3
2026-08-12,S02,P803,300,0,81,219,194,2
2026-08-12,S03,P101,153,0,31,122,68,2
2026-08-12,S03,P102,123,0,51,72,93,2
2026-08-12,S03,P103,120,0,43,77,83,4
2026-08-12,S03,P104,83,0,33,50,63,1
2026-08-12,S03,P105,133,0,36,97,63,2
2026-08-12,S03,P106,0,0,0,0,84,4
2026-08-12,S03,P201,0,0,0,0,83,4
2026-08-12,S03,P202,0,0,0,0,75,4
2026-08-12,S03,P203,72,0,26,46,40,3
2026-08-12,S03,P204,60,0,45,15,89,2
2026-08-12,S03,P205,34,0,9,25,22,4
2026-08-12,S03,P206,17,0,17,0,67,4
2026-08-12,S03,P207,200,200,38,162,83,3
2026-08-12,S03,P301,176,134,16,160,59,1
2026-08-12,S03,P302,105,0,43,62,65,2
2026-08-12,S03,P303,9,0,9,0,86,3
2026-08-12,S03,P304,126,0,25,101,51,2
2026-08-12,S03,P305,141,0,33,108,81,1
2026-08-12,S03,P306,193,0,59,134,75,3
2026-08-12,S03,P330,107,0,34,73,66,1
2026-08-12,S03,P401,22,0,15,7,34,4
2026-08-12,S03,P402,0,0,0,0,33,4
2026-08-12,S03,P403,75,0,13,62,33,1
2026-08-12,S03,P404,14,0,14,0,23,2
2026-08-12,S03,P405,48,0,15,33,27,1
2026-08-12,S03,P406,39,0,10,29,35,3
2026-08-12,S03,P407,107,96,14,93,32,2
2026-08-12,S03,P442,202,0,37,165,72,1
2026-08-12,S03,P501,21,0,7,14,14,2
2026-08-12,S03,P502,20,0,11,9,22,4
2026-08-12,S03,P503,31,0,10,21,24,3
2026-08-12,S03,P504,43,43,6,37,16,4
2026-08-12,S03,P505,28,0,9,24,17,2
2026-08-12,S03,P601,52,0,5,47,18,1
2026-08-12,S03,P602,37,0,8,29,16,1
2026-08-12,S03,P603,9,0,7,2,13,4
2026-08-12,S03,P604,19,0,9,10,24,4
2026-08-12,S03,P605,22,0,9,13,19,4
2026-08-12,S03,P701,32,32,10,22,18,3
2026-08-12,S03,P702,0,0,0,0,17,4
2026-08-12,S03,P703,33,0,11,22,17,4
2026-08-12,S03,P704,50,0,15,35,26,1
2026-08-12,S03,P801,63,0,18,45,41,1
2026-08-12,S03,P802,13,0,13,0,36,3
2026-08-12,S03,P803,22,0,19,3,43,3
2026-08-12,S04,P101,207,207,44,163,95,4
2026-08-12,S04,P102,36,0,36,0,113,3
2026-08-12,S04,P103,60,0,58,2,105,4
2026-08-12,S04,P104,193,193,63,130,114,4
2026-08-12,S04,P105,317,0,82,235,145,3
2026-08-12,S04,P106,256,0,64,192,101,1
2026-08-12,S04,P201,251,0,50,201,96,1
2026-08-12,S04,P202,113,0,73,40,98,4
2026-08-12,S04,P203,50,0,50,0,99,3
2026-08-12,S04,P204,142,0,61,81,110,3
2026-08-12,S04,P205,34,0,12,22,27,4
2026-08-12,S04,P206,26,0,26,0,83,4
2026-08-12,S04,P207,118,0,64,54,114,4
2026-08-12,S04,P301,161,0,26,135,62,3
2026-08-12,S04,P302,123,0,49,74,85,1
2026-08-12,S04,P303,332,332,42,290,90,3
2026-08-12,S04,P304,138,0,39,99,79,2
2026-08-12,S04,P305,191,191,42,149,78,4
2026-08-12,S04,P306,79,0,65,14,127,3
2026-08-12,S04,P330,0,0,0,0,86,4
2026-08-12,S04,P401,163,0,36,127,73,1
2026-08-12,S04,P402,104,0,18,86,64,1
2026-08-12,S04,P403,102,0,15,87,44,1
2026-08-12,S04,P404,15,0,15,0,56,3
2026-08-12,S04,P405,91,0,17,74,53,2
2026-08-12,S04,P406,69,0,33,36,46,2
2026-08-12,S04,P407,96,0,27,69,57,3
2026-08-12,S04,P442,170,148,32,138,64,2
2026-08-12,S04,P501,76,0,20,56,29,2
2026-08-12,S04,P502,61,0,15,46,32,3
2026-08-12,S04,P503,40,0,18,22,34,2
2026-08-12,S04,P504,30,0,12,18,28,1
2026-08-12,S04,P505,26,0,8,18,25,1
2026-08-12,S04,P601,69,69,16,53,38,3
2026-08-12,S04,P602,83,0,10,73,30,1
2026-08-12,S04,P603,52,0,10,42,26,1
2026-08-12,S04,P604,71,0,11,60,25,1
2026-08-12,S04,P605,81,81,13,68,34,4
2026-08-12,S04,P701,108,0,21,87,41,2
2026-08-12,S04,P702,22,0,13,9,31,4
2026-08-12,S04,P703,30,0,23,7,45,3
2026-08-12,S04,P704,40,0,17,23,26,1
2026-08-12,S04,P801,0,0,0,0,64,3
2026-08-12,S04,P802,25,0,18,7,55,3
2026-08-12,S04,P803,92,92,18,74,38,3
2026-08-12,S05,P101,85,0,42,43,92,3
2026-08-12,S05,P102,64,0,36,28,72,3
2026-08-12,S05,P103,164,0,44,120,76,2
2026-08-12,S05,P104,73,0,25,48,56,1
2026-08-12,S05,P105,42,0,29,13,63,4
2026-08-12,S05,P106,229,229,48,181,69,3
2026-08-12,S05,P201,30,0,30,0,51,4
2026-08-12,S05,P202,96,0,38,58,69,3
2026-08-12,S05,P203,253,236,46,207,80,2
2026-08-12,S05,P204,135,0,42,93,60,2
2026-08-12,S05,P205,1,0,1,0,19,4
2026-08-12,S05,P206,59,0,26,33,50,2
2026-08-12,S05,P207,0,0,0,0,55,4
2026-08-12,S05,P301,74,0,33,41,63,2
2026-08-12,S05,P302,52,0,45,7,70,3
2026-08-12,S05,P303,27,0,27,0,73,3
2026-08-12,S05,P304,124,0,32,92,53,3
2026-08-12,S05,P305,125,0,17,108,45,2
2026-08-12,S05,P306,97,0,23,74,64,2
2026-08-12,S05,P330,132,0,30,102,49,1
2026-08-12,S05,P401,47,0,9,38,21,3
2026-08-12,S05,P402,65,0,13,52,30,3
2026-08-12,S05,P403,118,81,20,98,39,1
2026-08-12,S05,P404,2,0,2,0,21,3
2026-08-12,S05,P405,66,66,13,53,21,3
2026-08-12,S05,P406,87,0,15,72,31,1
2026-08-12,S05,P407,92,0,16,76,30,1
2026-08-12,S05,P442,131,131,26,105,53,3
2026-08-12,S05,P501,30,30,4,26,13,4
2026-08-12,S05,P502,32,32,9,23,14,3
2026-08-12,S05,P503,0,0,0,0,11,3
2026-08-12,S05,P504,41,0,8,33,24,1
2026-08-12,S05,P505,35,0,9,26,17,2
2026-08-12,S05,P601,11,0,8,3,13,2
2026-08-12,S05,P602,16,0,7,9,15,4
2026-08-12,S05,P603,55,0,12,43,19,1
2026-08-12,S05,P604,26,0,7,19,15,3
2026-08-12,S05,P605,8,0,4,4,11,2
2026-08-12,S05,P701,46,0,12,34,18,1
2026-08-12,S05,P702,59,0,12,47,25,1
2026-08-12,S05,P703,38,0,6,32,21,1
2026-08-12,S05,P704,61,0,11,50,25,1
2026-08-12,S05,P801,97,97,18,79,44,3
2026-08-12,S05,P802,87,87,22,65,32,3
2026-08-12,S05,P803,172,0,13,159,46,1
2026-08-12,S06,P101,21,0,21,0,86,4
2026-08-12,S06,P102,381,333,53,328,101,1
2026-08-12,S06,P103,103,0,62,41,142,2
2026-08-12,S06,P104,197,197,57,140,81,4
2026-08-12,S06,P105,125,0,60,65,98,4
2026-08-12,S06,P106,40,0,40,0,117,3
2026-08-12,S06,P201,174,0,32,142,88,1
2026-08-12,S06,P202,153,0,22,131,65,3
2026-08-12,S06,P203,123,118,32,91,60,2
2026-08-12,S06,P204,280,204,46,234,108,2
2026-08-12,S06,P205,0,0,0,0,29,4
2026-08-12,S06,P206,310,310,36,274,87,4
2026-08-12,S06,P207,42,0,42,0,73,3
2026-08-12,S06,P301,268,0,31,237,96,1
2026-08-12,S06,P302,200,0,32,168,76,1
2026-08-12,S06,P303,156,0,46,110,81,3
2026-08-12,S06,P304,120,0,42,78,72,2
2026-08-12,S06,P305,218,0,72,146,90,1
2026-08-12,S06,P306,165,165,33,132,82,3
2026-08-12,S06,P330,296,285,38,258,85,2
2026-08-12,S06,P401,144,0,28,116,48,1
2026-08-12,S06,P402,59,0,16,43,34,2
2026-08-12,S06,P403,76,0,19,57,42,2
2026-08-12,S06,P404,37,0,18,19,51,3
2026-08-12,S06,P405,80,0,32,48,60,4
2026-08-12,S06,P406,109,109,19,90,34,3
2026-08-12,S06,P407,107,107,19,88,41,3
2026-08-12,S06,P442,76,0,43,33,88,2
2026-08-12,S06,P501,57,0,11,46,25,3
2026-08-12,S06,P502,107,93,13,94,38,2
2026-08-12,S06,P503,50,0,13,37,34,2
2026-08-12,S06,P504,32,0,11,21,20,3
2026-08-12,S06,P505,11,0,11,0,27,3
2026-08-12,S06,P601,63,0,8,55,18,1
2026-08-12,S06,P602,95,0,14,81,33,2
2026-08-12,S06,P603,57,0,11,46,24,3
2026-08-12,S06,P604,48,33,13,35,19,1
2026-08-12,S06,P605,77,0,14,63,31,3
2026-08-12,S06,P701,70,63,8,62,20,1
2026-08-12,S06,P702,104,94,15,89,37,3
2026-08-12,S06,P703,88,69,20,68,32,1
2026-08-12,S06,P704,66,0,14,52,29,2
2026-08-12,S06,P801,72,0,36,36,53,1
2026-08-12,S06,P802,255,201,41,214,76,1
2026-08-12,S06,P803,89,0,25,64,53,4
2026-08-13,S01,P101,275,0,58,217,121,3
2026-08-13,S01,P102,147,0,50,97,98,2
2026-08-13,S01,P103,303,0,63,240,164,4
2026-08-13,S01,P104,198,0,53,145,143,3
2026-08-13,S01,P105,171,0,62,109,124,4
2026-08-13,S01,P106,182,0,55,127,126,3
2026-08-13,S01,P201,121,0,27,94,89,3
2026-08-13,S01,P202,185,0,59,126,150,1
2026-08-13,S01,P203,260,0,60,200,159,3
2026-08-13,S01,P204,214,0,58,156,117,3
2026-08-13,S01,P205,76,0,16,60,27,1
2026-08-13,S01,P206,142,0,37,105,92,3
2026-08-13,S01,P207,226,0,51,175,111,3
2026-08-13,S01,P301,118,0,62,56,139,2
2026-08-13,S01,P302,83,0,41,42,106,2
2026-08-13,S01,P303,277,0,44,233,109,3
2026-08-13,S01,P304,35,0,35,0,74,3
2026-08-13,S01,P305,113,0,43,70,76,2
2026-08-13,S01,P306,93,0,27,66,83,1
2026-08-13,S01,P330,235,235,40,195,93,4
2026-08-13,S01,P401,185,0,31,154,71,2
2026-08-13,S01,P402,105,0,26,79,46,2
2026-08-13,S01,P403,51,0,23,28,46,3
2026-08-13,S01,P404,16,0,16,0,61,4
2026-08-13,S01,P405,51,0,20,31,43,4
2026-08-13,S01,P406,120,0,33,87,71,4
2026-08-13,S01,P407,59,0,22,37,55,1
2026-08-13,S01,P442,306,0,69,237,132,3
2026-08-13,S01,P501,120,120,22,98,41,3
2026-08-13,S01,P502,64,0,14,50,28,1
2026-08-13,S01,P503,111,77,20,91,40,1
2026-08-13,S01,P504,11,0,11,0,30,3
2026-08-13,S01,P505,99,99,14,85,37,4
2026-08-13,S01,P601,76,0,14,62,32,2
2026-08-13,S01,P602,79,0,15,64,37,2
2026-08-13,S01,P603,39,0,14,25,36,4
2026-08-13,S01,P604,27,0,13,14,23,2
2026-08-13,S01,P605,92,0,16,76,33,1
2026-08-13,S01,P701,61,0,12,49,36,2
2026-08-13,S01,P702,128,128,17,111,53,4
2026-08-13,S01,P703,86,0,28,58,47,1
2026-08-13,S01,P704,5,0,5,0,33,3
2026-08-13,S01,P801,40,0,34,6,60,4
2026-08-13,S01,P802,258,0,39,219,90,2
2026-08-13,S01,P803,182,182,34,148,59,2
2026-08-13,S02,P101,410,0,216,194,333,3
2026-08-13,S02,P102,904,0,208,696,347,1
2026-08-13,S02,P103,568,0,116,452,334,1
2026-08-13,S02,P104,486,0,133,356,268,1
2026-08-13,S02,P105,759,759,159,600,300,3
2026-08-13,S02,P106,379,0,153,226,294,2
2026-08-13,S02,P201,744,0,123,621,283,1
2026-08-13,S02,P202,714,0,147,567,316,1
2026-08-13,S02,P203,486,0,189,297,255,1
2026-08-13,S02,P204,516,516,103,413,215,4
2026-08-13,S02,P205,226,0,60,166,116,2
2026-08-13,S02,P206,430,430,138,292,196,3
2026-08-13,S02,P207,492,0,161,331,307,1
2026-08-13,S02,P301,458,0,87,371,177,1
2026-08-13,S02,P302,692,0,123,569,326,2
2026-08-13,S02,P303,471,0,138,333,224,1
2026-08-13,S02,P304,406,0,116,290,325,1
2026-08-13,S02,P305,47,0,47,0,329,4
2026-08-13,S02,P306,719,719,107,612,214,4
2026-08-13,S02,P330,390,0,165,225,277,3
2026-08-13,S02,P401,320,320,65,255,111,3
2026-08-13,S02,P402,113,0,35,78,103,2
2026-08-13,S02,P403,336,336,43,293,114,4
2026-08-13,S02,P404,210,0,55,151,136,3
2026-08-13,S02,P405,419,371,91,328,164,3
2026-08-13,S02,P406,444,444,60,384,151,4
2026-08-13,S02,P407,163,0,76,87,189,2
2026-08-13,S02,P442,435,0,74,361,238,2
2026-08-13,S02,P501,75,0,41,34,80,4
2026-08-13,S02,P502,8,0,8,0,126,4
2026-08-13,S02,P503,106,0,50,56,106,3
2026-08-13,S02,P504,137,0,38,99,72,1
2026-08-13,S02,P505,51,0,39,12,73,4
2026-08-13,S02,P601,125,0,43,82,61,1
2026-08-13,S02,P602,335,243,36,299,99,1
2026-08-13,S02,P603,154,0,29,125,77,1
2026-08-13,S02,P604,28,0,28,0,84,4
2026-08-13,S02,P605,5,0,5,0,56,3
2026-08-13,S02,P701,105,0,42,63,101,2
2026-08-13,S02,P702,203,0,41,162,82,2
2026-08-13,S02,P703,66,0,39,27,78,2
2026-08-13,S02,P704,266,0,47,219,80,1
2026-08-13,S02,P801,23,0,23,0,134,3
2026-08-13,S02,P802,116,0,67,49,129,3
2026-08-13,S02,P803,219,0,109,110,194,2
2026-08-13,S03,P101,122,0,34,88,68,2
2026-08-13,S03,P102,72,0,43,29,93,2
2026-08-13,S03,P103,77,0,44,33,83,4
2026-08-13,S03,P104,229,179,32,197,63,1
2026-08-13,S03,P105,97,0,23,74,63,2
2026-08-13,S03,P106,215,215,35,180,84,4
2026-08-13,S03,P201,203,203,41,162,83,4
2026-08-13,S03,P202,163,163,36,127,75,4
2026-08-13,S03,P203,46,0,22,24,40,3
2026-08-13,S03,P204,265,250,42,223,89,2
2026-08-13,S03,P205,25,0,8,17,22,4
2026-08-13,S03,P206,0,0,0,0,67,4
2026-08-13,S03,P207,162,0,40,122,83,3
2026-08-13,S03,P301,160,0,25,135,59,1
2026-08-13,S03,P302,62,0,30,32,65,2
2026-08-13,S03,P303,145,145,51,94,86,3
2026-08-13,S03,P304,101,0,39,62,51,2
2026-08-13,S03,P305,108,0,44,64,81,1
2026-08-13,S03,P306,134,0,59,75,75,3
2026-08-13,S03,P330,73,0,40,33,66,1
2026-08-13,S03,P401,7,0,7,0,34,4
2026-08-13,S03,P402,77,77,14,63,33,4
2026-08-13,S03,P403,62,0,20,42,33,1
2026-08-13,S03,P404,89,89,12,77,23,2
2026-08-13,S03,P405,33,0,10,23,27,1
2026-08-13,S03,P406,29,0,13,16,35,3
2026-08-13,S03,P407,93,0,18,75,32,2
2026-08-13,S03,P442,165,0,30,135,72,1
2026-08-13,S03,P501,14,0,9,5,14,2
2026-08-13,S03,P502,9,0,8,1,22,4
2026-08-13,S03,P503,21,0,13,8,24,3
2026-08-13,S03,P504,37,0,7,30,16,4
2026-08-13,S03,P505,19,0,6,13,17,2
2026-08-13,S03,P601,47,0,8,39,18,1
2026-08-13,S03,P602,29,0,8,21,16,1
2026-08-13,S03,P603,2,0,2,0,13,4
2026-08-13,S03,P604,10,0,10,0,24,4
2026-08-13,S03,P605,13,0,8,5,19,4
2026-08-13,S03,P701,22,0,12,10,18,3
2026-08-13,S03,P702,42,42,10,32,17,4
2026-08-13,S03,P703,22,0,9,13,17,4
2026-08-13,S03,P704,35,0,14,21,26,1
2026-08-13,S03,P801,45,0,20,25,41,1
2026-08-13,S03,P802,126,126,15,111,36,3
2026-08-13,S03,P803,89,86,13,76,43,3
2026-08-13,S04,P101,163,0,51,112,95,4
2026-08-13,S04,P102,304,304,47,257,113,3
2026-08-13,S04,P103,2,0,2,0,105,4
2026-08-13,S04,P104,130,0,79,51,114,4
2026-08-13,S04,P105,235,0,71,164,145,3
2026-08-13,S04,P106,192,0,41,151,101,1
2026-08-13,S04,P201,201,0,60,139,96,1
2026-08-13,S04,P202,40,0,40,0,98,4
2026-08-13,S04,P203,0,0,0,0,99,3
2026-08-13,S04,P204,81,0,58,23,110,3
2026-08-13,S04,P205,22,0,17,5,27,4
2026-08-13,S04,P206,0,0,0,0,83,4
2026-08-13,S04,P207,54,0,54,0,114,4
2026-08-13,S04,P301,135,0,33,102,62,3
2026-08-13,S04,P302,244,170,34,210,85,1
2026-08-13,S04,P303,290,0,49,241,90,3
2026-08-13,S04,P304,99,0,54,45,79,2
2026-08-13,S04,P305,149,0,33,116,78,4
2026-08-13,S04,P306,14,0,14,0,127,3
2026-08-13,S04,P330,216,216,52,164,86,4
2026-08-13,S04,P401,127,0,33,94,73,1
2026-08-13,S04,P402,86,0,35,51,64,1
2026-08-13,S04,P403,87,0,18,69,44,1
2026-08-13,S04,P404,187,187,28,159,56,3
2026-08-13,S04,P405,74,0,23,51,53,2
2026-08-13,S04,P406,36,0,20,16,46,2
2026-08-13,S04,P407,69,0,26,43,57,3
2026-08-13,S04,P442,138,0,30,108,64,2
2026-08-13,S04,P501,56,0,14,42,29,2
2026-08-13,S04,P502,46,0,14,37,32,3
2026-08-13,S04,P503,22,0,22,0,34,2
2026-08-13,S04,P504,70,52,13,57,28,1
2026-08-13,S04,P505,80,62,12,68,25,1
2026-08-13,S04,P601,53,0,22,31,38,3
2026-08-13,S04,P602,73,0,19,54,30,1
2026-08-13,S04,P603,42,0,16,26,26,1
2026-08-13,S04,P604,60,0,12,48,25,1
2026-08-13,S04,P605,68,0,14,54,34,4
2026-08-13,S04,P701,87,0,20,67,41,2
2026-08-13,S04,P702,9,0,9,0,31,4
2026-08-13,S04,P703,7,0,7,0,45,3
2026-08-13,S04,P704,96,73,12,84,26,1
2026-08-13,S04,P801,215,215,46,169,64,3
2026-08-13,S04,P802,109,102,25,84,55,3
2026-08-13,S04,P803,74,0,20,54,38,3
2026-08-13,S05,P101,43,0,40,6,92,3
2026-08-13,S05,P102,28,0,28,0,72,3
2026-08-13,S05,P103,120,0,39,81,76,2
2026-08-13,S05,P104,160,112,22,138,56,1
2026-08-13,S05,P105,13,0,13,0,63,4
2026-08-13,S05,P106,181,0,42,139,69,3
2026-08-13,S05,P201,0,0,0,0,51,4
2026-08-13,S05,P202,58,0,30,28,69,3
2026-08-13,S05,P203,207,0,27,180,80,2
2026-08-13,S05,P204,93,0,25,68,60,2
2026-08-13,S05,P205,61,61,9,52,19,4
2026-08-13,S05,P206,33,0,18,15,50,2
2026-08-13,S05,P207,201,201,34,167,55,4
2026-08-13,S05,P301,41,0,37,4,63,2
2026-08-13,S05,P302,7,0,7,0,70,3
2026-08-13,S05,P303,145,145,28,117,73,3
2026-08-13,S05,P304,92,0,26,66,53,3
2026-08-13,S05,P305,108,0,17,91,45,2
2026-08-13,S05,P306,74,0,33,41,64,2
2026-08-13,S05,P330,102,0,29,73,49,1
2026-08-13,S05,P401,38,0,8,30,21,3
2026-08-13,S05,P402,52,0,17,35,30,3
2026-08-13,S05,P403,98,0,15,83,39,1
2026-08-13,S05,P404,58,58,10,48,21,3
2026-08-13,S05,P405,53,0,8,45,21,3
2026-08-13,S05,P406,72,0,19,53,31,1
2026-08-13,S05,P407,76,0,21,55,30,1
2026-08-13,S05,P442,105,0,26,79,53,3
2026-08-13,S05,P501,26,0,10,16,13,4
2026-08-13,S05,P502,23,0,6,17,14,3
2026-08-13,S05,P503,40,40,8,32,11,3
2026-08-13,S05,P504,33,0,10,23,24,1
2026-08-13,S05,P505,26,0,7,19,17,2
2026-08-13,S05,P601,36,33,7,29,13,2
2026-08-13,S05,P602,9,0,6,3,15,4
2026-08-13,S05,P603,43,0,11,32,19,1
2026-08-13,S05,P604,19,0,5,14,15,3
2026-08-13,S05,P605,38,34,4,34,11,2
2026-08-13,S05,P701,34,0,10,24,18,1
2026-08-13,S05,P702,47,0,15,32,25,1
2026-08-13,S05,P703,32,0,11,21,21,1
2026-08-13,S05,P704,50,0,11,39,25,1
2026-08-13,S05,P801,79,0,25,54,44,3
2026-08-13,S05,P802,65,0,13,52,32,3
2026-08-13,S05,P803,159,0,25,134,46,1
2026-08-13,S06,P101,0,0,0,0,86,4
2026-08-13,S06,P102,328,0,54,274,101,1
2026-08-13,S06,P103,330,289,58,272,142,2
2026-08-13,S06,P104,140,0,30,110,81,4
2026-08-13,S06,P105,65,0,61,4,98,4
2026-08-13,S06,P106,265,265,33,232,117,3
2026-08-13,S06,P201,142,0,32,110,88,1
2026-08-13,S06,P202,131,0,29,102,65,3
2026-08-13,S06,P203,91,0,22,69,60,2
2026-08-13,S06,P204,234,0,59,175,108,2
2026-08-13,S06,P205,74,74,18,56,29,4
2026-08-13,S06,P206,274,0,53,221,87,4
2026-08-13,S06,P207,0,0,0,0,73,3
2026-08-13,S06,P301,237,0,55,182,96,1
2026-08-13,S06,P302,168,0,46,122,76,1
2026-08-13,S06,P303,110,0,33,77,81,3
2026-08-13,S06,P304,78,0,39,39,72,2
2026-08-13,S06,P305,146,0,56,90,90,1
2026-08-13,S06,P306,132,0,40,92,82,3
2026-08-13,S06,P330,258,0,50,208,85,2
2026-08-13,S06,P401,116,0,25,91,48,1
2026-08-13,S06,P402,43,0,17,26,34,2
2026-08-13,S06,P403,57,0,23,34,42,2
2026-08-13,S06,P404,19,0,15,4,51,3
2026-08-13,S06,P405,48,0,30,18,60,4
2026-08-13,S06,P406,90,0,19,71,34,3
2026-08-13,S06,P407,88,0,16,72,41,3
2026-08-13,S06,P442,193,160,34,159,88,2
2026-08-13,S06,P501,46,0,13,33,25,3
2026-08-13,S06,P502,94,0,16,78,38,2
2026-08-13,S06,P503,37,0,17,20,34,2
2026-08-13,S06,P504,21,0,8,13,20,3
2026-08-13,S06,P505,0,0,0,0,27,3
2026-08-13,S06,P601,55,0,8,47,18,1
2026-08-13,S06,P602,81,0,23,58,33,2
2026-08-13,S06,P603,46,0,11,35,24,3
2026-08-13,S06,P604,35,0,8,27,19,1
2026-08-13,S06,P605,63,0,10,53,31,3
2026-08-13,S06,P701,62,0,10,52,20,1
2026-08-13,S06,P702,89,0,12,77,37,3
2026-08-13,S06,P703,68,0,24,44,32,1
2026-08-13,S06,P704,52,0,12,40,29,2
2026-08-13,S06,P801,148,112,19,129,53,1
2026-08-13,S06,P802,214,0,32,182,76,1
2026-08-13,S06,P803,64,0,24,40,53,4
2026-08-14,S01,P101,217,0,54,163,121,3
2026-08-14,S01,P102,97,0,52,45,98,2
2026-08-14,S01,P103,240,0,91,149,164,4
2026-08-14,S01,P104,145,0,68,77,143,3
2026-08-14,S01,P105,109,0,55,54,124,4
2026-08-14,S01,P106,127,0,66,61,126,3
2026-08-14,S01,P201,94,0,49,45,89,3
2026-08-14,S01,P202,497,371,62,435,150,1
2026-08-14,S01,P203,200,0,66,134,159,3
2026-08-14,S01,P204,156,0,67,89,117,3
2026-08-14,S01,P205,60,0,12,48,27,1
2026-08-14,S01,P206,105,0,55,50,92,3
2026-08-14,S01,P207,175,0,67,108,111,3
2026-08-14,S01,P301,395,339,63,332,139,2
2026-08-14,S01,P302,381,339,80,301,106,2
2026-08-14,S01,P303,233,0,42,196,109,3
2026-08-14,S01,P304,0,0,0,0,74,3
2026-08-14,S01,P305,70,0,35,35,76,2
2026-08-14,S01,P306,219,153,40,179,83,1
2026-08-14,S01,P330,195,0,37,158,93,4
2026-08-14,S01,P401,154,0,30,124,71,2
2026-08-14,S01,P402,79,0,17,62,46,2
2026-08-14,S01,P403,28,0,26,2,46,3
2026-08-14,S01,P404,0,0,0,0,61,4
2026-08-14,S01,P405,31,0,26,5,43,4
2026-08-14,S01,P406,87,0,22,65,71,4
2026-08-14,S01,P407,223,186,28,195,55,1
2026-08-14,S01,P442,237,0,57,180,132,3
2026-08-14,S01,P501,98,0,13,85,41,3
2026-08-14,S01,P502,50,0,11,39,28,1
2026-08-14,S01,P503,91,0,17,74,40,1
2026-08-14,S01,P504,85,85,14,71,30,3
2026-08-14,S01,P505,85,0,17,68,37,4
2026-08-14,S01,P601,62,0,15,47,32,2
2026-08-14,S01,P602,64,0,11,53,37,2
2026-08-14,S01,P603,25,0,15,10,36,4
2026-08-14,S01,P604,14,0,14,0,23,2
2026-08-14,S01,P605,76,0,20,56,33,1
2026-08-14,S01,P701,49,0,16,33,36,2
2026-08-14,S01,P702,111,0,17,94,53,4
2026-08-14,S01,P703,58,0,30,28,47,1
2026-08-14,S01,P704,63,63,13,50,33,3
2026-08-14,S01,P801,6,0,6,0,60,4
2026-08-14,S01,P802,219,0,63,156,90,2
2026-08-14,S01,P803,148,0,37,111,59,2
2026-08-14,S02,P101,194,0,194,0,333,3
2026-08-14,S02,P102,696,0,212,484,347,1
2026-08-14,S02,P103,452,0,211,241,334,1
2026-08-14,S02,P104,353,0,132,221,268,1
2026-08-14,S02,P105,600,0,171,429,300,3
2026-08-14,S02,P106,226,0,161,65,294,2
2026-08-14,S02,P201,621,0,118,503,283,1
2026-08-14,S02,P202,567,0,159,408,316,1
2026-08-14,S02,P203,297,0,164,133,255,1
2026-08-14,S02,P204,413,0,103,310,215,4
2026-08-14,S02,P205,166,0,27,139,116,2
2026-08-14,S02,P206,292,0,109,183,196,3
2026-08-14,S02,P207,331,0,190,141,307,1
2026-08-14,S02,P301,371,0,88,283,177,1
2026-08-14,S02,P302,569,0,123,446,326,2
2026-08-14,S02,P303,333,0,120,213,224,1
2026-08-14,S02,P304,856,566,157,699,325,1
2026-08-14,S02,P305,802,802,118,684,329,4
2026-08-14,S02,P306,612,0,121,491,214,4
2026-08-14,S02,P330,225,0,169,56,277,3
2026-08-14,S02,P401,255,0,62,193,111,3
2026-08-14,S02,P402,78,0,58,20,103,2
2026-08-14,S02,P403,293,0,52,241,114,4
2026-08-14,S02,P404,155,0,62,93,136,3
2026-08-14,S02,P405,328,0,56,272,164,3
2026-08-14,S02,P406,384,0,79,305,151,4
2026-08-14,S02,P407,410,323,93,317,189,2
2026-08-14,S02,P442,361,0,105,256,238,2
2026-08-14,S02,P501,34,0,34,0,80,4
2026-08-14,S02,P502,315,315,61,254,126,4
2026-08-14,S02,P503,56,0,48,8,106,3
2026-08-14,S02,P504,99,0,39,60,72,1
2026-08-14,S02,P505,12,0,12,0,73,4
2026-08-14,S02,P601,82,0,38,44,61,1
2026-08-14,S02,P602,299,0,46,253,99,1
2026-08-14,S02,P603,125,0,36,89,77,1
2026-08-14,S02,P604,0,0,0,0,84,4
2026-08-14,S02,P605,153,153,28,125,56,3
2026-08-14,S02,P701,63,0,48,15,101,2
2026-08-14,S02,P702,162,0,59,103,82,2
2026-08-14,S02,P703,178,151,43,135,78,2
2026-08-14,S02,P704,219,0,61,158,80,1
2026-08-14,S02,P801,376,376,71,305,134,3
2026-08-14,S02,P802,49,0,49,0,129,3
2026-08-14,S02,P803,110,0,71,39,194,2
2026-08-14,S03,P101,88,0,33,55,68,2
2026-08-14,S03,P102,294,265,42,252,93,2
2026-08-14,S03,P103,33,0,33,0,83,4
2026-08-14,S03,P104,197,0,41,156,63,1
2026-08-14,S03,P105,74,0,40,34,63,2
2026-08-14,S03,P106,180,0,43,137,84,4
2026-08-14,S03,P201,162,0,40,122,83,4
2026-08-14,S03,P202,127,0,47,80,75,4
2026-08-14,S03,P203,24,0,24,0,40,3
2026-08-14,S03,P204,223,0,42,181,89,2
2026-08-14,S03,P205,17,0,10,7,22,4
2026-08-14,S03,P206,209,209,31,178,67,4
2026-08-14,S03,P207,122,0,45,77,83,3
2026-08-14,S03,P301,135,0,23,112,59,1
2026-08-14,S03,P302,206,174,30,176,65,2
2026-08-14,S03,P303,94,0,34,60,86,3
2026-08-14,S03,P304,62,0,25,37,51,2
2026-08-14,S03,P305,242,178,36,206,81,1
2026-08-14,S03,P306,75,0,42,33,75,3
2026-08-14,S03,P330,171,138,37,134,66,1
2026-08-14,S03,P401,93,93,15,78,34,4
2026-08-14,S03,P402,63,0,16,47,33,4
2026-08-14,S03,P403,42,0,20,22,33,1
2026-08-14,S03,P404,77,0,16,61,23,2
2026-08-14,S03,P405,73,50,11,62,27,1
2026-08-14,S03,P406,16,0,16,0,35,3
2026-08-14,S03,P407,75,0,11,64,32,2
2026-08-14,S03,P442,135,0,48,87,72,1
2026-08-14,S03,P501,5,0,5,0,14,2
2026-08-14,S03,P502,1,0,1,0,22,4
2026-08-14,S03,P503,8,0,6,2,24,3
2026-08-14,S03,P504,30,0,11,19,16,4
2026-08-14,S03,P505,13,0,6,7,17,2
2026-08-14,S03,P601,39,0,7,32,18,1
2026-08-14,S03,P602,21,0,10,11,16,1
2026-08-14,S03,P603,0,0,0,0,13,4
2026-08-14,S03,P604,0,0,0,0,24,4
2026-08-14,S03,P605,5,0,5,0,19,4
2026-08-14,S03,P701,10,0,8,2,18,3
2026-08-14,S03,P702,32,0,9,23,17,4
2026-08-14,S03,P703,13,0,9,4,17,4
2026-08-14,S03,P704,98,77,9,89,26,1
2026-08-14,S03,P801,160,135,22,138,41,1
2026-08-14,S03,P802,111,0,18,93,36,3
2026-08-14,S03,P803,76,0,19,57,43,3
2026-08-14,S04,P101,112,0,45,67,95,4
2026-08-14,S04,P102,257,0,53,204,113,3
2026-08-14,S04,P103,0,0,0,0,105,4
2026-08-14,S04,P104,51,0,51,0,114,4
2026-08-14,S04,P105,164,0,51,113,145,3
2026-08-14,S04,P106,151,0,46,105,101,1
2026-08-14,S04,P201,141,0,38,103,96,1
2026-08-14,S04,P202,0,0,0,0,98,4
2026-08-14,S04,P203,349,349,48,301,99,3
2026-08-14,S04,P204,23,0,23,0,110,3
2026-08-14,S04,P205,5,0,5,0,27,4
2026-08-14,S04,P206,177,177,39,138,83,4
2026-08-14,S04,P207,0,0,0,0,114,4
2026-08-14,S04,P301,102,0,31,71,62,3
2026-08-14,S04,P302,210,0,31,179,85,1
2026-08-14,S04,P303,241,0,45,196,90,3
2026-08-14,S04,P304,45,0,40,5,79,2
2026-08-14,S04,P305,116,0,39,77,78,4
2026-08-14,S04,P306,312,312,55,257,127,3
2026-08-14,S04,P330,164,0,28,136,86,4
2026-08-14,S04,P401,94,0,26,68,73,1
2026-08-14,S04,P402,249,198,25,224,64,1
2026-08-14,S04,P403,69,0,15,54,44,1
2026-08-14,S04,P404,159,0,24,135,56,3
2026-08-14,S04,P405,51,0,27,24,53,2
2026-08-14,S04,P406,151,135,24,127,46,2
2026-08-14,S04,P407,43,0,32,11,57,3
2026-08-14,S04,P442,108,0,32,76,64,2
2026-08-14,S04,P501,42,0,22,20,29,2
2026-08-14,S04,P502,32,0,11,21,32,3
2026-08-14,S04,P503,88,88,14,74,34,2
2026-08-14,S04,P504,57,0,13,44,28,1
2026-08-14,S04,P505,68,0,8,60,25,1
2026-08-14,S04,P601,31,0,15,16,38,3
2026-08-14,S04,P602,54,0,19,35,30,1
2026-08-14,S04,P603,26,0,13,13,26,1
2026-08-14,S04,P604,48,0,13,35,25,1
2026-08-14,S04,P605,54,0,12,42,34,4
2026-08-14,S04,P701,67,0,15,52,41,2
2026-08-14,S04,P702,0,0,0,0,31,4
2026-08-14,S04,P703,99,99,25,74,45,3
2026-08-14,S04,P704,84,0,14,70,26,1
2026-08-14,S04,P801,169,0,38,131,64,3
2026-08-14,S04,P802,84,0,31,53,55,3
2026-08-14,S04,P803,54,0,18,36,38,3
2026-08-14,S05,P101,255,252,45,210,92,3
2026-08-14,S05,P102,196,196,39,157,72,3
2026-08-14,S05,P103,81,0,29,52,76,2
2026-08-14,S05,P104,138,0,31,107,56,1
2026-08-14,S05,P105,0,0,0,0,63,4
2026-08-14,S05,P106,139,0,63,76,69,3
2026-08-14,S05,P201,0,0,0,0,51,4
2026-08-14,S05,P202,28,0,28,0,69,3
2026-08-14,S05,P203,180,0,40,140,80,2
2026-08-14,S05,P204,68,0,34,34,60,2
2026-08-14,S05,P205,52,0,8,44,19,4
2026-08-14,S05,P206,164,149,26,138,50,2
2026-08-14,S05,P207,167,0,28,139,55,4
2026-08-14,S05,P301,119,115,31,88,63,2
2026-08-14,S05,P302,186,186,41,145,70,3
2026-08-14,S05,P303,117,0,31,82,73,3
2026-08-14,S05,P304,66,0,19,47,53,3
2026-08-14,S05,P305,91,0,22,69,45,2
2026-08-14,S05,P306,41,0,38,3,64,2
2026-08-14,S05,P330,73,0,26,47,49,1
2026-08-14,S05,P401,30,0,9,21,21,3
2026-08-14,S05,P402,35,0,13,22,30,3
2026-08-14,S05,P403,83,0,16,67,39,1
2026-08-14,S05,P404,48,0,12,36,21,3
2026-08-14,S05,P405,45,0,11,34,21,3
2026-08-14,S05,P406,53,0,16,37,31,1
2026-08-14,S05,P407,55,0,14,41,30,1
2026-08-14,S05,P442,79,0,27,52,53,3
2026-08-14,S05,P501,16,0,4,12,13,4
2026-08-14,S05,P502,17,0,6,11,14,3
2026-08-14,S05,P503,32,0,6,26,11,3
2026-08-14,S05,P504,67,44,9,58,24,1
2026-08-14,S05,P505,19,0,8,11,17,2
2026-08-14,S05,P601,29,0,7,22,13,2
2026-08-14,S05,P602,3,0,3,0,15,4
2026-08-14,S05,P603,32,0,4,28,19,1
2026-08-14,S05,P604,14,0,8,6,15,3
2026-08-14,S05,P605,34,0,4,30,11,2
2026-08-14,S05,P701,24,0,13,11,18,1
2026-08-14,S05,P702,32,0,15,17,25,1
2026-08-14,S05,P703,21,0,9,12,21,1
2026-08-14,S05,P704,39,0,14,25,25,1
2026-08-14,S05,P801,54,0,14,40,44,3
2026-08-14,S05,P802,52,0,23,29,32,3
2026-08-14,S05,P803,134,0,32,102,46,1
2026-08-14,S06,P101,245,245,25,220,86,4
2026-08-14,S06,P102,274,0,45,229,101,1
2026-08-14,S06,P103,272,0,73,199,142,2
2026-08-14,S06,P104,110,0,44,66,81,4
2026-08-14,S06,P105,4,0,4,0,98,4
2026-08-14,S06,P106,232,0,72,160,117,3
2026-08-14,S06,P201,110,0,30,80,88,1
2026-08-14,S06,P202,102,0,31,71,65,3
2026-08-14,S06,P203,69,0,42,27,60,2
2026-08-14,S06,P204,175,0,58,117,108,2
2026-08-14,S06,P205,56,0,15,41,29,4
2026-08-14,S06,P206,221,0,48,173,87,4
2026-08-14,S06,P207,166,166,34,132,73,3
2026-08-14,S06,P301,182,0,38,144,96,1
2026-08-14,S06,P302,122,0,36,86,76,1
2026-08-14,S06,P303,77,0,33,44,81,3
2026-08-14,S06,P304,39,0,28,11,72,2
2026-08-14,S06,P305,90,0,53,37,90,1
2026-08-14,S06,P306,92,0,38,54,82,3
2026-08-14,S06,P330,208,0,47,161,85,2
2026-08-14,S06,P401,91,0,15,76,48,1
2026-08-14,S06,P402,26,0,19,7,34,2
2026-08-14,S06,P403,34,0,21,13,42,2
2026-08-14,S06,P404,110,106,19,91,51,3
2026-08-14,S06,P405,18,0,18,0,60,4
2026-08-14,S06,P406,71,0,22,49,34,3
2026-08-14,S06,P407,72,0,21,51,41,3
2026-08-14,S06,P442,159,0,33,126,88,2
2026-08-14,S06,P501,33,0,11,22,25,3
2026-08-14,S06,P502,78,0,16,62,38,2
2026-08-14,S06,P503,20,0,16,4,34,2
2026-08-14,S06,P504,13,0,10,3,20,3
2026-08-14,S06,P505,60,60,9,51,27,3
2026-08-14,S06,P601,47,0,7,40,18,1
2026-08-14,S06,P602,58,0,14,44,33,2
2026-08-14,S06,P603,35,0,14,21,24,3
2026-08-14,S06,P604,27,0,8,19,19,1
2026-08-14,S06,P605,53,0,13,40,31,3
2026-08-14,S06,P701,52,0,10,42,20,1
2026-08-14,S06,P702,77,0,16,61,37,3
2026-08-14,S06,P703,44,0,16,28,32,1
2026-08-14,S06,P704,40,0,11,29,29,2
2026-08-14,S06,P801,129,0,29,100,53,1
2026-08-14,S06,P802,182,0,45,137,76,1
2026-08-14,S06,P803,40,0,40,0,53,4
2026-08-15,S01,P101,163,0,123,40,121,3
2026-08-15,S01,P102,382,337,97,285,98,2
2026-08-15,S01,P103,149,0,147,2,164,4
2026-08-15,S01,P104,77,0,77,0,143,3
2026-08-15,S01,P105,54,0,54,0,124,4
2026-08-15,S01,P106,61,0,61,0,126,3
2026-08-15,S01,P201,45,0,45,0,89,3
2026-08-15,S01,P202,435,0,143,292,150,1
2026-08-15,S01,P203,134,0,134,0,159,3
2026-08-15,S01,P204,89,0,89,0,117,3
2026-08-15,S01,P205,48,0,33,15,27,1
2026-08-15,S01,P206,50,0,50,0,92,3
2026-08-15,S01,P207,108,0,108,0,111,3
2026-08-15,S01,P301,332,0,123,209,139,2
2026-08-15,S01,P302,301,0,119,182,106,2
2026-08-15,S01,P303,191,0,95,96,109,3
2026-08-15,S01,P304,201,201,88,113,74,3
2026-08-15,S01,P305,268,233,83,185,76,2
2026-08-15,S01,P306,179,0,90,89,83,1
2026-08-15,S01,P330,158,0,89,69,93,4
2026-08-15,S01,P401,124,0,68,56,71,2
2026-08-15,S01,P402,62,0,32,26,46,2
2026-08-15,S01,P403,2,0,2,0,46,3
2026-08-15,S01,P404,130,130,87,43,61,4
2026-08-15,S01,P405,5,0,5,0,43,4
2026-08-15,S01,P406,65,0,65,0,71,4
2026-08-15,S01,P407,195,0,75,120,55,1
2026-08-15,S01,P442,180,0,108,72,132,3
2026-08-15,S01,P501,85,0,42,43,41,3
2026-08-15,S01,P502,39,0,22,17,28,1
2026-08-15,S01,P503,74,0,35,39,40,1
2026-08-15,S01,P504,71,0,24,47,30,3
2026-08-15,S01,P505,68,0,39,29,37,4
2026-08-15,S01,P601,47,0,33,14,32,2
2026-08-15,S01,P602,53,0,28,25,37,2
2026-08-15,S01,P603,10,0,10,0,36,4
2026-08-15,S01,P604,49,49,18,31,23,2
2026-08-15,S01,P605,56,0,37,19,33,1
2026-08-15,S01,P701,33,0,33,0,36,2
2026-08-15,S01,P702,94,0,61,33,53,4
2026-08-15,S01,P703,143,115,48,95,47,1
2026-08-15,S01,P704,50,0,28,22,33,3
2026-08-15,S01,P801,0,0,0,0,60,4
2026-08-15,S01,P802,156,0,94,62,90,2
2026-08-15,S01,P803,111,0,57,54,59,2
2026-08-15,S02,P101,0,0,0,0,333,3
2026-08-15,S02,P102,484,0,322,162,347,1
2026-08-15,S02,P103,1024,783,302,722,334,1
2026-08-15,S02,P104,862,641,298,564,268,1
2026-08-15,S02,P105,429,0,233,196,300,3
2026-08-15,S02,P106,837,772,502,335,294,2
2026-08-15,S02,P201,503,0,238,265,283,1
2026-08-15,S02,P202,408,0,253,155,316,1
2026-08-15,S02,P203,734,601,393,341,255,1
2026-08-15,S02,P204,310,0,177,133,215,4
2026-08-15,S02,P205,139,0,108,31,116,2
2026-08-15,S02,P206,183,0,183,0,196,3
2026-08-15,S02,P207,900,759,278,622,307,1
2026-08-15,S02,P301,283,0,236,47,177,1
2026-08-15,S02,P302,446,0,268,178,326,2
2026-08-15,S02,P303,898,685,176,722,224,1
2026-08-15,S02,P304,699,0,288,411,325,1
2026-08-15,S02,P305,684,0,302,382,329,4
2026-08-15,S02,P306,491,0,312,179,214,4
2026-08-15,S02,P330,56,0,56,0,277,3
2026-08-15,S02,P401,193,0,110,83,111,3
2026-08-15,S02,P402,310,290,83,227,103,2
2026-08-15,S02,P403,241,0,89,152,114,4
2026-08-15,S02,P404,93,0,93,0,136,3
2026-08-15,S02,P405,272,0,195,77,164,3
2026-08-15,S02,P406,305,0,155,150,151,4
2026-08-15,S02,P407,317,0,186,131,189,2
2026-08-15,S02,P442,256,0,201,55,238,2
2026-08-15,S02,P501,0,0,0,0,80,4
2026-08-15,S02,P502,254,0,123,131,126,4
2026-08-15,S02,P503,8,0,8,0,106,3
2026-08-15,S02,P504,228,168,68,160,72,1
2026-08-15,S02,P505,0,0,0,0,73,4
2026-08-15,S02,P601,260,216,48,212,61,1
2026-08-15,S02,P602,253,0,72,181,99,1
2026-08-15,S02,P603,89,0,89,0,77,1
2026-08-15,S02,P604,224,224,100,124,84,4
2026-08-15,S02,P605,125,0,57,68,56,3
2026-08-15,S02,P701,249,234,84,165,101,2
2026-08-15,S02,P702,103,0,103,0,82,2
2026-08-15,S02,P703,135,0,85,50,78,2
2026-08-15,S02,P704,158,0,98,60,80,1
2026-08-15,S02,P801,305,0,107,198,134,3
2026-08-15,S02,P802,278,278,157,121,129,3
2026-08-15,S02,P803,386,347,176,210,194,2
2026-08-15,S03,P101,55,0,55,0,68,2
2026-08-15,S03,P102,252,0,85,167,93,2
2026-08-15,S03,P103,0,0,0,0,83,4
2026-08-15,S03,P104,156,0,83,73,63,1
2026-08-15,S03,P105,34,0,34,0,63,2
2026-08-15,S03,P106,137,0,119,18,84,4
2026-08-15,S03,P201,122,0,80,42,83,4
2026-08-15,S03,P202,80,0,80,0,75,4
2026-08-15,S03,P203,0,0,0,0,40,3
2026-08-15,S03,P204,181,0,82,99,89,2
2026-08-15,S03,P205,7,0,7,0,22,4
2026-08-15,S03,P206,178,0,68,110,67,4
2026-08-15,S03,P207,77,0,77,0,83,3
2026-08-15,S03,P301,112,0,38,74,59,1
2026-08-15,S03,P302,176,0,65,111,65,2
2026-08-15,S03,P303,60,0,60,0,86,3
2026-08-15,S03,P304,37,0,37,0,51,2
2026-08-15,S03,P305,206,0,73,133,81,1
2026-08-15,S03,P306,33,0,33,0,75,3
2026-08-15,S03,P330,134,0,81,53,66,1
2026-08-15,S03,P401,78,0,26,52,34,4
2026-08-15,S03,P402,47,0,29,18,33,4
2026-08-15,S03,P403,99,77,35,64,33,1
2026-08-15,S03,P404,61,0,26,35,23,2
2026-08-15,S03,P405,62,0,24,38,27,1
2026-08-15,S03,P406,66,66,31,35,35,3
2026-08-15,S03,P407,64,0,29,35,32,2
2026-08-15,S03,P442,87,0,66,21,72,1
2026-08-15,S03,P501,42,42,20,22,14,2
2026-08-15,S03,P502,58,58,18,40,22,4
2026-08-15,S03,P503,69,67,21,48,24,3
2026-08-15,S03,P504,19,0,15,4,16,4
2026-08-15,S03,P505,52,45,14,38,17,2
2026-08-15,S03,P601,32,0,18,14,18,1
2026-08-15,S03,P602,53,42,15,38,16,1
2026-08-15,S03,P603,32,32,14,18,13,4
2026-08-15,S03,P604,55,55,18,37,24,4
2026-08-15,S03,P605,0,0,0,0,19,4
2026-08-15,S03,P701,2,0,2,0,18,3
2026-08-15,S03,P702,23,0,17,6,17,4
2026-08-15,S03,P703,4,0,4,0,17,4
2026-08-15,S03,P704,89,0,37,52,26,1
2026-08-15,S03,P801,138,0,37,101,41,1
2026-08-15,S03,P802,93,0,43,50,36,3
2026-08-15,S03,P803,57,0,42,15,43,3
2026-08-15,S04,P101,67,0,67,0,95,4
2026-08-15,S04,P102,204,0,147,57,113,3
2026-08-15,S04,P103,234,234,108,126,105,4
2026-08-15,S04,P104,0,0,0,3,114,4
2026-08-15,S04,P105,113,0,113,0,145,3
2026-08-15,S04,P106,105,0,105,0,101,1
2026-08-15,S04,P201,103,0,103,0,96,1
2026-08-15,S04,P202,0,0,0,0,98,4
2026-08-15,S04,P203,301,0,145,156,99,3
2026-08-15,S04,P204,339,339,179,160,110,3
2026-08-15,S04,P205,0,0,0,0,27,4
2026-08-15,S04,P206,138,0,102,36,83,4
2026-08-15,S04,P207,0,0,0,0,114,4
2026-08-15,S04,P301,71,0,71,0,62,3
2026-08-15,S04,P302,179,0,102,77,85,1
2026-08-15,S04,P303,196,0,130,66,90,3
2026-08-15,S04,P304,200,195,106,94,79,2
2026-08-15,S04,P305,77,0,77,0,78,4
2026-08-15,S04,P306,257,0,131,126,127,3
2026-08-15,S04,P330,136,0,72,64,86,4
2026-08-15,S04,P401,259,191,78,181,73,1
2026-08-15,S04,P402,224,0,56,168,64,1
2026-08-15,S04,P403,54,0,45,9,44,1
2026-08-15,S04,P404,135,0,80,55,56,3
2026-08-15,S04,P405,123,99,65,58,53,2
2026-08-15,S04,P406,127,0,43,84,46,2
2026-08-15,S04,P407,11,0,11,0,57,3
2026-08-15,S04,P442,76,0,76,0,64,2
2026-08-15,S04,P501,20,0,20,0,29,2
2026-08-15,S04,P502,21,0,21,0,32,3
2026-08-15,S04,P503,74,0,35,39,34,2
2026-08-15,S04,P504,44,0,21,23,28,1
2026-08-15,S04,P505,60,0,25,35,25,1
2026-08-15,S04,P601,16,0,16,0,38,3
2026-08-15,S04,P602,35,0,29,6,30,1
2026-08-15,S04,P603,81,68,25,56,26,1
2026-08-15,S04,P604,35,0,24,11,25,1
2026-08-15,S04,P605,42,0,31,11,34,4
2026-08-15,S04,P701,52,0,43,9,41,2
2026-08-15,S04,P702,61,61,32,29,31,4
2026-08-15,S04,P703,74,0,44,30,45,3
2026-08-15,S04,P704,70,0,33,37,26,1
2026-08-15,S04,P801,131,0,56,75,64,3
2026-08-15,S04,P802,53,0,52,1,55,3
2026-08-15,S04,P803,36,0,36,0,38,3
2026-08-15,S05,P101,210,0,75,135,92,3
2026-08-15,S05,P102,157,0,64,93,72,3
2026-08-15,S05,P103,52,0,52,0,76,2
2026-08-15,S05,P104,107,0,76,31,56,1
2026-08-15,S05,P105,197,197,87,110,63,4
2026-08-15,S05,P106,76,0,76,0,69,3
2026-08-15,S05,P201,119,119,75,44,51,4
2026-08-15,S05,P202,160,160,85,75,69,3
2026-08-15,S05,P203,140,0,82,58,80,2
2026-08-15,S05,P204,34,0,34,0,60,2
2026-08-15,S05,P205,44,0,15,29,19,4
2026-08-15,S05,P206,138,0,52,86,50,2
2026-08-15,S05,P207,139,0,63,76,55,4
2026-08-15,S05,P301,88,0,48,40,63,2
2026-08-15,S05,P302,145,0,60,85,70,3
2026-08-15,S05,P303,86,0,66,20,73,3
2026-08-15,S05,P304,47,0,47,0,53,3
2026-08-15,S05,P305,69,0,38,31,45,2
2026-08-15,S05,P306,134,131,64,70,64,2
2026-08-15,S05,P330,149,102,54,95,49,1
2026-08-15,S05,P401,21,0,18,3,21,3
2026-08-15,S05,P402,22,0,22,0,30,3
2026-08-15,S05,P403,67,0,32,35,39,1
2026-08-15,S05,P404,36,0,19,17,21,3
2026-08-15,S05,P405,34,0,33,1,21,3
2026-08-15,S05,P406,37,0,29,8,31,1
2026-08-15,S05,P407,41,0,36,5,30,1
2026-08-15,S05,P442,52,0,38,14,53,3
2026-08-15,S05,P501,12,0,11,1,13,4
2026-08-15,S05,P502,11,0,11,0,14,3
2026-08-15,S05,P503,26,0,11,15,11,3
2026-08-15,S05,P504,58,0,19,39,24,1
2026-08-15,S05,P505,11,0,11,0,17,2
2026-08-15,S05,P601,22,0,15,7,13,2
2026-08-15,S05,P602,0,0,0,0,15,4
2026-08-15,S05,P603,28,0,13,15,19,1
2026-08-15,S05,P604,6,0,6,0,15,3
2026-08-15,S05,P605,30,0,11,19,11,2
2026-08-15,S05,P701,52,41,24,28,18,1
2026-08-15,S05,P702,70,53,29,41,25,1
2026-08-15,S05,P703,68,56,27,41,21,1
2026-08-15,S05,P704,25,0,25,0,25,1
2026-08-15,S05,P801,40,0,40,0,44,3
2026-08-15,S05,P802,29,0,29,0,32,3
2026-08-15,S05,P803,102,0,54,48,46,1
2026-08-15,S06,P101,220,0,94,126,86,4
2026-08-15,S06,P102,229,0,115,114,101,1
2026-08-15,S06,P103,199,0,128,71,142,2
2026-08-15,S06,P104,66,0,66,0,81,4
2026-08-15,S06,P105,0,0,0,0,98,4
2026-08-15,S06,P106,160,0,123,37,117,3
2026-08-15,S06,P201,261,181,83,178,88,1
2026-08-15,S06,P202,71,0,49,22,65,3
2026-08-15,S06,P203,27,0,27,0,60,2
2026-08-15,S06,P204,117,0,94,23,108,2
2026-08-15,S06,P205,41,0,27,14,29,4
2026-08-15,S06,P206,173,0,103,70,87,4
2026-08-15,S06,P207,132,0,79,53,73,3
2026-08-15,S06,P301,144,0,78,66,96,1
2026-08-15,S06,P302,86,0,79,7,76,1
2026-08-15,S06,P303,44,0,44,0,81,3
2026-08-15,S06,P304,202,191,66,136,72,2
2026-08-15,S06,P305,308,271,81,232,90,1
2026-08-15,S06,P306,54,0,54,0,82,3
2026-08-15,S06,P330,161,0,95,66,85,2
2026-08-15,S06,P401,76,0,53,23,48,1
2026-08-15,S06,P402,114,107,29,85,34,2
2026-08-15,S06,P403,95,82,31,64,42,2
2026-08-15,S06,P404,91,0,44,47,51,3
2026-08-15,S06,P405,0,0,0,0,60,4
2026-08-15,S06,P406,49,0,49,0,34,3
2026-08-15,S06,P407,51,0,40,11,41,3
2026-08-15,S06,P442,126,0,88,38,88,2
2026-08-15,S06,P501,22,0,22,0,25,3
2026-08-15,S06,P502,62,0,44,18,38,2
2026-08-15,S06,P503,74,70,27,47,34,2
2026-08-15,S06,P504,3,0,3,0,20,3
2026-08-15,S06,P505,51,0,26,25,27,3
2026-08-15,S06,P601,40,0,22,18,18,1
2026-08-15,S06,P602,44,0,34,10,33,2
2026-08-15,S06,P603,21,0,21,0,24,3
2026-08-15,S06,P604,19,0,19,0,19,1
2026-08-15,S06,P605,40,0,28,12,31,3
2026-08-15,S06,P701,42,0,30,12,20,1
2026-08-15,S06,P702,61,0,43,18,37,3
2026-08-15,S06,P703,126,98,55,71,32,1
2026-08-15,S06,P704,29,0,21,8,29,2
2026-08-15,S06,P801,100,0,54,46,53,1
2026-08-15,S06,P802,137,0,62,75,76,1
2026-08-15,S06,P803,0,0,0,0,53,4
2026-08-16,S01,P101,40,0,40,0,121,3
2026-08-16,S01,P102,285,0,88,197,98,2
2026-08-16,S01,P103,2,0,2,0,164,4
2026-08-16,S01,P104,0,0,0,0,143,3
2026-08-16,S01,P105,0,0,0,0,124,4
2026-08-16,S01,P106,0,0,0,0,126,3
2026-08-16,S01,P201,0,0,0,0,89,3
2026-08-16,S01,P202,292,0,92,200,150,1
2026-08-16,S01,P203,0,0,0,0,159,3
2026-08-16,S01,P204,0,0,0,0,117,3
2026-08-16,S01,P205,76,61,19,57,27,1
2026-08-16,S01,P206,0,0,0,0,92,3
2026-08-16,S01,P207,0,0,0,0,111,3
2026-08-16,S01,P301,209,0,78,131,139,2
2026-08-16,S01,P302,182,0,80,102,106,2
2026-08-16,S01,P303,96,0,62,34,109,3
2026-08-16,S01,P304,113,0,47,66,74,3
2026-08-16,S01,P305,185,0,54,131,76,2
2026-08-16,S01,P306,89,0,45,44,83,1
2026-08-16,S01,P330,69,0,64,5,93,4
2026-08-16,S01,P401,56,0,34,22,71,2
2026-08-16,S01,P402,30,0,20,10,46,2
2026-08-16,S01,P403,126,126,28,98,46,3
2026-08-16,S01,P404,43,0,30,13,61,4
2026-08-16,S01,P405,0,0,0,0,43,4
2026-08-16,S01,P406,0,0,0,0,71,4
2026-08-16,S01,P407,120,0,39,81,55,1
2026-08-16,S01,P442,72,0,58,14,132,3
2026-08-16,S01,P501,43,0,29,14,41,3
2026-08-16,S01,P502,88,71,18,70,28,1
2026-08-16,S01,P503,117,78,20,97,40,1
2026-08-16,S01,P504,47,0,25,22,30,3
2026-08-16,S01,P505,29,0,29,0,37,4
2026-08-16,S01,P601,14,0,14,0,32,2
2026-08-16,S01,P602,25,0,21,4,37,2
2026-08-16,S01,P603,0,0,0,0,36,4
2026-08-16,S01,P604,31,0,18,13,23,2
2026-08-16,S01,P605,132,113,23,109,33,1
2026-08-16,S01,P701,72,72,20,52,36,2
2026-08-16,S01,P702,33,0,26,7,53,4
2026-08-16,S01,P703,95,0,36,59,47,1
2026-08-16,S01,P704,22,0,22,0,33,3
2026-08-16,S01,P801,183,183,47,132,60,4
2026-08-16,S01,P802,62,0,55,7,90,2
2026-08-16,S01,P803,54,0,54,0,59,2
2026-08-16,S02,P101,919,919,246,673,333,3
2026-08-16,S02,P102,1028,866,266,762,347,1
2026-08-16,S02,P103,722,0,176,546,334,1
2026-08-16,S02,P104,564,0,187,377,268,1
2026-08-16,S02,P105,196,0,196,0,300,3
2026-08-16,S02,P106,335,0,201,134,294,2
2026-08-16,S02,P201,1069,804,186,883,283,1
2026-08-16,S02,P202,875,720,224,651,316,1
2026-08-16,S02,P203,341,0,209,132,255,1
2026-08-16,S02,P204,133,0,133,0,215,4
2026-08-16,S02,P205,31,0,31,0,116,2
2026-08-16,S02,P206,0,0,0,0,196,3
2026-08-16,S02,P207,622,0,219,403,307,1
2026-08-16,S02,P301,572,525,154,418,177,1
2026-08-16,S02,P302,178,0,178,0,326,2
2026-08-16,S02,P303,722,0,132,590,224,1
2026-08-16,S02,P304,411,0,207,204,325,1
2026-08-16,S02,P305,382,0,165,217,329,4
2026-08-16,S02,P306,179,0,139,40,214,4
2026-08-16,S02,P330,821,821,259,562,277,3
2026-08-16,S02,P401,83,0,83,0,111,3
2026-08-16,S02,P402,227,0,53,174,103,2
2026-08-16,S02,P403,152,0,63,89,114,4
2026-08-16,S02,P404,0,0,0,0,136,3
2026-08-16,S02,P405,77,0,77,0,164,3
2026-08-16,S02,P406,150,0,110,40,151,4
2026-08-16,S02,P407,131,0,88,43,189,2
2026-08-16,S02,P442,55,0,55,0,238,2
2026-08-16,S02,P501,204,204,52,152,80,4
2026-08-16,S02,P502,131,0,58,73,126,4
2026-08-16,S02,P503,197,197,53,144,106,3
2026-08-16,S02,P504,160,0,41,119,72,1
2026-08-16,S02,P505,213,213,31,182,73,4
2026-08-16,S02,P601,212,0,35,177,61,1
2026-08-16,S02,P602,181,0,67,114,99,1
2026-08-16,S02,P603,229,229,66,163,77,1
2026-08-16,S02,P604,124,0,64,60,84,4
2026-08-16,S02,P605,68,0,29,39,56,3
2026-08-16,S02,P701,165,0,94,67,101,2
2026-08-16,S02,P702,0,0,0,0,82,2
2026-08-16,S02,P703,50,0,50,0,78,2
2026-08-16,S02,P704,248,188,61,187,80,1
2026-08-16,S02,P801,198,0,83,115,134,3
2026-08-16,S02,P802,121,0,107,14,129,3
2026-08-16,S02,P803,210,0,99,111,194,2
2026-08-16,S03,P101,163,163,46,117,68,2
2026-08-16,S03,P102,167,0,63,104,93,2
2026-08-16,S03,P103,228,228,59,169,83,4
2026-08-16,S03,P104,73,0,49,24,63,1
2026-08-16,S03,P105,114,114,38,76,63,2
2026-08-16,S03,P106,18,0,18,0,84,4
2026-08-16,S03,P201,42,0,42,0,83,4
2026-08-16,S03,P202,0,0,0,0,75,4
2026-08-16,S03,P203,97,97,29,68,40,3
2026-08-16,S03,P204,99,0,57,42,89,2
2026-08-16,S03,P205,0,0,0,0,22,4
2026-08-16,S03,P206,110,0,42,68,67,4
2026-08-16,S03,P207,0,0,0,5,83,3
2026-08-16,S03,P301,74,0,38,36,59,1
2026-08-16,S03,P302,111,0,25,86,65,2
2026-08-16,S03,P303,0,0,0,0,86,3
2026-08-16,S03,P304,126,126,38,88,51,2
2026-08-16,S03,P305,133,0,39,94,81,1
2026-08-16,S03,P306,0,0,0,0,75,3
2026-08-16,S03,P330,225,172,42,183,66,1
2026-08-16,S03,P401,52,0,20,32,34,4
2026-08-16,S03,P402,18,0,17,1,33,4
2026-08-16,S03,P403,64,0,21,43,33,1
2026-08-16,S03,P404,35,0,19,16,23,2
2026-08-16,S03,P405,38,0,15,23,27,1
2026-08-16,S03,P406,35,0,18,17,35,3
2026-08-16,S03,P407,35,0,16,19,32,2
2026-08-16,S03,P442,229,208,44,185,72,1
2026-08-16,S03,P501,22,0,11,11,14,2
2026-08-16,S03,P502,40,0,19,21,22,4
2026-08-16,S03,P503,48,0,11,37,24,3
2026-08-16,S03,P504,4,0,4,0,16,4
2026-08-16,S03,P505,38,0,9,29,17,2
2026-08-16,S03,P601,63,49,9,54,18,1
2026-08-16,S03,P602,38,0,10,28,16,1
2026-08-16,S03,P603,18,0,7,11,13,4
2026-08-16,S03,P604,37,0,16,17,24,4
2026-08-16,S03,P605,43,43,13,30,19,4
2026-08-16,S03,P701,45,45,11,34,18,3
2026-08-16,S03,P702,6,0,6,0,17,4
2026-08-16,S03,P703,0,0,0,0,17,4
2026-08-16,S03,P704,52,0,16,36,26,1
2026-08-16,S03,P801,101,0,40,61,41,1
2026-08-16,S03,P802,50,0,28,22,36,3
2026-08-16,S03,P803,15,0,15,0,43,3
2026-08-16,S04,P101,0,0,0,0,95,4
2026-08-16,S04,P102,57,0,57,0,113,3
2026-08-16,S04,P103,126,0,82,44,105,4
2026-08-16,S04,P104,0,0,0,0,114,4
2026-08-16,S04,P105,0,0,0,0,145,3
2026-08-16,S04,P106,212,212,72,140,101,1
2026-08-16,S04,P201,270,270,57,213,96,1
2026-08-16,S04,P202,315,315,70,245,98,4
2026-08-16,S04,P203,156,0,73,83,99,3
2026-08-16,S04,P204,160,0,81,79,110,3
2026-08-16,S04,P205,77,77,18,59,27,4
2026-08-16,S04,P206,36,0,36,0,83,4
2026-08-16,S04,P207,252,252,67,185,114,4
2026-08-16,S04,P301,0,0,0,0,62,3
2026-08-16,S04,P302,271,194,42,229,85,1
2026-08-16,S04,P303,66,0,59,7,90,3
2026-08-16,S04,P304,94,0,41,53,79,2
2026-08-16,S04,P305,0,0,0,0,78,4
2026-08-16,S04,P306,126,0,72,54,127,3
2026-08-16,S04,P330,64,0,46,18,86,4
2026-08-16,S04,P401,181,0,37,144,73,1
2026-08-16,S04,P402,168,0,49,119,64,1
2026-08-16,S04,P403,96,87,24,72,44,1
2026-08-16,S04,P404,55,0,28,27,56,3
2026-08-16,S04,P405,58,0,32,26,53,2
2026-08-16,S04,P406,84,0,32,52,46,2
2026-08-16,S04,P407,160,160,37,123,57,3
2026-08-16,S04,P442,0,0,0,0,64,2
2026-08-16,S04,P501,68,68,23,45,29,2
2026-08-16,S04,P502,0,0,0,0,32,3
2026-08-16,S04,P503,39,0,13,26,34,2
2026-08-16,S04,P504,99,76,23,76,28,1
2026-08-16,S04,P505,35,0,15,20,25,1
2026-08-16,S04,P601,84,84,18,66,38,3
2026-08-16,S04,P602,83,77,21,62,30,1
2026-08-16,S04,P603,56,0,15,41,26,1
2026-08-16,S04,P604,64,53,12,52,25,1
2026-08-16,S04,P605,11,0,11,0,34,4
2026-08-16,S04,P701,9,0,9,0,41,2
2026-08-16,S04,P702,29,0,11,18,31,4
2026-08-16,S04,P703,30,0,27,3,45,3
2026-08-16,S04,P704,37,0,15,22,26,1
2026-08-16,S04,P801,75,0,44,31,64,3
2026-08-16,S04,P802,1,0,1,0,55,3
2026-08-16,S04,P803,0,0,0,0,38,3
2026-08-16,S05,P101,135,0,58,77,92,3
2026-08-16,S05,P102,93,0,42,51,72,3
2026-08-16,S05,P103,162,162,44,118,76,2
2026-08-16,S05,P104,194,163,26,168,56,1
2026-08-16,S05,P105,110,0,37,73,63,4
2026-08-16,S05,P106,0,0,0,0,69,3
2026-08-16,S05,P201,44,0,35,9,51,4
2026-08-16,S05,P202,75,0,47,28,69,3
2026-08-16,S05,P203,58,0,50,11,80,2
2026-08-16,S05,P204,136,136,43,93,60,2
2026-08-16,S05,P205,29,0,9,20,19,4
2026-08-16,S05,P206,86,0,29,57,50,2
2026-08-16,S05,P207,76,0,43,33,55,4
2026-08-16,S05,P301,40,0,33,7,63,2
2026-08-16,S05,P302,85,0,45,40,70,3
2026-08-16,S05,P303,20,0,20,0,73,3
2026-08-16,S05,P304,0,0,0,0,53,3
2026-08-16,S05,P305,31,0,24,7,45,2
2026-08-16,S05,P306,70,0,51,19,64,2
2026-08-16,S05,P330,95,0,35,60,49,1
2026-08-16,S05,P401,3,0,3,0,21,3
2026-08-16,S05,P402,0,0,0,0,30,3
2026-08-16,S05,P403,114,79,18,96,39,1
2026-08-16,S05,P404,17,0,13,4,21,3
2026-08-16,S05,P405,1,0,1,0,21,3
2026-08-16,S05,P406,73,65,14,59,31,1
2026-08-16,S05,P407,85,80,19,66,30,1
2026-08-16,S05,P442,14,0,14,0,53,3
2026-08-16,S05,P501,1,0,1,0,13,4
2026-08-16,S05,P502,0,0,0,0,14,3
2026-08-16,S05,P503,15,0,8,7,11,3
2026-08-16,S05,P504,39,0,14,25,24,1
2026-08-16,S05,P505,43,43,9,34,17,2
2026-08-16,S05,P601,7,0,7,0,13,2
2026-08-16,S05,P602,30,30,10,20,15,4
2026-08-16,S05,P603,54,39,14,40,19,1
2026-08-16,S05,P604,47,47,8,39,15,3
2026-08-16,S05,P605,19,0,8,11,11,2
2026-08-16,S05,P701,28,0,12,16,18,1
2026-08-16,S05,P702,41,0,17,24,25,1
2026-08-16,S05,P703,41,0,19,22,21,1
2026-08-16,S05,P704,54,54,14,40,25,1
2026-08-16,S05,P801,0,0,0,0,44,3
2026-08-16,S05,P802,0,0,0,0,32,3
2026-08-16,S05,P803,48,0,26,22,46,1
2026-08-16,S06,P101,126,0,49,77,86,4
2026-08-16,S06,P102,114,0,60,54,101,1
2026-08-16,S06,P103,71,0,71,0,142,2
2026-08-16,S06,P104,0,0,0,0,81,4
2026-08-16,S06,P105,284,284,56,228,98,4
2026-08-16,S06,P106,37,0,37,0,117,3
2026-08-16,S06,P201,178,0,47,131,88,1
2026-08-16,S06,P202,22,0,22,0,65,3
2026-08-16,S06,P203,121,121,42,79,60,2
2026-08-16,S06,P204,23,0,23,0,108,2
2026-08-16,S06,P205,14,0,14,0,29,4
2026-08-16,S06,P206,70,0,52,18,87,4
2026-08-16,S06,P207,53,0,42,11,73,3
2026-08-16,S06,P301,228,162,54,174,96,1
2026-08-16,S06,P302,226,219,46,180,76,1
2026-08-16,S06,P303,173,173,47,126,81,3
2026-08-16,S06,P304,136,0,34,102,72,2
2026-08-16,S06,P305,227,0,47,180,90,1
2026-08-16,S06,P306,0,0,0,0,82,3
2026-08-16,S06,P330,66,0,46,20,85,2
2026-08-16,S06,P401,113,90,25,88,48,1
2026-08-16,S06,P402,85,0,27,58,34,2
2026-08-16,S06,P403,64,0,39,25,42,2
2026-08-16,S06,P404,47,0,25,22,51,3
2026-08-16,S06,P405,147,147,33,114,60,4
2026-08-16,S06,P406,0,0,0,0,34,3
2026-08-16,S06,P407,11,0,11,0,41,3
2026-08-16,S06,P442,38,0,38,0,88,2
2026-08-16,S06,P501,0,0,0,0,25,3
2026-08-16,S06,P502,18,0,18,0,38,2
2026-08-16,S06,P503,47,0,22,25,34,2
2026-08-16,S06,P504,47,47,13,34,20,3
2026-08-16,S06,P505,25,0,15,10,27,3
2026-08-16,S06,P601,18,0,11,7,18,1
2026-08-16,S06,P602,10,0,10,0,33,2
2026-08-16,S06,P603,0,0,0,0,24,3
2026-08-16,S06,P604,47,47,11,36,19,1
2026-08-16,S06,P605,12,0,12,0,31,3
2026-08-16,S06,P701,71,59,11,60,20,1
2026-08-16,S06,P702,18,0,18,0,37,3
2026-08-16,S06,P703,71,0,29,42,32,1
2026-08-16,S06,P704,8,0,8,0,29,2
2026-08-16,S06,P801,191,145,35,156,53,1
2026-08-16,S06,P802,226,151,47,179,76,1
2026-08-16,S06,P803,0,0,0,0,53,4
2026-08-17,S01,P101,0,0,0,0,121,3
2026-08-17,S01,P102,197,0,58,139,98,2
2026-08-17,S01,P103,0,0,0,0,164,4
2026-08-17,S01,P104,370,370,62,308,143,3
2026-08-17,S01,P105,347,347,39,308,124,4
2026-08-17,S01,P106,406,406,46,360,126,3
2026-08-17,S01,P201,238,238,33,205,89,3
2026-08-17,S01,P202,200,0,103,97,150,1
2026-08-17,S01,P203,368,368,52,316,159,3
2026-08-17,S01,P204,346,346,50,296,117,3
2026-08-17,S01,P205,57,0,8,49,27,1
2026-08-17,S01,P206,219,219,30,189,92,3
2026-08-17,S01,P207,257,257,53,204,111,3
2026-08-17,S01,P301,131,0,44,87,139,2
2026-08-17,S01,P302,102,0,44,58,106,2
2026-08-17,S01,P303,34,0,34,0,109,3
2026-08-17,S01,P304,66,0,27,39,74,3
2026-08-17,S01,P305,131,0,37,94,76,2
2026-08-17,S01,P306,194,150,34,160,83,1
2026-08-17,S01,P330,5,0,5,0,93,4
2026-08-17,S01,P401,199,177,18,181,71,2
2026-08-17,S01,P402,138,128,22,116,46,2
2026-08-17,S01,P403,98,0,17,81,46,3
2026-08-17,S01,P404,13,0,13,0,61,4
2026-08-17,S01,P405,117,117,17,100,43,4
2026-08-17,S01,P406,0,0,0,0,71,4
2026-08-17,S01,P407,81,0,22,59,55,1
2026-08-17,S01,P442,14,0,14,0,132,3
2026-08-17,S01,P501,14,0,13,1,41,3
2026-08-17,S01,P502,70,0,11,59,28,1
2026-08-17,S01,P503,97,0,15,82,40,1
2026-08-17,S01,P504,22,0,16,6,30,3
2026-08-17,S01,P505,0,0,0,0,37,4
2026-08-17,S01,P601,94,94,12,82,32,2
2026-08-17,S01,P602,70,66,16,54,37,2
2026-08-17,S01,P603,97,97,13,84,36,4
2026-08-17,S01,P604,13,0,12,1,23,2
2026-08-17,S01,P605,109,0,15,94,33,1
2026-08-17,S01,P701,52,0,13,39,36,2
2026-08-17,S01,P702,7,0,7,0,53,4
2026-08-17,S01,P703,59,0,13,46,47,1
2026-08-17,S01,P704,0,0,0,0,33,3
2026-08-17,S01,P801,136,0,23,113,60,4
2026-08-17,S01,P802,227,220,40,187,90,2
2026-08-17,S01,P803,149,149,22,127,59,2
2026-08-17,S02,P101,673,0,152,521,333,3
2026-08-17,S02,P102,762,0,133,629,347,1
2026-08-17,S02,P103,546,0,192,354,334,1
2026-08-17,S02,P104,377,0,181,196,268,1
2026-08-17,S02,P105,0,0,0,0,300,3
2026-08-17,S02,P106,134,0,109,25,294,2
2026-08-17,S02,P201,883,0,140,743,283,1
2026-08-17,S02,P202,651,0,124,527,316,1
2026-08-17,S02,P203,959,827,106,853,255,1
2026-08-17,S02,P204,0,0,0,0,215,4
2026-08-17,S02,P205,329,329,40,289,116,2
2026-08-17,S02,P206,609,609,80,529,196,3
2026-08-17,S02,P207,403,0,125,278,307,1
2026-08-17,S02,P301,418,0,74,344,177,1
2026-08-17,S02,P302,993,993,107,886,326,2
2026-08-17,S02,P303,590,0,97,493,224,1
2026-08-17,S02,P304,978,774,86,892,325,1
2026-08-17,S02,P305,217,0,109,108,329,4
2026-08-17,S02,P306,40,0,40,0,214,4
2026-08-17,S02,P330,562,0,110,452,277,3
2026-08-17,S02,P401,0,0,0,0,111,3
2026-08-17,S02,P402,174,0,32,142,103,2
2026-08-17,S02,P403,89,0,37,52,114,4
2026-08-17,S02,P404,296,296,35,261,136,3
2026-08-17,S02,P405,0,0,0,0,164,3
2026-08-17,S02,P406,40,0,40,0,151,4
2026-08-17,S02,P407,475,432,77,398,189,2
2026-08-17,S02,P442,559,559,111,448,238,2
2026-08-17,S02,P501,152,0,32,120,80,4
2026-08-17,S02,P502,73,0,55,18,126,4
2026-08-17,S02,P503,144,0,39,105,106,3
2026-08-17,S02,P504,119,0,31,93,72,1
2026-08-17,S02,P505,182,0,28,154,73,4
2026-08-17,S02,P601,177,0,23,154,61,1
2026-08-17,S02,P602,114,0,54,60,99,1
2026-08-17,S02,P603,163,0,36,127,77,1
2026-08-17,S02,P604,60,0,46,14,84,4
2026-08-17,S02,P605,39,0,22,17,56,3
2026-08-17,S02,P701,71,0,47,24,101,2
2026-08-17,S02,P702,209,209,36,173,82,2
2026-08-17,S02,P703,229,229,34,195,78,2
2026-08-17,S02,P704,187,0,40,147,80,1
2026-08-17,S02,P801,115,0,40,75,134,3
2026-08-17,S02,P802,14,0,14,0,129,3
2026-08-17,S02,P803,111,0,66,45,194,2
2026-08-17,S03,P101,117,0,22,95,68,2
2026-08-17,S03,P102,104,0,35,69,93,2
2026-08-17,S03,P103,169,0,30,139,83,4
2026-08-17,S03,P104,225,201,23,202,63,1
2026-08-17,S03,P105,76,0,32,44,63,2
2026-08-17,S03,P106,0,0,0,0,84,4
2026-08-17,S03,P201,0,0,0,0,83,4
2026-08-17,S03,P202,0,0,0,0,75,4
2026-08-17,S03,P203,68,0,21,47,40,3
2026-08-17,S03,P204,42,0,42,0,89,2
2026-08-17,S03,P205,47,47,11,36,22,4
2026-08-17,S03,P206,68,0,28,40,67,4
2026-08-17,S03,P207,176,176,39,137,83,3
2026-08-17,S03,P301,137,101,21,116,59,1
2026-08-17,S03,P302,86,0,34,52,65,2
2026-08-17,S03,P303,155,155,29,126,86,3
2026-08-17,S03,P304,88,0,28,60,51,2
2026-08-17,S03,P305,94,0,26,68,81,1
2026-08-17,S03,P306,219,219,39,180,75,3
2026-08-17,S03,P330,183,0,31,152,66,1
2026-08-17,S03,P401,32,0,15,17,34,4
2026-08-17,S03,P402,1,0,1,0,33,4
2026-08-17,S03,P403,43,0,12,31,33,1
2026-08-17,S03,P404,16,0,14,2,23,2
2026-08-17,S03,P405,71,48,11,60,27,1
2026-08-17,S03,P406,17,0,8,9,35,3
2026-08-17,S03,P407,19,0,18,1,32,2
2026-08-17,S03,P442,185,0,28,157,72,1
2026-08-17,S03,P501,11,0,5,6,14,2
2026-08-17,S03,P502,21,0,8,13,22,4
2026-08-17,S03,P503,37,0,9,28,24,3
2026-08-17,S03,P504,0,0,0,0,16,4
2026-08-17,S03,P505,29,0,6,23,17,2
2026-08-17,S03,P601,54,0,4,50,18,1
2026-08-17,S03,P602,28,0,7,21,16,1
2026-08-17,S03,P603,11,0,8,3,13,4
2026-08-17,S03,P604,21,0,10,11,24,4
2026-08-17,S03,P605,30,0,9,21,19,4
2026-08-17,S03,P701,34,0,8,26,18,3
2026-08-17,S03,P702,0,0,0,0,17,4
2026-08-17,S03,P703,42,42,9,33,17,4
2026-08-17,S03,P704,36,0,10,26,26,1
2026-08-17,S03,P801,61,0,11,50,41,1
2026-08-17,S03,P802,22,0,15,7,36,3
2026-08-17,S03,P803,0,0,0,0,43,3
2026-08-17,S04,P101,0,0,0,0,95,4
2026-08-17,S04,P102,0,0,0,0,113,3
2026-08-17,S04,P103,44,0,44,0,105,4
2026-08-17,S04,P104,217,217,38,179,114,4
2026-08-17,S04,P105,340,340,73,267,145,3
2026-08-17,S04,P106,140,0,40,100,101,1
2026-08-17,S04,P201,213,0,63,150,96,1
2026-08-17,S04,P202,245,0,49,196,98,4
2026-08-17,S04,P203,83,0,39,44,99,3
2026-08-17,S04,P204,79,0,53,26,110,3
2026-08-17,S04,P205,59,0,15,44,27,4
2026-08-17,S04,P206,0,0,0,0,83,4
2026-08-17,S04,P207,185,0,48,137,114,4
2026-08-17,S04,P301,0,0,0,0,62,3
2026-08-17,S04,P302,229,0,27,202,85,1
2026-08-17,S04,P303,7,0,7,0,90,3
2026-08-17,S04,P304,53,0,36,17,79,2
2026-08-17,S04,P305,0,0,0,0,78,4
2026-08-17,S04,P306,54,0,54,0,127,3
2026-08-17,S04,P330,18,0,18,0,86,4
2026-08-17,S04,P401,144,0,30,114,73,1
2026-08-17,S04,P402,119,0,33,86,64,1
2026-08-17,S04,P403,72,0,18,54,44,1
2026-08-17,S04,P404,27,0,19,8,56,3
2026-08-17,S04,P405,26,0,16,10,53,2
2026-08-17,S04,P406,52,0,19,33,46,2
2026-08-17,S04,P407,123,0,15,108,57,3
2026-08-17,S04,P442,184,184,27,157,64,2
2026-08-17,S04,P501,45,0,19,26,29,2
2026-08-17,S04,P502,90,90,11,79,32,3
2026-08-17,S04,P503,26,0,12,14,34,2
2026-08-17,S04,P504,76,0,10,66,28,1
2026-08-17,S04,P505,86,66,10,76,25,1
2026-08-17,S04,P601,66,0,21,45,38,3
2026-08-17,S04,P602,62,0,13,49,30,1
2026-08-17,S04,P603,41,0,11,30,26,1
2026-08-17,S04,P604,52,0,9,43,25,1
2026-08-17,S04,P605,0,0,0,0,34,4
2026-08-17,S04,P701,81,81,26,55,41,2
2026-08-17,S04,P702,18,0,10,8,31,4
2026-08-17,S04,P703,3,0,3,0,45,3
2026-08-17,S04,P704,96,74,15,81,26,1
2026-08-17,S04,P801,31,0,31,0,64,3
2026-08-17,S04,P802,131,131,23,104,55,3
2026-08-17,S04,P803,111,111,23,88,38,3
2026-08-17,S05,P101,77,0,57,20,92,3
2026-08-17,S05,P102,51,0,18,33,72,3
2026-08-17,S05,P103,118,0,43,75,76,2
2026-08-17,S05,P104,168,0,32,136,56,1
2026-08-17,S05,P105,73,0,35,43,63,4
2026-08-17,S05,P106,0,0,0,0,69,3
2026-08-17,S05,P201,9,0,9,0,51,4
2026-08-17,S05,P202,28,0,28,0,69,3
2026-08-17,S05,P203,175,167,39,136,80,2
2026-08-17,S05,P204,93,0,41,52,60,2
2026-08-17,S05,P205,20,0,5,15,19,4
2026-08-17,S05,P206,57,0,21,36,50,2
2026-08-17,S05,P207,33,0,29,4,55,4
2026-08-17,S05,P301,184,177,23,161,63,2
2026-08-17,S05,P302,40,0,29,11,70,3
2026-08-17,S05,P303,0,0,0,0,73,3
2026-08-17,S05,P304,137,137,30,107,53,3
2026-08-17,S05,P305,92,85,17,75,45,2
2026-08-17,S05,P306,19,0,19,0,64,2
2026-08-17,S05,P330,60,0,24,36,49,1
2026-08-17,S05,P401,0,0,0,0,21,3
2026-08-17,S05,P402,76,76,17,59,30,3
2026-08-17,S05,P403,96,0,13,83,39,1
2026-08-17,S05,P404,4,0,4,0,21,3
2026-08-17,S05,P405,0,0,0,0,21,3
2026-08-17,S05,P406,59,0,12,47,31,1
2026-08-17,S05,P407,66,0,12,54,30,1
2026-08-17,S05,P442,96,96,20,76,53,3
2026-08-17,S05,P501,0,0,0,0,13,4
2026-08-17,S05,P502,34,34,8,26,14,3
2026-08-17,S05,P503,7,0,5,2,11,3
2026-08-17,S05,P504,25,0,7,18,24,1
2026-08-17,S05,P505,34,0,5,29,17,2
2026-08-17,S05,P601,44,44,7,37,13,2
2026-08-17,S05,P602,20,0,5,15,15,4
2026-08-17,S05,P603,40,0,8,32,19,1
2026-08-17,S05,P604,39,0,4,35,15,3
2026-08-17,S05,P605,11,0,4,7,11,2
2026-08-17,S05,P701,76,60,9,67,18,1
2026-08-17,S05,P702,73,49,11,62,25,1
2026-08-17,S05,P703,22,0,11,11,21,1
2026-08-17,S05,P704,40,0,11,29,25,1
2026-08-17,S05,P801,105,105,12,93,44,3
2026-08-17,S05,P802,104,104,13,91,32,3
2026-08-17,S05,P803,129,107,23,106,46,1
2026-08-17,S06,P101,77,0,37,40,86,4
2026-08-17,S06,P102,294,240,40,254,101,1
2026-08-17,S06,P103,370,370,69,301,142,2
2026-08-17,S06,P104,0,0,0,0,81,4
2026-08-17,S06,P105,228,0,48,180,98,4
2026-08-17,S06,P106,0,0,0,0,117,3
2026-08-17,S06,P201,131,0,31,100,88,1
2026-08-17,S06,P202,0,0,0,0,65,3
2026-08-17,S06,P203,79,0,32,47,60,2
2026-08-17,S06,P204,238,238,49,189,108,2
2026-08-17,S06,P205,0,0,0,0,29,4
2026-08-17,S06,P206,18,0,18,0,87,4
2026-08-17,S06,P207,11,0,11,0,73,3
2026-08-17,S06,P301,174,0,46,128,96,1
2026-08-17,S06,P302,180,0,26,154,76,1
2026-08-17,S06,P303,126,0,38,88,81,3
2026-08-17,S06,P304,102,0,15,87,72,2
2026-08-17,S06,P305,180,0,70,110,90,1
2026-08-17,S06,P306,174,174,25,149,82,3
2026-08-17,S06,P330,264,244,42,222,85,2
2026-08-17,S06,P401,88,0,19,69,48,1
2026-08-17,S06,P402,58,0,15,43,34,2
2026-08-17,S06,P403,25,0,22,3,42,2
2026-08-17,S06,P404,22,0,20,2,51,3
2026-08-17,S06,P405,114,0,26,88,60,4
2026-08-17,S06,P406,0,0,0,0,34,3
2026-08-17,S06,P407,0,0,0,0,41,3
2026-08-17,S06,P442,254,254,22,232,88,2
2026-08-17,S06,P501,83,83,12,76,25,3
2026-08-17,S06,P502,82,82,15,67,38,2
2026-08-17,S06,P503,25,0,10,15,34,2
2026-08-17,S06,P504,34,0,7,27,20,3
2026-08-17,S06,P505,10,0,10,0,27,3
2026-08-17,S06,P601,48,41,9,39,18,1
2026-08-17,S06,P602,94,94,13,81,33,2
2026-08-17,S06,P603,70,70,11,59,24,3
2026-08-17,S06,P604,36,0,11,25,19,1
2026-08-17,S06,P605,0,0,0,0,31,3
2026-08-17,S06,P701,60,0,10,50,20,1
2026-08-17,S06,P702,0,0,0,0,37,3
2026-08-17,S06,P703,42,0,20,22,32,1
2026-08-17,S06,P704,59,59,13,46,29,2
2026-08-17,S06,P801,156,0,23,133,53,1
2026-08-17,S06,P802,179,0,29,150,76,1
2026-08-17,S06,P803,159,159,20,139,53,4
2026-08-18,S01,P101,241,241,71,170,121,3
2026-08-18,S01,P102,139,0,61,78,98,2
2026-08-18,S01,P103,319,319,91,228,164,4
2026-08-18,S01,P104,308,0,70,238,143,3
2026-08-18,S01,P105,308,0,72,236,124,4
2026-08-18,S01,P106,360,0,68,292,126,3
2026-08-18,S01,P201,205,0,46,159,89,3
2026-08-18,S01,P202,521,424,46,475,150,1
2026-08-18,S01,P203,316,0,71,245,159,3
2026-08-18,S01,P204,296,0,57,239,117,3
2026-08-18,S01,P205,49,0,17,32,27,1
2026-08-18,S01,P206,189,0,46,143,92,3
2026-08-18,S01,P207,204,0,51,153,111,3
2026-08-18,S01,P301,429,342,68,361,139,2
2026-08-18,S01,P302,322,264,54,268,106,2
2026-08-18,S01,P303,325,325,50,275,109,3
2026-08-18,S01,P304,39,0,38,1,74,3
2026-08-18,S01,P305,94,0,42,50,76,2
2026-08-18,S01,P306,160,0,44,116,83,1
2026-08-18,S01,P330,0,0,0,0,93,4
2026-08-18,S01,P401,181,0,30,151,71,2
2026-08-18,S01,P402,116,0,19,97,46,2
2026-08-18,S01,P403,81,0,38,43,46,3
2026-08-18,S01,P404,0,0,0,0,61,4
2026-08-18,S01,P405,100,0,22,81,43,4
2026-08-18,S01,P406,130,130,23,107,71,4
2026-08-18,S01,P407,59,0,26,33,55,1
2026-08-18,S01,P442,371,371,59,312,132,3
2026-08-18,S01,P501,1,0,1,0,41,3
2026-08-18,S01,P502,59,0,19,38,28,1
2026-08-18,S01,P503,82,0,13,69,40,1
2026-08-18,S01,P504,6,0,6,0,30,3
2026-08-18,S01,P505,0,0,0,0,37,4
2026-08-18,S01,P601,82,0,16,66,32,2
2026-08-18,S01,P602,54,0,13,41,37,2
2026-08-18,S01,P603,84,0,18,71,36,4
2026-08-18,S01,P604,56,55,17,39,23,2
2026-08-18,S01,P605,94,0,19,75,33,1
2026-08-18,S01,P701,39,0,13,26,36,2
2026-08-18,S01,P702,0,0,0,0,53,4
2026-08-18,S01,P703,166,120,20,146,47,1
2026-08-18,S01,P704,97,97,20,77,33,3
2026-08-18,S01,P801,113,0,30,83,60,4
2026-08-18,S01,P802,187,0,53,134,90,2
2026-08-18,S01,P803,127,0,30,97,59,2
2026-08-18,S02,P101,521,0,249,272,333,3
2026-08-18,S02,P102,629,0,219,410,347,1
2026-08-18,S02,P103,354,0,137,217,334,1
2026-08-18,S02,P104,741,545,152,589,268,1
2026-08-18,S02,P105,788,788,121,667,300,3
2026-08-18,S02,P106,621,596,153,468,294,2
2026-08-18,S02,P201,743,0,153,590,283,1
2026-08-18,S02,P202,527,0,211,316,316,1
2026-08-18,S02,P203,853,0,182,671,255,1
2026-08-18,S02,P204,0,0,0,0,215,4
2026-08-18,S02,P205,289,0,47,238,116,2
2026-08-18,S02,P206,529,0,153,376,196,3
2026-08-18,S02,P207,1119,841,158,961,307,1
2026-08-18,S02,P301,344,0,101,243,177,1
2026-08-18,S02,P302,886,0,171,715,326,2
2026-08-18,S02,P303,493,0,95,398,224,1
2026-08-18,S02,P304,892,0,169,723,325,1
2026-08-18,S02,P305,108,0,108,0,329,4
2026-08-18,S02,P306,0,0,0,0,214,4
2026-08-18,S02,P330,452,0,183,269,277,3
2026-08-18,S02,P401,289,289,61,228,111,3
2026-08-18,S02,P402,142,0,43,99,103,2
2026-08-18,S02,P403,52,0,52,0,114,4
2026-08-18,S02,P404,261,0,73,188,136,3
2026-08-18,S02,P405,421,421,93,328,164,3
2026-08-18,S02,P406,0,0,0,0,151,4
2026-08-18,S02,P407,398,0,76,322,189,2
2026-08-18,S02,P442,448,0,156,292,238,2
2026-08-18,S02,P501,120,0,45,75,80,4
2026-08-18,S02,P502,18,0,18,0,126,4
2026-08-18,S02,P503,105,0,71,34,106,3
2026-08-18,S02,P504,88,0,25,63,72,1
2026-08-18,S02,P505,154,0,46,108,73,4
2026-08-18,S02,P601,154,0,26,128,61,1
2026-08-18,S02,P602,328,268,38,290,99,1
2026-08-18,S02,P603,127,0,39,88,77,1
2026-08-18,S02,P604,14,0,14,0,84,4
2026-08-18,S02,P605,17,0,17,0,56,3
2026-08-18,S02,P701,251,227,50,201,101,2
2026-08-18,S02,P702,173,0,37,136,82,2
2026-08-18,S02,P703,195,0,41,154,78,2
2026-08-18,S02,P704,147,0,44,103,80,1
2026-08-18,S02,P801,75,0,43,32,134,3
2026-08-18,S02,P802,367,367,73,294,129,3
2026-08-18,S02,P803,526,481,66,460,194,2
2026-08-18,S03,P101,95,0,29,66,68,2
2026-08-18,S03,P102,69,0,49,20,93,2
2026-08-18,S03,P103,139,0,44,95,83,4
2026-08-18,S03,P104,202,0,36,166,63,1
2026-08-18,S03,P105,44,0,30,14,63,2
2026-08-18,S03,P106,0,0,0,0,84,4
2026-08-18,S03,P201,0,0,0,0,83,4
2026-08-18,S03,P202,0,0,0,0,75,4
2026-08-18,S03,P203,47,0,24,23,40,3
2026-08-18,S03,P204,167,167,54,113,89,2
2026-08-18,S03,P205,36,0,7,29,22,4
2026-08-18,S03,P206,40,0,30,10,67,4
2026-08-18,S03,P207,137,0,46,91,83,3
2026-08-18,S03,P301,116,0,22,94,59,1
2026-08-18,S03,P302,52,0,29,23,65,2
2026-08-18,S03,P303,126,0,38,88,86,3
2026-08-18,S03,P304,60,0,23,37,51,2
2026-08-18,S03,P305,245,177,27,218,81,1
2026-08-18,S03,P306,180,0,43,142,75,3
2026-08-18,S03,P330,152,0,39,113,66,1
2026-08-18,S03,P401,17,0,14,3,34,4
2026-08-18,S03,P402,0,0,0,0,33,4
2026-08-18,S03,P403,103,72,18,85,33,1
2026-08-18,S03,P404,56,54,11,45,23,2
2026-08-18,S03,P405,60,0,11,49,27,1
2026-08-18,S03,P406,9,0,9,0,35,3
2026-08-18,S03,P407,59,58,14,45,32,2
2026-08-18,S03,P442,157,0,41,116,72,1
2026-08-18,S03,P501,45,39,7,38,14,2
2026-08-18,S03,P502,13,0,11,2,22,4
2026-08-18,S03,P503,28,0,10,18,24,3
2026-08-18,S03,P504,0,0,0,0,16,4
2026-08-18,S03,P505,23,0,6,17,17,2
2026-08-18,S03,P601,50,0,9,41,18,1
2026-08-18,S03,P602,21,0,7,14,16,1
2026-08-18,S03,P603,3,0,3,0,13,4
2026-08-18,S03,P604,11,0,10,1,24,4
2026-08-18,S03,P605,21,0,12,9,19,4
2026-08-18,S03,P701,26,0,9,17,18,3
2026-08-18,S03,P702,0,0,0,0,17,4
2026-08-18,S03,P703,33,0,10,23,17,4
2026-08-18,S03,P704,26,0,12,14,26,1
2026-08-18,S03,P801,50,0,26,24,41,1
2026-08-18,S03,P802,7,0,7,0,36,3
2026-08-18,S03,P803,125,125,17,108,43,3
2026-08-18,S04,P101,217,217,44,173,95,4
2026-08-18,S04,P102,304,304,55,249,113,3
2026-08-18,S04,P103,0,0,0,0,105,4
2026-08-18,S04,P104,179,0,50,129,114,4
2026-08-18,S04,P105,267,0,59,208,145,3
2026-08-18,S04,P106,343,243,43,300,101,1
2026-08-18,S04,P201,150,0,39,111,96,1
2026-08-18,S04,P202,196,0,44,152,98,4
2026-08-18,S04,P203,44,0,44,0,99,3
2026-08-18,S04,P204,26,0,26,0,110,3
2026-08-18,S04,P205,44,0,12,32,27,4
2026-08-18,S04,P206,0,0,0,0,83,4
2026-08-18,S04,P207,137,0,59,78,114,4
2026-08-18,S04,P301,202,202,29,173,62,3
2026-08-18,S04,P302,202,0,44,158,85,1
2026-08-18,S04,P303,245,245,37,208,90,3
2026-08-18,S04,P304,201,184,44,157,79,2
2026-08-18,S04,P305,227,227,45,182,78,4
2026-08-18,S04,P306,239,239,83,156,127,3
2026-08-18,S04,P330,0,0,0,0,86,4
2026-08-18,S04,P401,114,0,25,89,73,1
2026-08-18,S04,P402,86,0,31,55,64,1
2026-08-18,S04,P403,54,0,20,34,44,1
2026-08-18,S04,P404,125,117,23,102,56,3
2026-08-18,S04,P405,133,123,22,111,53,2
2026-08-18,S04,P406,33,0,23,10,46,2
2026-08-18,S04,P407,108,0,35,73,57,3
2026-08-18,S04,P442,157,0,42,115,64,2
2026-08-18,S04,P501,26,0,18,8,29,2
2026-08-18,S04,P502,79,0,17,62,32,3
2026-08-18,S04,P503,83,69,14,69,34,2
2026-08-18,S04,P504,66,0,13,53,28,1
2026-08-18,S04,P505,76,0,12,64,25,1
2026-08-18,S04,P601,45,0,15,30,38,3
2026-08-18,S04,P602,49,0,12,37,30,1
2026-08-18,S04,P603,30,0,10,20,26,1
2026-08-18,S04,P604,43,0,12,31,25,1
2026-08-18,S04,P605,0,0,0,0,34,4
2026-08-18,S04,P701,55,0,14,41,41,2
2026-08-18,S04,P702,8,0,8,0,31,4
2026-08-18,S04,P703,107,107,22,85,45,3
2026-08-18,S04,P704,81,0,13,68,26,1
2026-08-18,S04,P801,0,0,0,0,64,3
2026-08-18,S04,P802,108,0,21,87,55,3
2026-08-18,S04,P803,88,0,21,67,38,3
2026-08-18,S05,P101,20,0,20,0,92,3
2026-08-18,S05,P102,33,0,33,0,72,3
2026-08-18,S05,P103,75,0,48,27,76,2
2026-08-18,S05,P104,136,0,25,111,56,1
2026-08-18,S05,P105,38,0,38,0,63,4
2026-08-18,S05,P106,163,163,38,125,69,3
2026-08-18,S05,P201,0,0,0,0,51,4
2026-08-18,S05,P202,0,0,0,0,69,3
2026-08-18,S05,P203,136,0,27,109,80,2
2026-08-18,S05,P204,52,0,29,23,60,2
2026-08-18,S05,P205,15,0,6,9,19,4
2026-08-18,S05,P206,36,0,32,4,50,2
2026-08-18,S05,P207,4,0,4,0,55,4
2026-08-18,S05,P301,161,0,26,135,63,2
2026-08-18,S05,P302,11,0,11,0,70,3
2026-08-18,S05,P303,125,125,37,88,73,3
2026-08-18,S05,P304,107,0,26,81,53,3
2026-08-18,S05,P305,75,0,14,61,45,2
2026-08-18,S05,P306,209,209,30,179,64,2
2026-08-18,S05,P330,139,103,29,110,49,1
2026-08-18,S05,P401,60,60,9,51,21,3
2026-08-18,S05,P402,59,0,16,43,30,3
2026-08-18,S05,P403,83,0,15,68,39,1
2026-08-18,S05,P404,50,50,12,38,21,3
2026-08-18,S05,P405,49,49,11,38,21,3
2026-08-18,S05,P406,47,0,14,33,31,1
2026-08-18,S05,P407,54,0,21,33,30,1
2026-08-18,S05,P442,76,0,20,56,53,3
2026-08-18,S05,P501,33,33,8,25,13,4
2026-08-18,S05,P502,26,0,8,18,14,3
2026-08-18,S05,P503,2,0,2,0,11,3
2026-08-18,S05,P504,61,43,8,53,24,1
2026-08-18,S05,P505,29,0,8,21,17,2
2026-08-18,S05,P601,37,0,7,30,13,2
2026-08-18,S05,P602,15,0,7,8,15,4
2026-08-18,S05,P603,32,0,8,24,19,1
2026-08-18,S05,P604,35,0,6,29,15,3
2026-08-18,S05,P605,7,0,5,2,11,2
2026-08-18,S05,P701,67,0,9,58,18,1
2026-08-18,S05,P702,62,0,12,50,25,1
2026-08-18,S05,P703,59,48,9,50,21,1
2026-08-18,S05,P704,29,0,12,17,25,1
2026-08-18,S05,P801,93,0,21,72,44,3
2026-08-18,S05,P802,91,0,20,71,32,3
2026-08-18,S05,P803,106,0,22,84,46,1
2026-08-18,S06,P101,40,0,32,8,86,4
2026-08-18,S06,P102,254,0,56,198,101,1
2026-08-18,S06,P103,301,0,69,232,142,2
2026-08-18,S06,P104,227,227,29,198,81,4
2026-08-18,S06,P105,180,0,47,133,98,4
2026-08-18,S06,P106,284,284,59,225,117,3
2026-08-18,S06,P201,100,0,39,61,88,1
2026-08-18,S06,P202,126,126,34,92,65,3
2026-08-18,S06,P203,47,0,23,24,60,2
2026-08-18,S06,P204,189,0,31,158,108,2
2026-08-18,S06,P205,0,0,0,0,29,4
2026-08-18,S06,P206,0,0,0,0,87,4
2026-08-18,S06,P207,206,206,38,168,73,3
2026-08-18,S06,P301,128,0,34,94,96,1
2026-08-18,S06,P302,154,0,43,111,76,1
2026-08-18,S06,P303,88,0,48,40,81,3
2026-08-18,S06,P304,87,0,32,55,72,2
2026-08-18,S06,P305,110,0,46,64,90,1
2026-08-18,S06,P306,149,0,30,119,82,3
2026-08-18,S06,P330,222,0,32,190,85,2
2026-08-18,S06,P401,69,0,19,50,48,1
2026-08-18,S06,P402,43,0,21,22,34,2
2026-08-18,S06,P403,75,72,16,59,42,2
2026-08-18,S06,P404,133,131,20,113,51,3
2026-08-18,S06,P405,88,0,36,52,60,4
2026-08-18,S06,P406,106,106,20,86,34,3
2026-08-18,S06,P407,115,115,13,102,41,3
2026-08-18,S06,P442,232,0,49,183,88,2
2026-08-18,S06,P501,71,0,16,55,25,3
2026-08-18,S06,P502,67,0,13,54,38,2
2026-08-18,S06,P503,89,74,14,75,34,2
2026-08-18,S06,P504,27,0,13,14,20,3
2026-08-18,S06,P505,88,88,14,74,27,3
2026-08-18,S06,P601,39,0,12,27,18,1
2026-08-18,S06,P602,81,0,16,65,33,2
2026-08-18,S06,P603,59,0,11,48,24,3
2026-08-18,S06,P604,25,0,10,15,19,1
2026-08-18,S06,P605,84,84,13,71,31,3
2026-08-18,S06,P701,50,0,14,36,20,1
2026-08-18,S06,P702,86,86,13,73,37,3
2026-08-18,S06,P703,120,98,18,102,32,1
2026-08-18,S06,P704,46,0,12,34,29,2
2026-08-18,S06,P801,133,0,26,107,53,1
2026-08-18,S06,P802,150,0,42,108,76,1
2026-08-18,S06,P803,139,0,18,121,53,4
2026-08-19,S01,P101,170,0,51,119,121,3
2026-08-19,S01,P102,78,0,71,7,98,2
2026-08-19,S01,P103,228,0,95,133,164,4
2026-08-19,S01,P104,238,0,78,160,143,3
2026-08-19,S01,P105,236,0,69,167,124,4
2026-08-19,S01,P106,292,0,35,257,126,3
2026-08-19,S01,P201,159,0,42,117,89,3
2026-08-19,S01,P202,475,0,38,437,150,1
2026-08-19,S01,P203,245,0,49,196,159,3
2026-08-19,S01,P204,239,0,49,190,117,3
2026-08-19,S01,P205,32,0,14,18,27,1
2026-08-19,S01,P206,143,0,51,92,92,3
2026-08-19,S01,P207,153,0,48,105,111,3
2026-08-19,S01,P301,361,0,61,300,139,2
2026-08-19,S01,P302,268,0,68,200,106,2
2026-08-19,S01,P303,275,0,51,222,109,3
2026-08-19,S01,P304,242,241,44,198,74,3
2026-08-19,S01,P305,52,0,33,19,76,2
2026-08-19,S01,P306,116,0,32,84,83,1
2026-08-19,S01,P330,192,192,40,152,93,4
2026-08-19,S01,P401,151,0,30,121,71,2
2026-08-19,S01,P402,97,0,16,81,46,2
2026-08-19,S01,P403,43,0,30,13,46,3
2026-08-19,S01,P404,120,120,27,93,61,4
2026-08-19,S01,P405,78,0,20,58,43,4
2026-08-19,S01,P406,107,0,29,78,71,4
2026-08-19,S01,P407,239,206,35,204,55,1
2026-08-19,S01,P442,312,0,52,260,132,3
2026-08-19,S01,P501,127,127,21,106,41,3
2026-08-19,S01,P502,40,0,17,23,28,1
2026-08-19,S01,P503,69,0,22,47,40,1
2026-08-19,S01,P504,64,64,20,44,30,3
2026-08-19,S01,P505,97,97,9,88,37,4
2026-08-19,S01,P601,66,0,16,50,32,2
2026-08-19,S01,P602,41,0,12,29,37,2
2026-08-19,S01,P603,66,0,15,51,36,4
2026-08-19,S01,P604,39,0,13,26,23,2
2026-08-19,S01,P605,75,0,13,62,33,1
2026-08-19,S01,P701,26,0,15,11,36,2
2026-08-19,S01,P702,97,97,22,75,53,4
2026-08-19,S01,P703,146,0,21,125,47,1
2026-08-19,S01,P704,77,0,14,63,33,3
2026-08-19,S01,P801,83,0,41,42,60,4
2026-08-19,S01,P802,134,0,54,80,90,2
2026-08-19,S01,P803,97,0,43,54,59,2
2026-08-19,S02,P101,272,0,196,76,333,3
2026-08-19,S02,P102,410,0,237,173,347,1
2026-08-19,S02,P103,1139,922,176,963,334,1
2026-08-19,S02,P104,589,0,173,416,268,1
2026-08-19,S02,P105,667,0,162,505,300,3
2026-08-19,S02,P106,468,0,161,307,294,2
2026-08-19,S02,P201,590,0,132,458,283,1
2026-08-19,S02,P202,316,0,163,153,316,1
2026-08-19,S02,P203,671,0,172,499,255,1
2026-08-19,S02,P204,529,529,122,407,215,4
2026-08-19,S02,P205,242,0,72,170,116,2
2026-08-19,S02,P206,376,0,101,273,196,3
2026-08-19,S02,P207,961,0,186,775,307,1
2026-08-19,S02,P301,243,0,89,154,177,1
2026-08-19,S02,P302,715,0,121,594,326,2
2026-08-19,S02,P303,398,0,109,289,224,1
2026-08-19,S02,P304,723,0,163,560,325,1
2026-08-19,S02,P305,0,0,0,0,329,4
2026-08-19,S02,P306,693,693,107,586,214,4
2026-08-19,S02,P330,269,0,204,65,277,3
2026-08-19,S02,P401,228,0,68,160,111,3
2026-08-19,S02,P402,99,0,39,60,103,2
2026-08-19,S02,P403,0,0,0,0,114,4
2026-08-19,S02,P404,188,0,47,141,136,3
2026-08-19,S02,P405,328,0,48,280,164,3
2026-08-19,S02,P406,327,327,100,227,151,4
2026-08-19,S02,P407,322,0,104,218,189,2
2026-08-19,S02,P442,292,0,90,202,238,2
2026-08-19,S02,P501,75,0,44,31,80,4
2026-08-19,S02,P502,0,0,0,0,126,4
2026-08-19,S02,P503,34,0,34,0,106,3
2026-08-19,S02,P504,271,208,35,236,72,1
2026-08-19,S02,P505,108,0,34,74,73,4
2026-08-19,S02,P601,128,0,30,98,61,1
2026-08-19,S02,P602,290,0,60,230,99,1
2026-08-19,S02,P603,88,0,42,46,77,1
2026-08-19,S02,P604,0,0,0,0,84,4
2026-08-19,S02,P605,163,163,31,132,56,3
2026-08-19,S02,P701,201,0,68,133,101,2
2026-08-19,S02,P702,136,0,37,99,82,2
2026-08-19,S02,P703,154,0,43,111,78,2
2026-08-19,S02,P704,103,0,43,60,80,1
2026-08-19,S02,P801,357,325,67,290,134,3
2026-08-19,S02,P802,294,0,84,210,129,3
2026-08-19,S02,P803,460,0,82,378,194,2
2026-08-19,S03,P101,66,0,35,31,68,2
2026-08-19,S03,P102,243,223,37,204,93,2
2026-08-19,S03,P103,95,0,38,57,83,4
2026-08-19,S03,P104,166,0,28,138,63,1
2026-08-19,S03,P105,194,180,30,164,63,2
2026-08-19,S03,P106,157,157,27,130,84,4
2026-08-19,S03,P201,225,225,36,189,83,4
2026-08-19,S03,P202,244,244,39,205,75,4
2026-08-19,S03,P203,23,0,23,0,40,3
2026-08-19,S03,P204,113,0,43,70,89,2
2026-08-19,S03,P205,29,0,9,20,22,4
2026-08-19,S03,P206,10,0,10,0,67,4
2026-08-19,S03,P207,91,0,27,64,83,3
2026-08-19,S03,P301,94,0,20,74,59,1
2026-08-19,S03,P302,180,157,33,147,65,2
2026-08-19,S03,P303,88,0,32,56,86,3
2026-08-19,S03,P304,37,0,24,13,51,2
2026-08-19,S03,P305,218,0,43,175,81,1
2026-08-19,S03,P306,137,0,32,105,75,3
2026-08-19,S03,P330,113,0,22,91,66,1
2026-08-19,S03,P401,3,0,3,0,34,4
2026-08-19,S03,P402,70,70,12,58,33,4
2026-08-19,S03,P403,85,0,16,69,33,1
2026-08-19,S03,P404,45,0,16,29,23,2
2026-08-19,S03,P405,49,0,15,34,27,1
2026-08-19,S03,P406,81,81,12,69,35,3
2026-08-19,S03,P407,45,0,13,32,32,2
2026-08-19,S03,P442,116,0,39,77,72,1
2026-08-19,S03,P501,38,0,7,31,14,2
2026-08-19,S03,P502,2,0,2,0,22,4
2026-08-19,S03,P503,18,0,8,10,24,3
2026-08-19,S03,P504,48,48,9,39,16,4
2026-08-19,S03,P505,17,0,7,10,17,2
2026-08-19,S03,P601,41,0,9,32,18,1
2026-08-19,S03,P602,46,32,10,36,16,1
2026-08-19,S03,P603,0,0,0,0,13,4
2026-08-19,S03,P604,1,0,1,0,24,4
2026-08-19,S03,P605,9,0,9,0,19,4
2026-08-19,S03,P701,17,0,7,10,18,3
2026-08-19,S03,P702,56,56,9,47,17,4
2026-08-19,S03,P703,23,0,8,15,17,4
2026-08-19,S03,P704,74,60,12,62,26,1
2026-08-19,S03,P801,154,130,22,132,41,1
2026-08-19,S03,P802,125,125,13,112,36,3
2026-08-19,S03,P803,108,0,18,90,43,3
2026-08-19,S04,P101,173,0,56,117,95,4
2026-08-19,S04,P102,249,0,56,193,113,3
2026-08-19,S04,P103,0,0,0,0,105,4
2026-08-19,S04,P104,129,0,49,80,114,4
2026-08-19,S04,P105,208,0,61,147,145,3
2026-08-19,S04,P106,300,0,50,250,101,1
2026-08-19,S04,P201,111,0,31,80,96,1
2026-08-19,S04,P202,152,0,55,97,98,4
2026-08-19,S04,P203,267,267,43,224,99,3
2026-08-19,S04,P204,265,265,41,224,110,3
2026-08-19,S04,P205,32,0,10,22,27,4
2026-08-19,S04,P206,203,203,27,176,83,4
2026-08-19,S04,P207,78,0,59,19,114,4
2026-08-19,S04,P301,173,0,32,141,62,3
2026-08-19,S04,P302,158,0,41,117,85,1
2026-08-19,S04,P303,208,0,51,157,90,3
2026-08-19,S04,P304,157,0,40,117,79,2
2026-08-19,S04,P305,182,0,46,136,78,4
2026-08-19,S04,P306,156,0,43,113,127,3
2026-08-19,S04,P330,202,202,39,163,86,4
2026-08-19,S04,P401,89,0,47,42,73,1
2026-08-19,S04,P402,201,146,31,170,64,1
2026-08-19,S04,P403,119,85,17,102,44,1
2026-08-19,S04,P404,102,0,39,63,56,3
2026-08-19,S04,P405,111,0,25,86,53,2
2026-08-19,S04,P406,138,128,13,125,46,2
2026-08-19,S04,P407,73,0,27,46,57,3
2026-08-19,S04,P442,115,0,42,73,64,2
2026-08-19,S04,P501,79,71,16,63,29,2
2026-08-19,S04,P502,62,0,15,47,32,3
2026-08-19,S04,P503,69,0,10,59,34,2
2026-08-19,S04,P504,53,0,13,40,28,1
2026-08-19,S04,P505,64,0,15,49,25,1
2026-08-19,S04,P601,30,0,15,15,38,3
2026-08-19,S04,P602,37,0,22,15,30,1
2026-08-19,S04,P603,68,48,8,60,26,1
2026-08-19,S04,P604,31,0,11,20,25,1
2026-08-19,S04,P605,70,70,17,53,34,4
2026-08-19,S04,P701,41,0,25,16,41,2
2026-08-19,S04,P702,72,72,13,59,31,4
2026-08-19,S04,P703,85,0,17,68,45,3
2026-08-19,S04,P704,68,0,12,56,26,1
2026-08-19,S04,P801,225,225,36,189,64,3
2026-08-19,S04,P802,87,0,30,57,55,3
2026-08-19,S04,P803,67,0,27,40,38,3
2026-08-19,S05,P101,165,165,39,126,92,3
2026-08-19,S05,P102,208,208,27,181,72,3
2026-08-19,S05,P103,227,200,25,202,76,2
2026-08-19,S05,P104,111,0,22,89,56,1
2026-08-19,S05,P105,0,0,0,0,63,4
2026-08-19,S05,P106,125,0,37,88,69,3
2026-08-19,S05,P201,107,107,22,85,51,4
2026-08-19,S05,P202,211,211,34,177,69,3
2026-08-19,S05,P203,109,0,46,63,80,2
2026-08-19,S05,P204,216,193,28,188,60,2
2026-08-19,S05,P205,9,0,9,0,19,4
2026-08-19,S05,P206,104,100,22,82,50,2
2026-08-19,S05,P207,0,0,0,0,55,4
2026-08-19,S05,P301,135,0,27,108,63,2
2026-08-19,S05,P302,179,179,27,152,70,3
2026-08-19,S05,P303,88,0,49,39,73,3
2026-08-19,S05,P304,81,0,24,57,53,3
2026-08-19,S05,P305,61,0,24,37,45,2
2026-08-19,S05,P306,179,0,33,146,64,2
2026-08-19,S05,P330,110,0,23,87,49,1
2026-08-19,S05,P401,51,0,9,42,21,3
2026-08-19,S05,P402,43,0,11,32,30,3
2026-08-19,S05,P403,68,0,17,51,39,1
2026-08-19,S05,P404,38,0,11,32,21,3
2026-08-19,S05,P405,38,0,16,22,21,3
2026-08-19,S05,P406,33,0,13,20,31,1
2026-08-19,S05,P407,33,0,16,17,30,1
2026-08-19,S05,P442,56,0,31,25,53,3
2026-08-19,S05,P501,25,0,6,19,13,4
2026-08-19,S05,P502,18,0,6,12,14,3
2026-08-19,S05,P503,28,28,4,24,11,3
2026-08-19,S05,P504,53,0,10,48,24,1
2026-08-19,S05,P505,21,0,7,14,17,2
2026-08-19,S05,P601,30,0,8,25,13,2
2026-08-19,S05,P602,8,0,5,3,15,4
2026-08-19,S05,P603,24,0,8,16,19,1
2026-08-19,S05,P604,29,0,7,22,15,3
2026-08-19,S05,P605,25,23,5,20,11,2
2026-08-19,S05,P701,58,0,13,45,18,1
2026-08-19,S05,P702,50,0,11,39,25,1
2026-08-19,S05,P703,50,0,9,41,21,1
2026-08-19,S05,P704,90,73,9,81,25,1
2026-08-19,S05,P801,72,0,18,54,44,3
2026-08-19,S05,P802,71,0,13,58,32,3
2026-08-19,S05,P803,84,0,20,64,46,1
2026-08-19,S06,P101,8,0,8,0,86,4
2026-08-19,S06,P102,198,0,55,143,101,1
2026-08-19,S06,P103,232,0,59,173,142,2
2026-08-19,S06,P104,198,0,35,163,81,4
2026-08-19,S06,P105,133,0,55,78,98,4
2026-08-19,S06,P106,225,0,47,178,117,3
2026-08-19,S06,P201,259,198,43,216,88,1
2026-08-19,S06,P202,92,0,26,66,65,3
2026-08-19,S06,P203,172,148,34,138,60,2
2026-08-19,S06,P204,158,0,54,104,108,2
2026-08-19,S06,P205,76,76,14,62,29,4
2026-08-19,S06,P206,293,293,53,240,87,4
2026-08-19,S06,P207,168,0,32,136,73,3
2026-08-19,S06,P301,325,231,49,276,96,1
2026-08-19,S06,P302,111,0,40,71,76,1
2026-08-19,S06,P303,40,0,40,0,81,3
2026-08-19,S06,P304,55,0,28,27,72,2
2026-08-19,S06,P305,362,298,53,309,90,1
2026-08-19,S06,P306,119,0,42,77,82,3
2026-08-19,S06,P330,190,0,50,140,85,2
2026-08-19,S06,P401,50,0,19,31,48,1
2026-08-19,S06,P402,22,0,16,6,34,2
2026-08-19,S06,P403,59,0,28,31,42,2
2026-08-19,S06,P404,113,0,23,90,51,3
2026-08-19,S06,P405,52,0,30,22,60,4
2026-08-19,S06,P406,86,0,21,65,34,3
2026-08-19,S06,P407,102,0,14,88,41,3
2026-08-19,S06,P442,183,0,50,133,88,2
2026-08-19,S06,P501,55,0,13,42,25,3
2026-08-19,S06,P502,54,0,17,37,38,2
2026-08-19,S06,P503,75,0,15,60,34,2
2026-08-19,S06,P504,14,0,9,5,20,3
2026-08-19,S06,P505,74,0,15,59,27,3
2026-08-19,S06,P601,27,0,10,17,18,1
2026-08-19,S06,P602,65,0,14,51,33,2
2026-08-19,S06,P603,48,0,13,35,24,3
2026-08-19,S06,P604,48,33,7,41,19,1
2026-08-19,S06,P605,71,0,15,56,31,3
2026-08-19,S06,P701,36,0,11,25,20,1
2026-08-19,S06,P702,73,0,15,58,37,3
2026-08-19,S06,P703,102,0,13,89,32,1
2026-08-19,S06,P704,34,0,21,13,29,2
2026-08-19,S06,P801,107,0,30,77,53,1
2026-08-19,S06,P802,108,0,47,61,76,1
2026-08-19,S06,P803,121,0,37,84,53,4
2026-08-20,S01,P101,119,0,36,83,121,3
2026-08-20,S01,P102,273,266,49,224,98,2
2026-08-20,S01,P103,133,0,93,40,164,4
2026-08-20,S01,P104,160,0,44,116,143,3
2026-08-20,S01,P105,167,0,49,118,124,4
2026-08-20,S01,P106,257,0,79,178,126,3
2026-08-20,S01,P201,117,0,26,91,89,3
2026-08-20,S01,P202,437,0,66,371,150,1
2026-08-20,S01,P203,196,0,68,128,159,3
2026-08-20,S01,P204,190,0,43,147,117,3
2026-08-20,S01,P205,100,82,14,86,27,1
2026-08-20,S01,P206,92,0,58,34,92,3
2026-08-20,S01,P207,105,0,52,53,111,3
2026-08-20,S01,P301,300,0,55,245,139,2
2026-08-20,S01,P302,200,0,45,155,106,2
2026-08-20,S01,P303,224,0,77,147,109,3
2026-08-20,S01,P304,198,0,54,144,74,3
2026-08-20,S01,P305,304,285,35,269,76,2
2026-08-20,S01,P306,84,0,37,47,83,1
2026-08-20,S01,P330,152,0,42,110,93,4
2026-08-20,S01,P401,121,0,26,95,71,2
2026-08-20,S01,P402,81,0,18,63,46,2
2026-08-20,S01,P403,13,0,13,0,46,3
2026-08-20,S01,P404,93,0,26,67,61,4
2026-08-20,S01,P405,58,0,17,41,43,4
2026-08-20,S01,P406,78,0,39,39,71,4
2026-08-20,S01,P407,204,0,31,173,55,1
2026-08-20,S01,P442,260,0,55,205,132,3
2026-08-20,S01,P501,106,0,19,87,41,3
2026-08-20,S01,P502,71,48,12,59,28,1
2026-08-20,S01,P503,47,0,12,35,40,1
2026-08-20,S01,P504,44,0,16,28,30,3
2026-08-20,S01,P505,88,0,18,70,37,4
2026-08-20,S01,P601,50,0,15,35,32,2
2026-08-20,S01,P602,29,0,21,8,37,2
2026-08-20,S01,P603,51,0,12,39,36,4
2026-08-20,S01,P604,26,0,17,9,23,2
2026-08-20,S01,P605,62,0,19,43,33,1
2026-08-20,S01,P701,127,116,14,111,36,2
2026-08-20,S01,P702,75,0,21,54,53,4
2026-08-20,S01,P703,125,0,30,95,47,1
2026-08-20,S01,P704,63,0,22,41,33,3
2026-08-20,S01,P801,42,0,31,11,60,4
2026-08-20,S01,P802,80,0,34,46,90,2
2026-08-20,S01,P803,54,0,29,25,59,2
2026-08-20,S02,P101,76,0,76,0,333,3
2026-08-20,S02,P102,976,803,201,775,347,1
2026-08-20,S02,P103,963,0,157,806,334,1
2026-08-20,S02,P104,416,0,131,285,268,1
2026-08-20,S02,P105,505,0,112,393,300,3
2026-08-20,S02,P106,307,0,174,133,294,2
2026-08-20,S02,P201,458,0,220,238,283,1
2026-08-20,S02,P202,864,711,147,717,316,1
2026-08-20,S02,P203,499,0,172,327,255,1
2026-08-20,S02,P204,407,0,129,278,215,4
2026-08-20,S02,P205,170,0,49,121,116,2
2026-08-20,S02,P206,275,0,93,182,196,3
2026-08-20,S02,P207,775,0,149,626,307,1
2026-08-20,S02,P301,630,476,123,507,177,1
2026-08-20,S02,P302,594,0,163,431,326,2
2026-08-20,S02,P303,289,0,130,159,224,1
2026-08-20,S02,P304,560,0,148,412,325,1
2026-08-20,S02,P305,757,757,142,615,329,4
2026-08-20,S02,P306,586,0,88,498,214,4
2026-08-20,S02,P330,65,0,65,0,277,3
2026-08-20,S02,P401,160,0,50,110,111,3
2026-08-20,S02,P402,308,248,49,259,103,2
2026-08-20,S02,P403,230,230,57,173,114,4
2026-08-20,S02,P404,141,0,59,82,136,3
2026-08-20,S02,P405,280,0,75,205,164,3
2026-08-20,S02,P406,227,0,74,153,151,4
2026-08-20,S02,P407,218,0,52,166,189,2
2026-08-20,S02,P442,202,0,123,79,238,2
2026-08-20,S02,P501,31,0,31,0,80,4
2026-08-20,S02,P502,239,239,40,199,126,4
2026-08-20,S02,P503,282,282,42,240,106,3
2026-08-20,S02,P504,236,0,24,212,72,1
2026-08-20,S02,P505,74,0,35,39,73,4
2026-08-20,S02,P601,98,0,31,67,61,1
2026-08-20,S02,P602,230,0,43,187,99,1
2026-08-20,S02,P603,313,267,39,274,77,1
2026-08-20,S02,P604,270,270,44,226,84,4
2026-08-20,S02,P605,132,0,23,109,56,3
2026-08-20,S02,P701,133,0,48,85,101,2
2026-08-20,S02,P702,99,0,64,35,82,2
2026-08-20,S02,P703,111,0,51,60,78,2
2026-08-20,S02,P704,299,239,57,242,80,1
2026-08-20,S02,P801,290,0,81,209,134,3
2026-08-20,S02,P802,210,0,92,118,129,3
2026-08-20,S02,P803,378,0,81,297,194,2
2026-08-20,S03,P101,172,141,30,142,68,2
2026-08-20,S03,P102,206,0,52,157,93,2
2026-08-20,S03,P103,57,0,42,15,83,4
2026-08-20,S03,P104,138,0,31,107,63,1
2026-08-20,S03,P105,164,0,33,131,63,2
2026-08-20,S03,P106,130,0,32,98,84,4
2026-08-20,S03,P201,189,0,37,152,83,4
2026-08-20,S03,P202,205,0,33,172,75,4
2026-08-20,S03,P203,0,0,0,0,40,3
2026-08-20,S03,P204,70,0,36,34,89,2
2026-08-20,S03,P205,20,0,9,11,22,4
2026-08-20,S03,P206,0,0,0,0,67,4
2026-08-20,S03,P207,64,0,41,23,83,3
2026-08-20,S03,P301,74,0,27,47,59,1
2026-08-20,S03,P302,147,0,30,117,65,2
2026-08-20,S03,P303,56,0,39,17,86,3
2026-08-20,S03,P304,197,184,30,167,51,2
2026-08-20,S03,P305,175,0,31,144,81,1
2026-08-20,S03,P306,105,0,35,70,75,3
2026-08-20,S03,P330,91,0,22,69,66,1
2026-08-20,S03,P401,66,66,14,48,34,4
2026-08-20,S03,P402,58,0,20,38,33,4
2026-08-20,S03,P403,69,0,16,53,33,1
2026-08-20,S03,P404,29,0,12,17,23,2
2026-08-20,S03,P405,34,0,13,21,27,1
2026-08-20,S03,P406,69,0,15,54,35,3
2026-08-20,S03,P407,32,0,11,21,32,2
2026-08-20,S03,P442,77,0,38,39,72,1
2026-08-20,S03,P501,31,0,7,24,14,2
2026-08-20,S03,P502,68,68,10,58,22,4
2026-08-20,S03,P503,10,0,10,0,24,3
2026-08-20,S03,P504,39,0,7,32,16,4
2026-08-20,S03,P505,10,0,7,3,17,2
2026-08-20,S03,P601,32,0,11,21,18,1
2026-08-20,S03,P602,36,0,9,27,16,1
2026-08-20,S03,P603,33,33,11,22,13,4
2026-08-20,S03,P604,67,67,15,52,24,4
2026-08-20,S03,P605,0,0,0,0,19,4
2026-08-20,S03,P701,10,0,9,1,18,3
2026-08-20,S03,P702,47,0,10,37,17,4
2026-08-20,S03,P703,15,0,8,7,17,4
2026-08-20,S03,P704,62,0,15,47,26,1
2026-08-20,S03,P801,132,0,13,119,41,1
2026-08-20,S03,P802,112,0,20,92,36,3
2026-08-20,S03,P803,90,0,13,77,43,3
2026-08-20,S04,P101,117,0,58,59,95,4
2026-08-20,S04,P102,193,0,56,137,113,3
2026-08-20,S04,P103,250,250,46,204,105,4
2026-08-20,S04,P104,80,0,47,33,114,4
2026-08-20,S04,P105,147,0,75,72,145,3
2026-08-20,S04,P106,250,0,51,199,101,1
2026-08-20,S04,P201,287,207,36,251,96,1
2026-08-20,S04,P202,97,0,48,49,98,4
2026-08-20,S04,P203,224,0,65,159,99,3
2026-08-20,S04,P204,224,0,61,163,110,3
2026-08-20,S04,P205,22,0,14,8,27,4
2026-08-20,S04,P206,176,0,41,135,83,4
2026-08-20,S04,P207,19,0,19,0,114,4
2026-08-20,S04,P301,141,0,18,123,62,3
2026-08-20,S04,P302,117,0,34,79,85,1
2026-08-20,S04,P303,157,0,57,100,90,3
2026-08-20,S04,P304,117,0,50,67,79,2
2026-08-20,S04,P305,136,0,57,79,78,4
2026-08-20,S04,P306,113,0,53,60,127,3
2026-08-20,S04,P330,163,0,30,133,86,4
2026-08-20,S04,P401,222,180,25,197,73,1
2026-08-20,S04,P402,170,0,30,140,64,1
2026-08-20,S04,P403,102,0,18,84,44,1
2026-08-20,S04,P404,63,0,27,36,56,3
2026-08-20,S04,P405,86,0,31,55,53,2
2026-08-20,S04,P406,125,0,21,104,46,2
2026-08-20,S04,P407,46,0,27,19,57,3
2026-08-20,S04,P442,73,0,42,31,64,2
2026-08-20,S04,P501,63,0,23,40,29,2
2026-08-20,S04,P502,47,0,13,34,32,3
2026-08-20,S04,P503,59,0,11,48,34,2
2026-08-20,S04,P504,40,0,9,31,28,1
2026-08-20,S04,P505,49,0,15,34,25,1
2026-08-20,S04,P601,15,0,15,0,38,3
2026-08-20,S04,P602,110,95,20,90,30,1
2026-08-20,S04,P603,60,0,11,49,26,1
2026-08-20,S04,P604,76,56,16,60,25,1
2026-08-20,S04,P605,53,0,11,42,34,4
2026-08-20,S04,P701,16,0,16,0,41,2
2026-08-20,S04,P702,59,0,12,47,31,4
2026-08-20,S04,P703,68,0,27,41,45,3
2026-08-20,S04,P704,56,0,8,48,26,1
2026-08-20,S04,P801,189,0,35,154,64,3
2026-08-20,S04,P802,57,0,23,34,55,3
2026-08-20,S04,P803,40,0,22,18,38,3
2026-08-20,S05,P101,126,0,65,61,92,3
2026-08-20,S05,P102,181,0,53,128,72,3
2026-08-20,S05,P103,202,0,43,159,76,2
2026-08-20,S05,P104,89,0,31,58,56,1
2026-08-20,S05,P105,0,0,0,0,63,4
2026-08-20,S05,P106,88,0,43,45,69,3
2026-08-20,S05,P201,85,0,28,55,51,4
2026-08-20,S05,P202,177,0,39,138,69,3
2026-08-20,S05,P203,63,0,39,24,80,2
2026-08-20,S05,P204,188,0,39,149,60,2
2026-08-20,S05,P205,0,0,0,0,19,4
2026-08-20,S05,P206,82,0,22,60,50,2
2026-08-20,S05,P207,194,194,37,157,55,4
2026-08-20,S05,P301,108,0,28,80,63,2
2026-08-20,S05,P302,152,0,29,123,70,3
2026-08-20,S05,P303,39,0,23,16,73,3
2026-08-20,S05,P304,57,0,19,38,53,3
2026-08-20,S05,P305,37,0,22,15,45,2
2026-08-20,S05,P306,146,0,25,121,64,2
2026-08-20,S05,P330,87,0,28,59,49,1
2026-08-20,S05,P401,42,0,10,32,21,3
2026-08-20,S05,P402,32,0,20,12,30,3
2026-08-20,S05,P403,51,0,21,30,39,1
2026-08-20,S05,P404,27,0,10,17,21,3
2026-08-20,S05,P405,22,0,12,10,21,3
2026-08-20,S05,P406,105,85,14,91,31,1
2026-08-20,S05,P407,86,69,16,70,30,1
2026-08-20,S05,P442,25,0,25,0,53,3
2026-08-20,S05,P501,19,0,7,12,13,4
2026-08-20,S05,P502,12,0,6,6,14,3
2026-08-20,S05,P503,24,0,6,18,11,3
2026-08-20,S05,P504,43,0,11,32,24,1
2026-08-20,S05,P505,14,0,8,6,17,2
2026-08-20,S05,P601,22,0,6,12,13,2
2026-08-20,S05,P602,3,0,3,0,15,4
2026-08-20,S05,P603,72,56,7,65,19,1
2026-08-20,S05,P604,22,0,9,13,15,3
2026-08-20,S05,P605,20,0,6,14,11,2
2026-08-20,S05,P701,45,0,13,32,18,1
2026-08-20,S05,P702,39,0,15,24,25,1
2026-08-20,S05,P703,41,0,10,31,21,1
2026-08-20,S05,P704,81,0,9,72,25,1
2026-08-20,S05,P801,54,0,23,31,44,3
2026-08-20,S05,P802,58,0,14,44,32,3
2026-08-20,S05,P803,64,0,21,43,46,1
2026-08-20,S06,P101,162,162,42,120,86,4
2026-08-20,S06,P102,143,0,54,89,101,1
2026-08-20,S06,P103,173,0,60,113,142,2
2026-08-20,S06,P104,163,0,45,118,81,4
2026-08-20,S06,P105,78,0,59,19,98,4
2026-08-20,S06,P106,178,0,53,125,117,3
2026-08-20,S06,P201,216,0,37,179,88,1
2026-08-20,S06,P202,66,0,37,29,65,3
2026-08-20,S06,P203,138,0,32,106,60,2
2026-08-20,S06,P204,104,0,46,58,108,2
2026-08-20,S06,P205,62,0,14,48,29,4
2026-08-20,S06,P206,240,0,42,198,87,4
2026-08-20,S06,P207,136,0,38,98,73,3
2026-08-20,S06,P301,276,0,48,228,96,1
2026-08-20,S06,P302,333,262,38,295,76,1
2026-08-20,S06,P303,0,0,0,0,81,3
2026-08-20,S06,P304,184,157,30,154,72,2
2026-08-20,S06,P305,309,0,42,267,90,1
2026-08-20,S06,P306,77,0,36,41,82,3
2026-08-20,S06,P330,140,0,54,86,85,2
2026-08-20,S06,P401,165,134,21,144,48,1
2026-08-20,S06,P402,131,125,18,113,34,2
2026-08-20,S06,P403,31,0,16,15,42,2
2026-08-20,S06,P404,90,0,20,70,51,3
2026-08-20,S06,P405,22,0,22,0,60,4
2026-08-20,S06,P406,65,0,25,40,34,3
2026-08-20,S06,P407,88,0,18,70,41,3
2026-08-20,S06,P442,133,0,35,98,88,2
2026-08-20,S06,P501,42,0,12,30,25,3
2026-08-20,S06,P502,37,0,19,18,38,2
2026-08-20,S06,P503,60,0,16,44,34,2
2026-08-20,S06,P504,5,0,5,0,20,3
2026-08-20,S06,P505,59,0,17,42,27,3
2026-08-20,S06,P601,78,61,11,67,18,1
2026-08-20,S06,P602,51,0,21,30,33,2
2026-08-20,S06,P603,35,0,11,24,24,3
2026-08-20,S06,P604,41,0,8,33,19,1
2026-08-20,S06,P605,56,0,11,45,31,3
2026-08-20,S06,P701,25,0,13,12,20,1
2026-08-20,S06,P702,58,0,15,43,37,3
2026-08-20,S06,P703,89,0,18,71,32,1
2026-08-20,S06,P704,13,0,13,0,29,2
2026-08-20,S06,P801,77,0,25,52,53,1
2026-08-20,S06,P802,266,205,36,230,76,1
2026-08-20,S06,P803,84,0,30,54,53,4
2026-08-21,S01,P101,83,0,45,38,121,3
2026-08-21,S01,P102,224,0,57,167,98,2
2026-08-21,S01,P103,40,0,40,0,164,4
2026-08-21,S01,P104,116,0,64,52,143,3
2026-08-21,S01,P105,118,0,60,58,124,4
2026-08-21,S01,P106,178,0,60,118,126,3
2026-08-21,S01,P201,91,0,43,48,89,3
2026-08-21,S01,P202,371,0,58,313,150,1
2026-08-21,S01,P203,128,0,81,47,159,3
2026-08-21,S01,P204,147,0,42,105,117,3
2026-08-21,S01,P205,86,0,13,73,27,1
2026-08-21,S01,P206,34,0,34,0,92,3
2026-08-21,S01,P207,53,0,43,10,111,3
2026-08-21,S01,P301,245,0,55,190,139,2
2026-08-21,S01,P302,155,0,77,78,106,2
2026-08-21,S01,P303,147,0,46,101,109,3
2026-08-21,S01,P304,144,0,53,91,74,3
2026-08-21,S01,P305,269,0,45,224,76,2
2026-08-21,S01,P306,244,197,51,193,83,1
2026-08-21,S01,P330,110,0,33,77,93,4
2026-08-21,S01,P401,95,0,27,68,71,2
2026-08-21,S01,P402,63,0,26,37,46,2
2026-08-21,S01,P403,111,111,23,88,46,3
2026-08-21,S01,P404,67,0,26,41,61,4
2026-08-21,S01,P405,41,0,18,23,43,4
2026-08-21,S01,P406,39,0,33,6,71,4
2026-08-21,S01,P407,173,0,33,140,55,1
2026-08-21,S01,P442,205,0,54,151,132,3
2026-08-21,S01,P501,87,0,17,70,41,3
2026-08-21,S01,P502,59,0,13,46,28,1
2026-08-21,S01,P503,152,117,19,133,40,1
2026-08-21,S01,P504,28,0,16,12,30,3
2026-08-21,S01,P505,70,0,16,54,37,4
2026-08-21,S01,P601,35,0,8,27,32,2
2026-08-21,S01,P602,101,93,16,85,37,2
2026-08-21,S01,P603,39,0,10,29,36,4
2026-08-21,S01,P604,9,0,9,0,23,2
2026-08-21,S01,P605,43,0,19,24,33,1
2026-08-21,S01,P701,113,0,14,99,36,2
2026-08-21,S01,P702,54,0,24,30,53,4
2026-08-21,S01,P703,95,0,24,71,47,1
2026-08-21,S01,P704,41,0,12,29,33,3
2026-08-21,S01,P801,11,0,11,0,60,4
2026-08-21,S01,P802,291,245,42,249,90,2
2026-08-21,S01,P803,171,146,29,142,59,2
2026-08-21,S02,P101,1000,1000,200,800,333,3
2026-08-21,S02,P102,775,0,185,590,347,1
2026-08-21,S02,P103,806,0,222,584,334,1
2026-08-21,S02,P104,285,0,163,122,268,1
2026-08-21,S02,P105,393,0,131,262,300,3
2026-08-21,S02,P106,133,0,133,0,294,2
2026-08-21,S02,P201,815,577,120,695,283,1
2026-08-21,S02,P202,717,0,170,547,316,1
2026-08-21,S02,P203,327,0,186,141,255,1
2026-08-21,S02,P204,278,0,93,185,215,4
2026-08-21,S02,P205,121,0,54,67,116,2
2026-08-21,S02,P206,182,0,159,23,196,3
2026-08-21,S02,P207,626,0,155,471,307,1
2026-08-21,S02,P301,507,0,108,399,177,1
2026-08-21,S02,P302,431,0,125,306,326,2
2026-08-21,S02,P303,658,499,134,524,224,1
2026-08-21,S02,P304,412,0,150,262,325,1
2026-08-21,S02,P305,615,0,219,394,329,4
2026-08-21,S02,P306,498,0,129,369,214,4
2026-08-21,S02,P330,743,743,177,566,277,3
2026-08-21,S02,P401,110,0,89,21,111,3
2026-08-21,S02,P402,259,0,36,223,103,2
2026-08-21,S02,P403,173,0,46,127,114,4
2026-08-21,S02,P404,82,0,48,32,136,3
2026-08-21,S02,P405,205,0,71,134,164,3
2026-08-21,S02,P406,153,0,113,40,151,4
2026-08-21,S02,P407,166,0,73,93,189,2
2026-08-21,S02,P442,737,658,111,626,238,2
2026-08-21,S02,P501,0,0,0,0,80,4
2026-08-21,S02,P502,199,0,43,156,126,4
2026-08-21,S02,P503,240,0,60,180,106,3
2026-08-21,S02,P504,212,0,36,176,72,1
2026-08-21,S02,P505,39,0,34,5,73,4
2026-08-21,S02,P601,67,0,31,36,61,1
2026-08-21,S02,P602,187,0,39,148,99,1
2026-08-21,S02,P603,274,0,52,222,77,1
2026-08-21,S02,P604,226,0,43,183,84,4
2026-08-21,S02,P605,109,0,31,78,56,3
2026-08-21,S02,P701,85,0,52,33,101,2
2026-08-21,S02,P702,35,0,35,0,82,2
2026-08-21,S02,P703,60,0,37,23,78,2
2026-08-21,S02,P704,242,0,48,194,80,1
2026-08-21,S02,P801,209,0,52,157,134,3
2026-08-21,S02,P802,118,0,74,44,129,3
2026-08-21,S02,P803,297,0,91,206,194,2
2026-08-21,S03,P101,142,0,35,107,68,2
2026-08-21,S03,P102,154,0,54,100,93,2
2026-08-21,S03,P103,15,0,15,0,83,4
2026-08-21,S03,P104,107,0,33,74,63,1
2026-08-21,S03,P105,131,0,30,101,63,2
2026-08-21,S03,P106,98,0,37,61,84,4
2026-08-21,S03,P201,152,0,34,118,83,4
2026-08-21,S03,P202,172,0,46,126,75,4
2026-08-21,S03,P203,129,129,30,99,40,3
2026-08-21,S03,P204,289,255,25,264,89,2
2026-08-21,S03,P205,11,0,11,0,22,4
2026-08-21,S03,P206,209,209,40,169,67,4
2026-08-21,S03,P207,23,0,23,0,83,3
2026-08-21,S03,P301,176,129,32,144,59,1
2026-08-21,S03,P302,117,0,28,89,65,2
2026-08-21,S03,P303,17,0,17,0,86,3
2026-08-21,S03,P304,167,0,27,140,51,2
2026-08-21,S03,P305,144,0,34,110,81,1
2026-08-21,S03,P306,70,0,35,35,75,3
2026-08-21,S03,P330,69,0,30,39,66,1
2026-08-21,S03,P401,52,0,14,38,34,4
2026-08-21,S03,P402,38,0,12,26,33,4
2026-08-21,S03,P403,53,0,20,33,33,1
2026-08-21,S03,P404,17,0,10,7,23,2
2026-08-21,S03,P405,89,68,12,77,27,1
2026-08-21,S03,P406,54,0,14,40,35,3
2026-08-21,S03,P407,21,0,14,7,32,2
2026-08-21,S03,P442,259,220,30,229,72,1
2026-08-21,S03,P501,24,0,8,16,14,2
2026-08-21,S03,P502,58,0,10,48,22,4
2026-08-21,S03,P503,63,63,9,54,24,3
2026-08-21,S03,P504,32,0,8,24,16,4
2026-08-21,S03,P505,48,45,7,41,17,2
2026-08-21,S03,P601,21,0,11,10,18,1
2026-08-21,S03,P602,27,0,11,16,16,1
2026-08-21,S03,P603,22,0,7,15,13,4
2026-08-21,S03,P604,52,0,8,44,24,4
2026-08-21,S03,P605,0,0,0,0,19,4
2026-08-21,S03,P701,38,37,9,29,18,3
2026-08-21,S03,P702,37,0,9,28,17,4
2026-08-21,S03,P703,7,0,7,0,17,4
2026-08-21,S03,P704,47,0,15,32,26,1
2026-08-21,S03,P801,119,0,20,99,41,1
2026-08-21,S03,P802,92,0,22,70,36,3
2026-08-21,S03,P803,77,0,18,59,43,3
2026-08-21,S04,P101,59,0,32,27,95,4
2026-08-21,S04,P102,137,0,41,96,113,3
2026-08-21,S04,P103,204,0,48,156,105,4
2026-08-21,S04,P104,33,0,33,0,114,4
2026-08-21,S04,P105,72,0,57,15,145,3
2026-08-21,S04,P106,199,0,62,137,101,1
2026-08-21,S04,P201,251,0,48,203,96,1
2026-08-21,S04,P202,49,0,49,0,98,4
2026-08-21,S04,P203,159,0,57,102,99,3
2026-08-21,S04,P204,163,0,43,120,110,3
2026-08-21,S04,P205,8,0,8,0,27,4
2026-08-21,S04,P206,135,0,41,94,83,4
2026-08-21,S04,P207,0,0,0,0,114,4
2026-08-21,S04,P301,123,0,34,89,62,3
2026-08-21,S04,P302,289,206,39,250,85,1
2026-08-21,S04,P303,100,0,36,64,90,3
2026-08-21,S04,P304,67,0,39,28,79,2
2026-08-21,S04,P305,79,0,44,35,78,4
2026-08-21,S04,P306,60,0,50,10,127,3
2026-08-21,S04,P330,133,0,38,95,86,4
2026-08-21,S04,P401,197,0,26,171,73,1
2026-08-21,S04,P402,140,0,36,104,64,1
2026-08-21,S04,P403,84,0,14,70,44,1
2026-08-21,S04,P404,36,0,30,6,56,3
2026-08-21,S04,P405,55,0,26,29,53,2
2026-08-21,S04,P406,104,0,22,82,46,2
2026-08-21,S04,P407,19,0,19,0,57,3
2026-08-21,S04,P442,31,0,31,0,64,2
2026-08-21,S04,P501,40,0,27,13,29,2
2026-08-21,S04,P502,34,0,20,14,32,3
2026-08-21,S04,P503,48,0,13,35,34,2
2026-08-21,S04,P504,31,0,13,18,28,1
2026-08-21,S04,P505,34,0,11,23,25,1
2026-08-21,S04,P601,86,86,19,67,38,3
2026-08-21,S04,P602,90,0,14,76,30,1
2026-08-21,S04,P603,49,0,14,35,26,1
2026-08-21,S04,P604,60,0,16,44,25,1
2026-08-21,S04,P605,42,0,12,30,34,4
2026-08-21,S04,P701,119,119,19,100,41,2
2026-08-21,S04,P702,47,0,12,35,31,4
2026-08-21,S04,P703,41,0,19,22,45,3
2026-08-21,S04,P704,48,0,17,31,26,1
2026-08-21,S04,P801,154,0,28,126,64,3
2026-08-21,S04,P802,34,0,30,4,55,3
2026-08-21,S04,P803,18,0,18,0,38,3
2026-08-21,S05,P101,61,0,38,23,92,3
2026-08-21,S05,P102,128,0,30,98,72,3
2026-08-21,S05,P103,159,0,28,131,76,2
2026-08-21,S05,P104,58,0,33,25,56,1
2026-08-21,S05,P105,211,211,33,178,63,4
2026-08-21,S05,P106,45,0,31,17,69,3
2026-08-21,S05,P201,57,0,18,39,51,4
2026-08-21,S05,P202,138,0,32,106,69,3
2026-08-21,S05,P203,179,155,42,137,80,2
2026-08-21,S05,P204,149,0,27,122,60,2
2026-08-21,S05,P205,41,41,8,33,19,4
2026-08-21,S05,P206,60,0,33,27,50,2
2026-08-21,S05,P207,157,0,26,131,55,4
2026-08-21,S05,P301,80,0,24,56,63,2
2026-08-21,S05,P302,123,0,31,92,70,3
2026-08-21,S05,P303,16,0,16,0,73,3
2026-08-21,S05,P304,38,0,24,14,53,3
2026-08-21,S05,P305,101,86,18,83,45,2
2026-08-21,S05,P306,121,0,42,79,64,2
2026-08-21,S05,P330,59,0,21,38,49,1
2026-08-21,S05,P401,32,0,10,22,21,3
2026-08-21,S05,P402,12,0,12,0,30,3
2026-08-21,S05,P403,131,101,19,115,39,1
2026-08-21,S05,P404,17,0,12,5,21,3
2026-08-21,S05,P405,10,0,10,0,21,3
2026-08-21,S05,P406,91,0,14,77,31,1
2026-08-21,S05,P407,70,0,24,46,30,1
2026-08-21,S05,P442,0,0,0,0,53,3
2026-08-21,S05,P501,12,0,5,7,13,4
2026-08-21,S05,P502,6,0,6,0,14,3
2026-08-21,S05,P503,18,0,7,11,11,3
2026-08-21,S05,P504,32,0,10,22,24,1
2026-08-21,S05,P505,57,51,6,51,17,2
2026-08-21,S05,P601,16,0,8,8,13,2
2026-08-21,S05,P602,0,0,0,0,15,4
2026-08-21,S05,P603,65,0,13,52,19,1
2026-08-21,S05,P604,13,0,9,4,15,3
2026-08-21,S05,P605,14,0,6,8,11,2
2026-08-21,S05,P701,32,0,9,23,18,1
2026-08-21,S05,P702,84,60,10,74,25,1
2026-08-21,S05,P703,31,0,12,19,21,1
2026-08-21,S05,P704,72,0,9,63,25,1
2026-08-21,S05,P801,31,0,18,13,44,3
2026-08-21,S05,P802,44,0,14,30,32,3
2026-08-21,S05,P803,181,138,23,158,46,1
2026-08-21,S06,P101,120,0,32,88,86,4
2026-08-21,S06,P102,339,250,53,286,101,1
2026-08-21,S06,P103,113,0,60,53,142,2
2026-08-21,S06,P104,118,0,29,89,81,4
2026-08-21,S06,P105,19,0,19,0,98,4
2026-08-21,S06,P106,125,0,47,78,117,3
2026-08-21,S06,P201,179,0,32,147,88,1
2026-08-21,S06,P202,29,0,27,2,65,3
2026-08-21,S06,P203,106,0,26,80,60,2
2026-08-21,S06,P204,300,242,44,256,108,2
2026-08-21,S06,P205,48,0,13,35,29,4
2026-08-21,S06,P206,198,0,32,166,87,4
2026-08-21,S06,P207,98,0,35,63,73,3
2026-08-21,S06,P301,228,0,28,200,96,1
2026-08-21,S06,P302,295,0,43,252,76,1
2026-08-21,S06,P303,279,279,38,241,81,3
2026-08-21,S06,P304,154,0,38,116,72,2
2026-08-21,S06,P305,267,0,39,228,90,1
2026-08-21,S06,P306,41,0,34,7,82,3
2026-08-21,S06,P330,86,0,60,26,85,2
2026-08-21,S06,P401,144,0,23,121,48,1
2026-08-21,S06,P402,113,0,17,96,34,2
2026-08-21,S06,P403,140,125,18,122,42,2
2026-08-21,S06,P404,70,0,28,42,51,3
2026-08-21,S06,P405,0,0,0,0,60,4
2026-08-21,S06,P406,40,0,20,20,34,3
2026-08-21,S06,P407,70,0,14,56,41,3
2026-08-21,S06,P442,98,0,35,63,88,2
2026-08-21,S06,P501,30,0,13,17,25,3
2026-08-21,S06,P502,92,74,15,73,38,2
2026-08-21,S06,P503,44,0,19,25,34,2
2026-08-21,S06,P504,69,69,12,57,20,3
2026-08-21,S06,P505,42,0,12,30,27,3
2026-08-21,S06,P601,67,0,9,58,18,1
2026-08-21,S06,P602,30,0,13,17,33,2
2026-08-21,S06,P603,24,0,12,12,24,3
2026-08-21,S06,P604,33,0,7,26,19,1
2026-08-21,S06,P605,45,0,12,33,31,3
2026-08-21,S06,P701,74,62,8,66,20,1
2026-08-21,S06,P702,43,0,16,27,37,3
2026-08-21,S06,P703,71,0,12,59,32,1
2026-08-21,S06,P704,82,82,13,69,29,2
2026-08-21,S06,P801,203,151,29,174,53,1
2026-08-21,S06,P802,230,0,38,192,76,1
2026-08-21,S06,P803,54,0,26,28,53,4
2026-08-22,S01,P101,267,229,75,192,121,3
2026-08-22,S01,P102,167,0,77,90,98,2
2026-08-22,S01,P103,0,0,0,0,164,4
2026-08-22,S01,P104,52,0,52,0,143,3
2026-08-22,S01,P105,58,0,58,0,124,4
2026-08-22,S01,P106,118,0,77,41,126,3
2026-08-22,S01,P201,48,0,48,0,89,3
2026-08-22,S01,P202,313,0,97,216,150,1
2026-08-22,S01,P203,47,0,47,0,159,3
2026-08-22,S01,P204,105,0,104,1,117,3
2026-08-22,S01,P205,73,0,17,56,27,1
2026-08-22,S01,P206,0,0,0,0,92,3
2026-08-22,S01,P207,314,304,71,243,111,3
2026-08-22,S01,P301,190,0,82,113,139,2
2026-08-22,S01,P302,78,0,68,10,106,2
2026-08-22,S01,P303,101,0,79,22,109,3
2026-08-22,S01,P304,91,0,49,42,74,3
2026-08-22,S01,P305,224,0,58,166,76,2
2026-08-22,S01,P306,193,0,67,126,83,1
2026-08-22,S01,P330,77,0,56,21,93,4
2026-08-22,S01,P401,68,0,43,25,71,2
2026-08-22,S01,P402,37,0,22,15,46,2
2026-08-22,S01,P403,88,0,35,51,46,3
2026-08-22,S01,P404,41,0,27,14,61,4
2026-08-22,S01,P405,23,0,23,0,43,4
2026-08-22,S01,P406,6,0,6,0,71,4
2026-08-22,S01,P407,140,0,38,102,55,1
2026-08-22,S01,P442,151,0,86,65,132,3
2026-08-22,S01,P501,70,0,36,34,41,3
2026-08-22,S01,P502,46,0,12,34,28,1
2026-08-22,S01,P503,133,0,20,113,40,1
2026-08-22,S01,P504,12,0,12,0,30,3
2026-08-22,S01,P505,54,0,28,26,37,4
2026-08-22,S01,P601,27,0,16,11,32,2
2026-08-22,S01,P602,85,0,17,68,37,2
2026-08-22,S01,P603,29,0,17,12,36,4
2026-08-22,S01,P604,77,77,16,61,23,2
2026-08-22,S01,P605,101,77,25,76,33,1
2026-08-22,S01,P701,99,0,19,80,36,2
2026-08-22,S01,P702,30,0,30,0,53,4
2026-08-22,S01,P703,71,0,33,38,47,1
2026-08-22,S01,P704,29,0,13,16,33,3
2026-08-22,S01,P801,0,0,0,0,60,4
2026-08-22,S01,P802,249,0,63,186,90,2
2026-08-22,S01,P803,142,0,34,108,59,2
2026-08-22,S02,P101,800,0,211,589,333,3
2026-08-22,S02,P102,590,0,250,340,347,1
2026-08-22,S02,P103,584,0,173,411,334,1
2026-08-22,S02,P104,697,575,185,512,268,1
2026-08-22,S02,P105,262,0,216,46,300,3
2026-08-22,S02,P106,846,846,248,598,294,2
2026-08-22,S02,P201,695,0,218,477,283,1
2026-08-22,S02,P202,547,0,125,422,316,1
2026-08-22,S02,P203,785,644,193,592,255,1
2026-08-22,S02,P204,185,0,147,38,215,4
2026-08-22,S02,P205,67,0,67,0,116,2
2026-08-22,S02,P206,23,0,23,0,196,3
2026-08-22,S02,P207,471,0,142,329,307,1
2026-08-22,S02,P301,399,0,177,222,177,1
2026-08-22,S02,P302,306,0,174,132,326,2
2026-08-22,S02,P303,524,0,195,329,224,1
2026-08-22,S02,P304,1139,877,206,933,325,1
2026-08-22,S02,P305,396,0,193,203,329,4
2026-08-22,S02,P306,369,0,163,206,214,4
2026-08-22,S02,P330,566,0,227,339,277,3
2026-08-22,S02,P401,21,0,21,0,111,3
2026-08-22,S02,P402,223,0,54,169,103,2
2026-08-22,S02,P403,127,0,75,52,114,4
2026-08-22,S02,P404,34,0,34,0,136,3
2026-08-22,S02,P405,134,0,96,38,164,3
2026-08-22,S02,P406,40,0,40,0,151,4
2026-08-22,S02,P407,450,357,91,359,189,2
2026-08-22,S02,P442,626,0,135,491,238,2
2026-08-22,S02,P501,249,249,54,195,80,4
2026-08-22,S02,P502,156,0,66,90,126,4
2026-08-22,S02,P503,180,0,50,130,106,3
2026-08-22,S02,P504,176,0,47,129,72,1
2026-08-22,S02,P505,5,0,5,0,73,4
2026-08-22,S02,P601,236,200,46,190,61,1
2026-08-22,S02,P602,148,0,56,92,99,1
2026-08-22,S02,P603,222,0,50,172,77,1
2026-08-22,S02,P604,183,0,60,123,84,4
2026-08-22,S02,P605,78,0,39,39,56,3
2026-08-22,S02,P701,200,167,69,131,101,2
2026-08-22,S02,P702,211,211,62,149,82,2
2026-08-22,S02,P703,224,201,44,180,78,2
2026-08-22,S02,P704,194,0,61,133,80,1
2026-08-22,S02,P801,157,0,89,68,134,3
2026-08-22,S02,P802,44,0,44,0,129,3
2026-08-22,S02,P803,206,0,108,98,194,2
2026-08-22,S03,P101,107,0,47,60,68,2
2026-08-22,S03,P102,100,0,62,38,93,2
2026-08-22,S03,P103,0,0,0,0,83,4
2026-08-22,S03,P104,74,0,40,34,63,1
2026-08-22,S03,P105,101,0,52,49,63,2
2026-08-22,S03,P106,61,0,61,0,84,4
2026-08-22,S03,P201,118,0,53,65,83,4
2026-08-22,S03,P202,126,0,56,70,75,4
2026-08-22,S03,P203,99,0,34,65,40,3
2026-08-22,S03,P204,264,0,59,205,89,2
2026-08-22,S03,P205,0,0,0,0,22,4
2026-08-22,S03,P206,169,0,50,119,67,4
2026-08-22,S03,P207,190,190,47,143,83,3
2026-08-22,S03,P301,144,0,25,119,59,1
2026-08-22,S03,P302,89,0,43,46,65,2
2026-08-22,S03,P303,157,157,56,101,86,3
2026-08-22,S03,P304,140,0,41,99,51,2
2026-08-22,S03,P305,110,0,46,64,81,1
2026-08-22,S03,P306,35,0,35,0,75,3
2026-08-22,S03,P330,170,131,55,115,66,1
2026-08-22,S03,P401,38,0,16,22,34,4
2026-08-22,S03,P402,26,0,23,3,33,4
2026-08-22,S03,P403,33,0,21,12,33,1
2026-08-22,S03,P404,75,68,17,58,23,2
2026-08-22,S03,P405,77,0,15,62,27,1
2026-08-22,S03,P406,40,0,17,23,35,3
2026-08-22,S03,P407,102,95,17,85,32,2
2026-08-22,S03,P442,229,0,46,183,72,1
2026-08-22,S03,P501,16,0,9,7,14,2
2026-08-22,S03,P502,48,0,13,35,22,4
2026-08-22,S03,P503,54,0,12,42,24,3
2026-08-22,S03,P504,24,0,11,13,16,4
2026-08-22,S03,P505,41,0,8,33,17,2
2026-08-22,S03,P601,57,47,9,48,18,1
2026-08-22,S03,P602,16,0,12,4,16,1
2026-08-22,S03,P603,15,0,7,8,13,4
2026-08-22,S03,P604,44,0,12,32,24,4
2026-08-22,S03,P605,62,62,14,48,19,4
2026-08-22,S03,P701,29,0,12,17,18,3
2026-08-22,S03,P702,28,0,15,13,17,4
2026-08-22,S03,P703,0,0,0,0,17,4
2026-08-22,S03,P704,32,0,23,9,26,1
2026-08-22,S03,P801,99,0,30,69,41,1
2026-08-22,S03,P802,70,0,41,29,36,3
2026-08-22,S03,P803,59,0,35,24,43,3
2026-08-22,S04,P101,27,0,27,0,95,4
2026-08-22,S04,P102,96,0,76,20,113,3
2026-08-22,S04,P103,156,0,81,75,105,4
2026-08-22,S04,P104,0,0,0,0,114,4
2026-08-22,S04,P105,15,0,15,0,145,3
2026-08-22,S04,P106,137,0,45,92,101,1
2026-08-22,S04,P201,203,0,60,143,96,1
2026-08-22,S04,P202,0,0,0,0,98,4
2026-08-22,S04,P203,102,0,72,30,99,3
2026-08-22,S04,P204,120,0,69,51,110,3
2026-08-22,S04,P205,0,0,0,0,27,4
2026-08-22,S04,P206,94,0,78,16,83,4
2026-08-22,S04,P207,344,344,75,269,114,4
2026-08-22,S04,P301,89,0,43,46,62,3
2026-08-22,S04,P302,250,0,46,204,85,1
2026-08-22,S04,P303,64,0,55,9,90,3
2026-08-22,S04,P304,241,213,59,182,79,2
2026-08-22,S04,P305,35,0,35,0,78,4
2026-08-22,S04,P306,275,265,66,209,127,3
2026-08-22,S04,P330,95,0,49,46,86,4
2026-08-22,S04,P401,171,0,41,130,73,1
2026-08-22,S04,P402,104,0,62,42,64,1
2026-08-22,S04,P403,70,0,23,47,44,1
2026-08-22,S04,P404,6,0,6,0,56,3
2026-08-22,S04,P405,29,0,29,0,53,2
2026-08-22,S04,P406,82,0,30,52,46,2
2026-08-22,S04,P407,168,168,30,138,57,3
2026-08-22,S04,P442,215,215,52,163,64,2
2026-08-22,S04,P501,13,0,13,0,29,2
2026-08-22,S04,P502,14,0,14,0,32,3
2026-08-22,S04,P503,35,0,16,19,34,2
2026-08-22,S04,P504,81,63,17,64,28,1
2026-08-22,S04,P505,72,49,14,58,25,1
2026-08-22,S04,P601,67,0,19,48,38,3
2026-08-22,S04,P602,76,0,26,50,30,1
2026-08-22,S04,P603,35,0,21,14,26,1
2026-08-22,S04,P604,44,0,13,31,25,1
2026-08-22,S04,P605,30,0,22,8,34,4
2026-08-22,S04,P701,100,0,22,78,41,2
2026-08-22,S04,P702,35,0,14,21,31,4
2026-08-22,S04,P703,22,0,22,0,45,3
2026-08-22,S04,P704,31,0,18,13,26,1
2026-08-22,S04,P801,126,0,45,81,64,3
2026-08-22,S04,P802,4,0,4,0,55,3
2026-08-22,S04,P803,0,0,0,0,38,3
2026-08-22,S05,P101,23,0,23,0,92,3
2026-08-22,S05,P102,98,0,56,42,72,3
2026-08-22,S05,P103,131,0,51,80,76,2
2026-08-22,S05,P104,149,124,46,103,56,1
2026-08-22,S05,P105,178,0,45,133,63,4
2026-08-22,S05,P106,14,0,14,0,69,3
2026-08-22,S05,P201,39,0,30,9,51,4
2026-08-22,S05,P202,106,0,34,72,69,3
2026-08-22,S05,P203,137,0,51,86,80,2
2026-08-22,S05,P204,122,0,35,87,60,2
2026-08-22,S05,P205,33,0,12,21,19,4
2026-08-22,S05,P206,27,0,27,0,50,2
2026-08-22,S05,P207,131,0,33,98,55,4
2026-08-22,S05,P301,56,0,38,18,63,2
2026-08-22,S05,P302,92,0,45,47,70,3
2026-08-22,S05,P303,121,121,36,85,73,3
2026-08-22,S05,P304,14,0,14,0,53,3
2026-08-22,S05,P305,83,0,27,56,45,2
2026-08-22,S05,P306,79,0,40,39,64,2
2026-08-22,S05,P330,162,124,28,134,49,1
2026-08-22,S05,P401,22,0,12,10,21,3
2026-08-22,S05,P402,0,0,0,0,30,3
2026-08-22,S05,P403,112,0,33,79,39,1
2026-08-22,S05,P404,5,0,5,0,21,3
2026-08-22,S05,P405,0,0,0,0,21,3
2026-08-22,S05,P406,77,0,17,60,31,1
2026-08-22,S05,P407,46,0,18,28,30,1
2026-08-22,S05,P442,155,155,28,127,53,3
2026-08-22,S05,P501,7,0,7,0,13,4
2026-08-22,S05,P502,30,30,7,23,14,3
2026-08-22,S05,P503,11,0,8,3,11,3
2026-08-22,S05,P504,81,59,11,70,24,1
2026-08-22,S05,P505,51,0,10,41,17,2
2026-08-22,S05,P601,8,0,8,0,13,2
2026-08-22,S05,P602,36,36,9,27,15,4
2026-08-22,S05,P603,52,0,13,39,19,1
2026-08-22,S05,P604,4,0,4,0,15,3
2026-08-22,S05,P605,8,0,6,2,11,2
2026-08-22,S05,P701,23,0,11,12,18,1
2026-08-22,S05,P702,74,0,19,55,25,1
2026-08-22,S05,P703,86,67,15,71,21,1
2026-08-22,S05,P704,63,0,12,51,25,1
2026-08-22,S05,P801,13,0,13,0,44,3
2026-08-22,S05,P802,30,0,17,13,32,3
2026-08-22,S05,P803,158,0,28,130,46,1
2026-08-22,S06,P101,88,0,54,34,86,4
2026-08-22,S06,P102,286,0,72,214,101,1
2026-08-22,S06,P103,421,368,73,348,142,2
2026-08-22,S06,P104,89,0,47,42,81,4
2026-08-22,S06,P105,0,0,0,0,98,4
2026-08-22,S06,P106,78,0,67,11,117,3
2026-08-22,S06,P201,147,0,56,91,88,1
2026-08-22,S06,P202,2,0,2,0,65,3
2026-08-22,S06,P203,80,0,43,37,60,2
2026-08-22,S06,P204,256,0,53,203,108,2
2026-08-22,S06,P205,35,0,23,12,29,4
2026-08-22,S06,P206,166,0,51,115,87,4
2026-08-22,S06,P207,63,0,49,14,73,3
2026-08-22,S06,P301,200,0,55,145,96,1
2026-08-22,S06,P302,252,0,49,203,76,1
2026-08-22,S06,P303,241,0,50,191,81,3
2026-08-22,S06,P304,116,0,29,87,72,2
2026-08-22,S06,P305,228,0,65,163,90,1
2026-08-22,S06,P306,225,218,43,182,82,3
2026-08-22,S06,P330,26,0,26,0,85,2
2026-08-22,S06,P401,121,0,33,91,48,1
2026-08-22,S06,P402,96,0,34,62,34,2
2026-08-22,S06,P403,122,0,25,97,42,2
2026-08-22,S06,P404,42,0,30,12,51,3
2026-08-22,S06,P405,173,173,29,144,60,4
2026-08-22,S06,P406,20,0,20,0,34,3
2026-08-22,S06,P407,56,0,29,27,41,3
2026-08-22,S06,P442,63,0,53,10,88,2
2026-08-22,S06,P501,17,0,17,0,25,3
2026-08-22,S06,P502,77,0,16,61,38,2
2026-08-22,S06,P503,25,0,23,2,34,2
2026-08-22,S06,P504,57,0,13,44,20,3
2026-08-22,S06,P505,30,0,20,10,27,3
2026-08-22,S06,P601,58,0,16,42,18,1
2026-08-22,S06,P602,101,84,23,78,33,2
2026-08-22,S06,P603,12,0,12,0,24,3
2026-08-22,S06,P604,26,0,10,16,19,1
2026-08-22,S06,P605,33,0,19,14,31,3
2026-08-22,S06,P701,66,0,12,54,20,1
2026-08-22,S06,P702,27,0,21,6,37,3
2026-08-22,S06,P703,59,0,22,37,32,1
2026-08-22,S06,P704,69,0,26,43,29,2
2026-08-22,S06,P801,174,0,34,140,53,1
2026-08-22,S06,P802,192,0,54,138,76,1
2026-08-22,S06,P803,28,0,28,0,53,4
2026-08-23,S01,P101,192,0,68,124,121,3
2026-08-23,S01,P102,90,0,62,28,98,2
2026-08-23,S01,P103,412,412,79,333,164,4
2026-08-23,S01,P104,285,285,84,201,143,3
2026-08-23,S01,P105,0,0,0,0,124,4
2026-08-23,S01,P106,41,0,41,0,126,3
2026-08-23,S01,P201,0,0,0,0,89,3
2026-08-23,S01,P202,216,0,68,148,150,1
2026-08-23,S01,P203,458,458,122,336,159,3
2026-08-23,S01,P204,1,0,1,0,117,3
2026-08-23,S01,P205,56,0,18,38,27,1
2026-08-23,S01,P206,225,225,68,157,92,3
2026-08-23,S01,P207,243,0,62,181,111,3
2026-08-23,S01,P301,108,0,82,26,139,2
2026-08-23,S01,P302,376,366,69,307,106,2
2026-08-23,S01,P303,22,0,22,0,109,3
2026-08-23,S01,P304,42,0,42,0,74,3
2026-08-23,S01,P305,166,0,61,105,76,2
2026-08-23,S01,P306,126,0,38,88,83,1
2026-08-23,S01,P330,21,0,21,0,93,4
2026-08-23,S01,P401,149,124,32,117,71,2
2026-08-23,S01,P402,99,84,31,68,46,2
2026-08-23,S01,P403,53,0,23,30,46,3
2026-08-23,S01,P404,14,0,14,0,61,4
2026-08-23,S01,P405,0,0,0,0,43,4
2026-08-23,S01,P406,0,0,0,0,71,4
2026-08-23,S01,P407,102,0,32,70,55,1
2026-08-23,S01,P442,65,0,65,0,132,3
2026-08-23,S01,P501,34,0,34,0,41,3
2026-08-23,S01,P502,34,0,16,18,28,1
2026-08-23,S01,P503,113,0,21,92,40,1
2026-08-23,S01,P504,83,83,17,66,30,3
2026-08-23,S01,P505,26,0,26,0,37,4
2026-08-23,S01,P601,98,87,17,81,32,2
2026-08-23,S01,P602,68,0,23,45,37,2
2026-08-23,S01,P603,12,0,12,0,36,4
2026-08-23,S01,P604,61,0,20,41,23,2
2026-08-23,S01,P605,76,0,27,49,33,1
2026-08-23,S01,P701,80,0,22,58,36,2
2026-08-23,S01,P702,0,0,0,0,53,4
2026-08-23,S01,P703,200,162,31,169,47,1
2026-08-23,S01,P704,16,0,16,0,33,3
2026-08-23,S01,P801,156,156,32,124,60,4
2026-08-23,S01,P802,186,0,58,128,90,2
2026-08-23,S01,P803,108,0,44,64,59,2
2026-08-23,S02,P101,589,0,225,364,333,3
2026-08-23,S02,P102,1172,832,273,899,347,1
2026-08-23,S02,P103,411,0,175,236,334,1
2026-08-23,S02,P104,512,0,177,335,268,1
2026-08-23,S02,P105,46,0,46,0,300,3
2026-08-23,S02,P106,598,0,217,381,294,2
2026-08-23,S02,P201,477,0,200,277,283,1
2026-08-23,S02,P202,422,0,184,238,316,1
2026-08-23,S02,P203,592,0,179,413,255,1
2026-08-23,S02,P204,38,0,38,0,215,4
2026-08-23,S02,P205,277,277,107,170,116,2
2026-08-23,S02,P206,527,527,155,372,196,3
2026-08-23,S02,P207,329,0,150,179,307,1
2026-08-23,S02,P301,222,0,126,96,177,1
2026-08-23,S02,P302,1053,921,213,840,326,2
2026-08-23,S02,P303,329,0,156,173,224,1
2026-08-23,S02,P304,933,0,189,744,325,1
2026-08-23,S02,P305,203,0,176,27,329,4
2026-08-23,S02,P306,206,0,150,56,214,4
2026-08-23,S02,P330,339,0,286,53,277,3
2026-08-23,S02,P401,403,403,62,341,111,3
2026-08-23,S02,P402,169,0,53,116,103,2
2026-08-23,S02,P403,52,0,52,0,114,4
2026-08-23,S02,P404,305,305,64,241,136,3
2026-08-23,S02,P405,38,0,38,0,164,3
2026-08-23,S02,P406,0,0,0,0,151,4
2026-08-23,S02,P407,359,0,109,250,189,2
2026-08-23,S02,P442,491,0,165,326,238,2
2026-08-23,S02,P501,195,0,68,127,80,4
2026-08-23,S02,P502,90,0,87,3,126,4
2026-08-23,S02,P503,130,0,81,49,106,3
2026-08-23,S02,P504,129,0,43,86,72,1
2026-08-23,S02,P505,0,0,0,0,73,4
2026-08-23,S02,P601,190,0,50,140,61,1
2026-08-23,S02,P602,345,253,56,289,99,1
2026-08-23,S02,P603,172,0,64,108,77,1
2026-08-23,S02,P604,123,0,58,65,84,4
2026-08-23,S02,P605,39,0,35,4,56,3
2026-08-23,S02,P701,131,0,62,69,101,2
2026-08-23,S02,P702,149,0,45,104,82,2
2026-08-23,S02,P703,180,0,42,138,78,2
2026-08-23,S02,P704,133,0,67,66,80,1
2026-08-23,S02,P801,68,0,68,0,134,3
2026-08-23,S02,P802,385,385,89,296,129,3
2026-08-23,S02,P803,98,0,98,0,194,2
2026-08-23,S03,P101,60,0,47,13,68,2
2026-08-23,S03,P102,38,0,38,0,93,2
2026-08-23,S03,P103,176,176,61,115,83,4
2026-08-23,S03,P104,234,200,40,194,63,1
2026-08-23,S03,P105,49,0,49,0,63,2
2026-08-23,S03,P106,0,0,0,0,84,4
2026-08-23,S03,P201,65,0,59,6,83,4
2026-08-23,S03,P202,70,0,63,7,75,4
2026-08-23,S03,P203,65,0,34,31,40,3
2026-08-23,S03,P204,205,0,56,149,89,2
2026-08-23,S03,P205,50,50,11,39,22,4
2026-08-23,S03,P206,119,0,56,63,67,4
2026-08-23,S03,P207,143,0,50,93,83,3
2026-08-23,S03,P301,119,0,35,84,59,1
2026-08-23,S03,P302,46,0,38,8,65,2
2026-08-23,S03,P303,101,0,63,38,86,3
2026-08-23,S03,P304,99,0,45,54,51,2
2026-08-23,S03,P305,227,163,43,184,81,1
2026-08-23,S03,P306,251,251,49,202,75,3
2026-08-23,S03,P330,115,0,56,59,66,1
2026-08-23,S03,P401,22,0,15,7,34,4
2026-08-23,S03,P402,3,0,3,0,33,4
2026-08-23,S03,P403,115,103,20,95,33,1
2026-08-23,S03,P404,58,0,18,40,23,2
2026-08-23,S03,P405,62,0,15,47,27,1
2026-08-23,S03,P406,23,0,22,1,35,3
2026-08-23,S03,P407,85,0,19,66,32,2
2026-08-23,S03,P442,183,0,44,139,72,1
2026-08-23,S03,P501,7,0,7,0,14,2
2026-08-23,S03,P502,35,0,13,22,22,4
2026-08-23,S03,P503,42,0,11,31,24,3
2026-08-23,S03,P504,13,0,11,2,16,4
2026-08-23,S03,P505,33,0,8,25,17,2
2026-08-23,S03,P601,48,0,17,31,18,1
2026-08-23,S03,P602,59,55,12,47,16,1
2026-08-23,S03,P603,8,0,8,0,13,4
2026-08-23,S03,P604,32,0,9,23,24,4
2026-08-23,S03,P605,48,0,13,35,19,4
2026-08-23,S03,P701,17,0,14,3,18,3
2026-08-23,S03,P702,13,0,13,0,17,4
2026-08-23,S03,P703,35,35,10,25,17,4
2026-08-23,S03,P704,65,56,14,51,26,1
2026-08-23,S03,P801,69,0,22,45,41,1
2026-08-23,S03,P802,29,0,27,2,36,3
2026-08-23,S03,P803,24,0,23,1,43,3
2026-08-23,S04,P101,0,0,0,0,95,4
2026-08-23,S04,P102,20,0,20,0,113,3
2026-08-23,S04,P103,75,0,59,16,105,4
2026-08-23,S04,P104,206,206,71,135,114,4
2026-08-23,S04,P105,313,313,110,203,145,3
2026-08-23,S04,P106,286,194,58,228,101,1
2026-08-23,S04,P201,143,0,64,79,96,1
2026-08-23,S04,P202,296,296,59,237,98,4
2026-08-23,S04,P203,30,0,30,0,99,3
2026-08-23,S04,P204,51,0,51,0,110,3
2026-08-23,S04,P205,82,82,16,66,27,4
2026-08-23,S04,P206,16,0,16,0,83,4
2026-08-23,S04,P207,269,0,77,192,114,4
2026-08-23,S04,P301,46,0,40,6,62,3
2026-08-23,S04,P302,204,0,38,166,85,1
2026-08-23,S04,P303,9,0,9,0,90,3
2026-08-23,S04,P304,182,0,47,135,79,2
2026-08-23,S04,P305,0,0,0,0,78,4
2026-08-23,S04,P306,209,0,87,122,127,3
2026-08-23,S04,P330,46,0,46,0,86,4
2026-08-23,S04,P401,130,0,45,85,73,1
2026-08-23,S04,P402,242,200,36,206,64,1
2026-08-23,S04,P403,47,0,28,19,44,1
2026-08-23,S04,P404,186,186,37,149,56,3
2026-08-23,S04,P405,141,141,31,110,53,2
2026-08-23,S04,P406,52,0,39,13,46,2
2026-08-23,S04,P407,138,0,35,103,57,3
2026-08-23,S04,P442,163,0,49,114,64,2
2026-08-23,S04,P501,73,73,20,53,29,2
2026-08-23,S04,P502,0,0,0,0,32,3
2026-08-23,S04,P503,19,0,16,3,34,2
2026-08-23,S04,P504,64,0,16,48,28,1
2026-08-23,S04,P505,58,0,19,39,25,1
2026-08-23,S04,P601,48,0,25,23,38,3
2026-08-23,S04,P602,50,0,21,29,30,1
2026-08-23,S04,P603,62,48,18,44,26,1
2026-08-23,S04,P604,31,0,16,15,25,1
2026-08-23,S04,P605,8,0,8,0,34,4
2026-08-23,S04,P701,78,0,30,48,41,2
2026-08-23,S04,P702,21,0,19,2,31,4
2026-08-23,S04,P703,110,110,25,85,45,3
2026-08-23,S04,P704,95,82,16,79,26,1
2026-08-23,S04,P801,81,0,43,38,64,3
2026-08-23,S04,P802,130,130,35,95,55,3
2026-08-23,S04,P803,123,123,27,96,38,3
2026-08-23,S05,P101,248,248,51,197,92,3
2026-08-23,S05,P102,42,0,42,0,72,3
2026-08-23,S05,P103,80,0,43,37,76,2
2026-08-23,S05,P104,103,0,31,72,56,1
2026-08-23,S05,P105,133,0,60,73,63,4
2026-08-23,S05,P106,180,180,66,114,69,3
2026-08-23,S05,P201,9,0,9,0,51,4
2026-08-23,S05,P202,72,0,41,31,69,3
2026-08-23,S05,P203,86,0,42,44,80,2
2026-08-23,S05,P204,87,0,46,41,60,2
2026-08-23,S05,P205,21,0,10,11,19,4
2026-08-23,S05,P206,95,95,28,67,50,2
2026-08-23,S05,P207,98,0,46,52,55,4
2026-08-23,S05,P301,187,169,51,136,63,2
2026-08-23,S05,P302,47,0,47,0,70,3
2026-08-23,S05,P303,85,0,35,50,73,3
2026-08-23,S05,P304,127,127,27,100,53,3
2026-08-23,S05,P305,56,0,28,28,45,2
2026-08-23,S05,P306,39,0,32,7,64,2
2026-08-23,S05,P330,134,0,41,93,49,1
2026-08-23,S05,P401,10,0,10,0,21,3
2026-08-23,S05,P402,80,80,17,63,30,3
2026-08-23,S05,P403,79,0,20,59,39,1
2026-08-23,S05,P404,58,58,13,45,21,3
2026-08-23,S05,P405,65,65,13,52,21,3
2026-08-23,S05,P406,60,0,17,43,31,1
2026-08-23,S05,P407,134,106,18,116,30,1
2026-08-23,S05,P442,127,0,39,88,53,3
2026-08-23,S05,P501,0,0,0,0,13,4
2026-08-23,S05,P502,23,0,12,11,14,3
2026-08-23,S05,P503,3,0,3,0,11,3
2026-08-23,S05,P504,70,0,14,56,24,1
2026-08-23,S05,P505,41,0,10,31,17,2
2026-08-23,S05,P601,45,45,9,36,13,2
2026-08-23,S05,P602,27,0,9,18,15,4
2026-08-23,S05,P603,39,0,10,34,19,1
2026-08-23,S05,P604,31,31,9,22,15,3
2026-08-23,S05,P605,26,24,4,22,11,2
2026-08-23,S05,P701,70,58,13,57,18,1
2026-08-23,S05,P702,55,0,18,37,25,1
2026-08-23,S05,P703,71,0,12,59,21,1
2026-08-23,S05,P704,51,0,16,35,25,1
2026-08-23,S05,P801,88,88,27,61,44,3
2026-08-23,S05,P802,13,0,13,0,32,3
2026-08-23,S05,P803,130,0,26,104,46,1
2026-08-23,S06,P101,34,0,34,0,86,4
2026-08-23,S06,P102,214,0,71,143,101,1
2026-08-23,S06,P103,348,0,76,277,142,2
2026-08-23,S06,P104,42,0,42,0,81,4
2026-08-23,S06,P105,279,279,62,217,98,4
2026-08-23,S06,P106,11,0,11,0,117,3
2026-08-23,S06,P201,91,0,49,42,88,1
2026-08-23,S06,P202,113,113,31,82,65,3
2026-08-23,S06,P203,37,0,37,0,60,2
2026-08-23,S06,P204,203,0,84,119,108,2
2026-08-23,S06,P205,12,0,12,0,29,4
2026-08-23,S06,P206,115,0,63,52,87,4
2026-08-23,S06,P207,14,0,14,0,73,3
2026-08-23,S06,P301,145,0,55,90,96,1
2026-08-23,S06,P302,203,0,52,151,76,1
2026-08-23,S06,P303,191,0,60,131,81,3
2026-08-23,S06,P304,87,0,43,44,72,2
2026-08-23,S06,P305,163,0,52,111,90,1
2026-08-23,S06,P306,182,0,38,144,82,3
2026-08-23,S06,P330,172,172,60,112,85,2
2026-08-23,S06,P401,88,0,22,66,48,1
2026-08-23,S06,P402,62,0,27,35,34,2
2026-08-23,S06,P403,97,0,19,78,42,2
2026-08-23,S06,P404,12,0,12,0,51,3
2026-08-23,S06,P405,144,0,37,107,60,4
2026-08-23,S06,P406,0,0,0,0,34,3
2026-08-23,S06,P407,27,0,22,5,41,3
2026-08-23,S06,P442,200,190,70,130,88,2
2026-08-23,S06,P501,0,0,0,0,25,3
2026-08-23,S06,P502,61,0,23,38,38,2
2026-08-23,S06,P503,67,65,20,47,34,2
2026-08-23,S06,P504,44,0,14,30,20,3
2026-08-23,S06,P505,10,0,10,0,27,3
2026-08-23,S06,P601,42,0,14,28,18,1
2026-08-23,S06,P602,78,0,16,62,33,2
2026-08-23,S06,P603,0,0,0,0,24,3
2026-08-23,S06,P604,54,38,9,45,19,1
2026-08-23,S06,P605,14,0,14,0,31,3
2026-08-23,S06,P701,54,0,15,39,20,1
2026-08-23,S06,P702,6,0,6,0,37,3
2026-08-23,S06,P703,37,0,20,17,32,1
2026-08-23,S06,P704,43,0,17,26,29,2
2026-08-23,S06,P801,140,0,36,104,53,1
2026-08-23,S06,P802,138,0,41,97,76,1
2026-08-23,S06,P803,0,0,0,0,53,4
2026-08-24,S01,P101,124,0,47,77,121,3
2026-08-24,S01,P102,298,270,46,252,98,2
2026-08-24,S01,P103,333,0,62,271,164,4
2026-08-24,S01,P104,201,0,52,149,143,3
2026-08-24,S01,P105,373,373,59,314,124,4
2026-08-24,S01,P106,245,245,36,209,126,3
2026-08-24,S01,P201,231,231,45,186,89,3
2026-08-24,S01,P202,434,286,53,381,150,1
2026-08-24,S01,P203,336,0,63,273,159,3
2026-08-24,S01,P204,378,378,47,331,117,3
2026-08-24,S01,P205,38,0,14,27,27,1
2026-08-24,S01,P206,157,0,32,125,92,3
2026-08-24,S01,P207,181,0,57,124,111,3
2026-08-24,S01,P301,405,379,59,346,139,2
2026-08-24,S01,P302,307,0,44,263,106,2
2026-08-24,S01,P303,377,377,38,339,109,3
2026-08-24,S01,P304,0,0,0,0,74,3
2026-08-24,S01,P305,105,0,26,79,76,2
2026-08-24,S01,P306,88,0,31,57,83,1
2026-08-24,S01,P330,0,0,0,0,93,4
2026-08-24,S01,P401,117,0,22,95,71,2
2026-08-24,S01,P402,68,0,19,49,46,2
2026-08-24,S01,P403,30,0,24,6,46,3
2026-08-24,S01,P404,0,0,0,0,61,4
2026-08-24,S01,P405,114,114,18,96,43,4
2026-08-24,S01,P406,203,203,21,182,71,4
2026-08-24,S01,P407,70,0,26,44,55,1
2026-08-24,S01,P442,0,0,0,0,132,3
2026-08-24,S01,P501,0,0,0,0,41,3
2026-08-24,S01,P502,70,52,10,60,28,1
2026-08-24,S01,P503,92,0,14,78,40,1
2026-08-24,S01,P504,66,0,12,54,30,3
2026-08-24,S01,P505,0,0,0,0,37,4
2026-08-24,S01,P601,81,0,10,71,32,2
2026-08-24,S01,P602,45,0,18,27,37,2
2026-08-24,S01,P603,0,0,0,0,36,4
2026-08-24,S01,P604,41,0,10,31,23,2
2026-08-24,S01,P605,49,0,15,34,33,1
2026-08-24,S01,P701,58,0,16,42,36,2
2026-08-24,S01,P702,0,0,0,0,53,4
2026-08-24,S01,P703,169,0,20,149,47,1
2026-08-24,S01,P704,71,71,15,56,33,3
2026-08-24,S01,P801,124,0,28,96,60,4
2026-08-24,S01,P802,128,0,31,97,90,2
2026-08-24,S01,P803,64,0,28,36,59,2
2026-08-24,S02,P101,364,0,191,173,333,3
2026-08-24,S02,P102,899,0,146,753,347,1
2026-08-24,S02,P103,1004,768,143,861,334,1
2026-08-24,S02,P104,335,0,125,210,268,1
2026-08-24,S02,P105,644,644,184,460,300,3
2026-08-24,S02,P106,381,0,80,301,294,2
2026-08-24,S02,P201,882,605,102,780,283,1
2026-08-24,S02,P202,1074,836,110,962,316,1
2026-08-24,S02,P203,413,0,153,260,255,1
2026-08-24,S02,P204,0,0,0,0,215,4
2026-08-24,S02,P205,170,0,43,127,116,2
2026-08-24,S02,P206,372,0,144,228,196,3
2026-08-24,S02,P207,822,643,132,690,307,1
2026-08-24,S02,P301,729,633,67,662,177,1
2026-08-24,S02,P302,840,0,104,736,326,2
2026-08-24,S02,P303,754,581,80,674,224,1
2026-08-24,S02,P304,744,0,135,609,325,1
2026-08-24,S02,P305,27,0,27,0,329,4
2026-08-24,S02,P306,56,0,56,0,214,4
2026-08-24,S02,P330,53,0,53,0,277,3
2026-08-24,S02,P401,341,0,56,285,111,3
2026-08-24,S02,P402,116,0,37,79,103,2
2026-08-24,S02,P403,0,0,0,0,114,4
2026-08-24,S02,P404,241,0,43,198,136,3
2026-08-24,S02,P405,276,276,53,223,164,3
2026-08-24,S02,P406,0,0,0,0,151,4
2026-08-24,S02,P407,250,0,55,195,189,2
2026-08-24,S02,P442,326,0,113,213,238,2
2026-08-24,S02,P501,127,0,33,94,80,4
2026-08-24,S02,P502,3,0,3,0,126,4
2026-08-24,S02,P503,49,0,37,12,106,3
2026-08-24,S02,P504,86,0,26,60,72,1
2026-08-24,S02,P505,189,189,38,151,73,4
2026-08-24,S02,P601,140,0,31,109,61,1
2026-08-24,S02,P602,289,0,30,259,99,1
2026-08-24,S02,P603,108,0,36,72,77,1
2026-08-24,S02,P604,65,0,31,34,84,4
2026-08-24,S02,P605,4,0,4,0,56,3
2026-08-24,S02,P701,69,0,30,39,101,2
2026-08-24,S02,P702,104,0,52,52,82,2
2026-08-24,S02,P703,138,0,40,98,78,2
2026-08-24,S02,P704,292,226,35,257,80,1
2026-08-24,S02,P801,0,0,0,0,134,3
2026-08-24,S02,P802,296,0,59,237,129,3
2026-08-24,S02,P803,483,483,73,410,194,2
2026-08-24,S03,P101,125,112,31,94,68,2
2026-08-24,S03,P102,259,259,32,227,93,2
2026-08-24,S03,P103,115,0,39,76,83,4
2026-08-24,S03,P104,194,0,22,172,63,1
2026-08-24,S03,P105,181,181,25,156,63,2
2026-08-24,S03,P106,0,0,0,0,84,4
2026-08-24,S03,P201,6,0,6,0,83,4
2026-08-24,S03,P202,7,0,7,0,75,4
2026-08-24,S03,P203,31,0,20,11,40,3
2026-08-24,S03,P204,149,0,29,120,89,2
2026-08-24,S03,P205,39,0,5,34,22,4
2026-08-24,S03,P206,63,0,32,31,67,4
2026-08-24,S03,P207,93,0,31,62,83,3
2026-08-24,S03,P301,84,0,28,56,59,1
2026-08-24,S03,P302,168,160,27,141,65,2
2026-08-24,S03,P303,38,0,38,0,86,3
2026-08-24,S03,P304,54,0,25,29,51,2
2026-08-24,S03,P305,184,0,34,150,81,1
2026-08-24,S03,P306,202,0,23,179,75,3
2026-08-24,S03,P330,231,172,32,199,66,1
2026-08-24,S03,P401,7,0,7,0,34,4
2026-08-24,S03,P402,0,0,0,0,33,4
2026-08-24,S03,P403,95,0,13,82,33,1
2026-08-24,S03,P404,40,0,10,30,23,2
2026-08-24,S03,P405,47,0,13,34,27,1
2026-08-24,S03,P406,1,0,1,0,35,3
2026-08-24,S03,P407,66,0,10,56,32,2
2026-08-24,S03,P442,139,0,28,111,72,1
2026-08-24,S03,P501,33,33,8,25,14,2
2026-08-24,S03,P502,22,0,6,16,22,4
2026-08-24,S03,P503,31,0,10,21,24,3
2026-08-24,S03,P504,2,0,2,0,16,4
2026-08-24,S03,P505,25,0,5,20,17,2
2026-08-24,S03,P601,31,0,8,23,18,1
2026-08-24,S03,P602,47,0,10,37,16,1
2026-08-24,S03,P603,0,0,0,0,13,4
2026-08-24,S03,P604,23,0,9,14,24,4
2026-08-24,S03,P605,35,0,8,27,19,4
2026-08-24,S03,P701,3,0,3,0,18,3
2026-08-24,S03,P702,0,0,0,0,17,4
2026-08-24,S03,P703,25,0,6,19,17,4
2026-08-24,S03,P704,51,0,13,38,26,1
2026-08-24,S03,P801,47,0,18,29,41,1
2026-08-24,S03,P802,2,0,2,0,36,3
2026-08-24,S03,P803,1,0,1,0,43,3
2026-08-24,S04,P101,258,258,44,214,95,4
2026-08-24,S04,P102,218,218,68,150,113,3
2026-08-24,S04,P103,16,0,16,0,105,4
2026-08-24,S04,P104,135,0,47,88,114,4
2026-08-24,S04,P105,203,0,69,134,145,3
2026-08-24,S04,P106,228,0,37,191,101,1
2026-08-24,S04,P201,369,290,63,306,96,1
2026-08-24,S04,P202,237,0,45,192,98,4
2026-08-24,S04,P203,0,0,0,0,99,3
2026-08-24,S04,P204,0,0,0,0,110,3
2026-08-24,S04,P205,66,0,10,56,27,4
2026-08-24,S04,P206,0,0,0,0,83,4
2026-08-24,S04,P207,192,0,64,128,114,4
2026-08-24,S04,P301,6,0,6,0,62,3
2026-08-24,S04,P302,166,0,29,137,85,1
2026-08-24,S04,P303,204,204,51,153,90,3
2026-08-24,S04,P304,135,0,23,112,79,2
2026-08-24,S04,P305,0,0,0,0,78,4
2026-08-24,S04,P306,122,0,26,96,127,3
2026-08-24,S04,P330,0,0,0,0,86,4
2026-08-24,S04,P401,85,0,23,62,73,1
2026-08-24,S04,P402,206,0,23,183,64,1
2026-08-24,S04,P403,123,104,17,106,44,1
2026-08-24,S04,P404,149,0,26,123,56,3
2026-08-24,S04,P405,110,0,34,76,53,2
2026-08-24,S04,P406,13,0,13,0,46,2
2026-08-24,S04,P407,103,0,29,74,57,3
2026-08-24,S04,P442,114,0,21,93,64,2
2026-08-24,S04,P501,53,0,15,38,29,2
2026-08-24,S04,P502,53,53,8,45,32,3
2026-08-24,S04,P503,106,103,13,93,34,2
2026-08-24,S04,P504,48,0,10,38,28,1
2026-08-24,S04,P505,39,0,10,29,25,1
2026-08-24,S04,P601,23,0,16,7,38,3
2026-08-24,S04,P602,117,88,13,104,30,1
2026-08-24,S04,P603,44,0,13,31,26,1
2026-08-24,S04,P604,102,87,9,93,25,1
2026-08-24,S04,P605,0,0,0,0,34,4
2026-08-24,S04,P701,48,0,24,24,41,2
2026-08-24,S04,P702,2,0,2,0,31,4
2026-08-24,S04,P703,85,0,27,58,45,3
2026-08-24,S04,P704,79,0,14,65,26,1
2026-08-24,S04,P801,38,0,26,12,64,3
2026-08-24,S04,P802,95,0,24,71,55,3
2026-08-24,S04,P803,96,0,18,78,38,3
2026-08-24,S05,P101,197,0,46,151,92,3
2026-08-24,S05,P102,0,0,0,0,72,3
2026-08-24,S05,P103,37,0,34,3,76,2
2026-08-24,S05,P104,72,0,17,55,56,1
2026-08-24,S05,P105,73,0,29,44,63,4
2026-08-24,S05,P106,114,0,37,77,69,3
2026-08-24,S05,P201,0,0,0,0,51,4
2026-08-24,S05,P202,31,0,24,7,69,3
2026-08-24,S05,P203,44,0,29,15,80,2
2026-08-24,S05,P204,41,0,36,5,60,2
2026-08-24,S05,P205,11,0,5,6,19,4
2026-08-24,S05,P206,67,0,19,48,50,2
2026-08-24,S05,P207,52,0,23,29,55,4
2026-08-24,S05,P301,136,0,26,110,63,2
2026-08-24,S05,P302,0,0,0,0,70,3
2026-08-24,S05,P303,50,0,24,26,73,3
2026-08-24,S05,P304,100,0,25,75,53,3
2026-08-24,S05,P305,28,0,17,11,45,2
2026-08-24,S05,P306,209,202,26,183,64,2
2026-08-24,S05,P330,93,0,21,72,49,1
2026-08-24,S05,P401,0,0,0,0,21,3
2026-08-24,S05,P402,63,0,9,54,30,3
2026-08-24,S05,P403,59,0,11,48,39,1
2026-08-24,S05,P404,45,0,8,37,21,3
2026-08-24,S05,P405,52,0,11,41,21,3
2026-08-24,S05,P406,43,0,9,34,31,1
2026-08-24,S05,P407,116,0,15,101,30,1
2026-08-24,S05,P442,88,0,30,58,53,3
2026-08-24,S05,P501,40,40,6,34,13,4
2026-08-24,S05,P502,11,0,6,5,14,3
2026-08-24,S05,P503,0,0,0,0,11,3
2026-08-24,S05,P504,56,0,11,45,24,1
2026-08-24,S05,P505,31,0,7,24,17,2
2026-08-24,S05,P601,36,0,7,29,13,2
2026-08-24,S05,P602,18,0,5,13,15,4
2026-08-24,S05,P603,29,0,10,19,19,1
2026-08-24,S05,P604,22,0,5,17,15,3
2026-08-24,S05,P605,22,0,6,16,11,2
2026-08-24,S05,P701,57,0,7,50,18,1
2026-08-24,S05,P702,37,0,9,28,25,1
2026-08-24,S05,P703,59,0,7,52,21,1
2026-08-24,S05,P704,35,0,10,25,25,1
2026-08-24,S05,P801,61,0,26,35,44,3
2026-08-24,S05,P802,72,72,11,61,32,3
2026-08-24,S05,P803,104,0,21,83,46,1
2026-08-24,S06,P101,0,0,0,0,86,4
2026-08-24,S06,P102,143,0,35,108,101,1
2026-08-24,S06,P103,272,0,51,221,142,2
2026-08-24,S06,P104,0,0,0,0,81,4
2026-08-24,S06,P105,217,0,49,168,98,4
2026-08-24,S06,P106,225,225,56,169,117,3
2026-08-24,S06,P201,207,165,37,170,88,1
2026-08-24,S06,P202,82,0,20,62,65,3
2026-08-24,S06,P203,134,134,27,107,60,2
2026-08-24,S06,P204,119,0,48,71,108,2
2026-08-24,S06,P205,0,0,0,0,29,4
2026-08-24,S06,P206,52,0,48,4,87,4
2026-08-24,S06,P207,158,158,36,122,73,3
2026-08-24,S06,P301,358,268,36,322,96,1
2026-08-24,S06,P302,151,0,34,117,76,1
2026-08-24,S06,P303,131,0,61,70,81,3
2026-08-24,S06,P304,44,0,18,26,72,2
2026-08-24,S06,P305,111,0,39,72,90,1
2026-08-24,S06,P306,144,0,29,115,82,3
2026-08-24,S06,P330,112,0,38,74,85,2
2026-08-24,S06,P401,66,0,18,48,48,1
2026-08-24,S06,P402,35,0,19,16,34,2
2026-08-24,S06,P403,78,0,14,64,42,2
2026-08-24,S06,P404,133,133,24,109,51,3
2026-08-24,S06,P405,107,0,21,86,60,4
2026-08-24,S06,P406,80,80,22,58,34,3
2026-08-24,S06,P407,5,0,5,0,41,3
2026-08-24,S06,P442,130,0,22,108,88,2
2026-08-24,S06,P501,49,49,14,35,25,3
2026-08-24,S06,P502,38,0,13,25,38,2
2026-08-24,S06,P503,47,0,12,35,34,2
2026-08-24,S06,P504,30,0,7,23,20,3
2026-08-24,S06,P505,0,0,0,0,27,3
2026-08-24,S06,P601,28,0,10,18,18,1
2026-08-24,S06,P602,62,0,9,53,33,2
2026-08-24,S06,P603,54,54,12,42,24,3
2026-08-24,S06,P604,45,0,7,38,19,1
2026-08-24,S06,P605,0,0,0,0,31,3
2026-08-24,S06,P701,39,0,5,34,20,1
2026-08-24,S06,P702,75,75,19,56,37,3
2026-08-24,S06,P703,133,116,18,115,32,1
2026-08-24,S06,P704,26,0,16,10,29,2
2026-08-24,S06,P801,104,0,21,83,53,1
2026-08-24,S06,P802,97,0,27,70,76,1
2026-08-24,S06,P803,0,0,0,0,53,4
2026-08-25,S01,P101,77,0,74,3,121,3
2026-08-25,S01,P102,252,0,89,163,98,2
2026-08-25,S01,P103,271,0,165,106,164,4
2026-08-25,S01,P104,149,0,69,80,143,3
2026-08-25,S01,P105,314,0,81,233,124,4
2026-08-25,S01,P106,209,0,119,90,126,3
2026-08-25,S01,P201,186,0,59,127,89,3
2026-08-25,S01,P202,381,0,119,262,150,1
2026-08-25,S01,P203,273,0,104,169,159,3
2026-08-25,S01,P204,331,0,93,238,117,3
2026-08-25,S01,P205,95,71,19,76,27,1
2026-08-25,S01,P206,125,0,77,48,92,3
2026-08-25,S01,P207,124,0,93,31,111,3
2026-08-25,S01,P301,346,0,86,263,139,2
2026-08-25,S01,P302,263,0,57,206,106,2
2026-08-25,S01,P303,339,0,82,257,109,3
2026-08-25,S01,P304,271,271,65,206,74,3
2026-08-25,S01,P305,79,0,76,3,76,2
2026-08-25,S01,P306,228,171,52,176,83,1
2026-08-25,S01,P330,265,265,50,215,93,4
2026-08-25,S01,P401,95,0,36,59,71,2
2026-08-25,S01,P402,49,0,29,20,46,2
2026-08-25,S01,P403,6,0,6,0,46,3
2026-08-25,S01,P404,138,138,69,69,61,4
2026-08-25,S01,P405,96,0,33,63,43,4
2026-08-25,S01,P406,182,0,58,124,71,4
2026-08-25,S01,P407,168,124,58,110,55,1
2026-08-25,S01,P442,381,381,92,289,132,3
2026-08-25,S01,P501,129,129,29,100,41,3
2026-08-25,S01,P502,60,0,16,44,28,1
2026-08-25,S01,P503,78,0,37,41,40,1
2026-08-25,S01,P504,54,0,28,26,30,3
2026-08-25,S01,P505,0,0,0,0,37,4
2026-08-25,S01,P601,71,0,34,37,32,2
2026-08-25,S01,P602,27,0,21,6,37,2
2026-08-25,S01,P603,89,89,20,69,36,4
2026-08-25,S01,P604,31,0,21,10,23,2
2026-08-25,S01,P605,34,0,23,11,33,1
2026-08-25,S01,P701,42,0,28,14,36,2
2026-08-25,S01,P702,128,128,34,94,53,4
2026-08-25,S01,P703,149,0,32,117,47,1
2026-08-25,S01,P704,56,0,19,37,33,3
2026-08-25,S01,P801,96,0,51,45,60,4
2026-08-25,S01,P802,97,0,59,38,90,2
2026-08-25,S01,P803,36,0,36,0,59,2
2026-08-25,S02,P101,173,0,173,0,333,3
2026-08-25,S02,P102,753,0,269,484,347,1
2026-08-25,S02,P103,861,0,212,649,334,1
2026-08-25,S02,P104,782,572,201,581,268,1
2026-08-25,S02,P105,460,0,209,251,300,3
2026-08-25,S02,P106,301,0,181,120,294,2
2026-08-25,S02,P201,780,0,164,616,283,1
2026-08-25,S02,P202,964,0,206,758,316,1
2026-08-25,S02,P203,260,0,176,84,255,1
2026-08-25,S02,P204,602,602,156,446,215,4
2026-08-25,S02,P205,127,0,75,52,116,2
2026-08-25,S02,P206,228,0,185,43,196,3
2026-08-25,S02,P207,690,0,246,444,307,1
2026-08-25,S02,P301,662,0,143,519,177,1
2026-08-25,S02,P302,736,0,265,471,326,2
2026-08-25,S02,P303,674,0,186,488,224,1
2026-08-25,S02,P304,609,0,206,403,325,1
2026-08-25,S02,P305,0,0,0,0,329,4
2026-08-25,S02,P306,0,0,0,0,214,4
2026-08-25,S02,P330,0,0,0,0,277,3
2026-08-25,S02,P401,285,0,98,187,111,3
2026-08-25,S02,P402,79,0,71,8,103,2
2026-08-25,S02,P403,0,0,0,0,114,4
2026-08-25,S02,P404,198,0,86,112,136,3
2026-08-25,S02,P405,223,0,117,106,164,3
2026-08-25,S02,P406,494,494,92,402,151,4
2026-08-25,S02,P407,195,0,82,113,189,2
2026-08-25,S02,P442,213,0,144,69,238,2
2026-08-25,S02,P501,94,0,58,36,80,4
2026-08-25,S02,P502,0,0,0,0,126,4
2026-08-25,S02,P503,12,0,12,0,106,3
2026-08-25,S02,P504,228,168,45,183,72,1
2026-08-25,S02,P505,151,0,63,88,73,4
2026-08-25,S02,P601,109,0,36,73,61,1
2026-08-25,S02,P602,259,0,103,156,99,1
2026-08-25,S02,P603,330,258,74,256,77,1
2026-08-25,S02,P604,34,0,34,0,84,4
2026-08-25,S02,P605,160,160,37,123,56,3
2026-08-25,S02,P701,247,208,58,192,101,2
2026-08-25,S02,P702,52,0,52,0,82,2
2026-08-25,S02,P703,98,0,45,53,78,2
2026-08-25,S02,P704,257,0,61,199,80,1
2026-08-25,S02,P801,289,289,98,191,134,3
2026-08-25,S02,P802,237,0,92,145,129,3
2026-08-25,S02,P803,410,0,132,278,194,2
2026-08-25,S03,P101,94,0,47,47,68,2
2026-08-25,S03,P102,227,0,71,156,93,2
2026-08-25,S03,P103,76,0,76,0,83,4
2026-08-25,S03,P104,172,0,54,118,63,1
2026-08-25,S03,P105,156,0,46,110,63,2
2026-08-25,S03,P106,223,223,61,162,84,4
2026-08-25,S03,P201,0,0,0,0,83,4
2026-08-25,S03,P202,0,0,0,0,75,4
2026-08-25,S03,P203,11,0,11,0,40,3
2026-08-25,S03,P204,120,0,55,65,89,2
2026-08-25,S03,P205,34,0,12,22,22,4
2026-08-25,S03,P206,31,0,31,0,67,4
2026-08-25,S03,P207,62,0,53,9,83,3
2026-08-25,S03,P301,192,136,28,164,59,1
2026-08-25,S03,P302,141,0,57,84,65,2
2026-08-25,S03,P303,0,0,0,0,86,3
2026-08-25,S03,P304,29,0,29,0,51,2
2026-08-25,S03,P305,150,0,55,95,81,1
2026-08-25,S03,P306,179,0,71,108,75,3
2026-08-25,S03,P330,199,0,48,151,66,1
2026-08-25,S03,P401,0,0,0,0,34,4
2026-08-25,S03,P402,57,57,24,33,33,4
2026-08-25,S03,P403,82,0,20,62,33,1
2026-08-25,S03,P404,30,0,21,9,23,2
2026-08-25,S03,P405,34,0,14,20,27,1
2026-08-25,S03,P406,87,87,20,67,35,3
2026-08-25,S03,P407,56,0,26,30,32,2
2026-08-25,S03,P442,111,0,59,52,72,1
2026-08-25,S03,P501,25,0,10,15,14,2
2026-08-25,S03,P502,16,0,13,3,22,4
2026-08-25,S03,P503,21,0,16,5,24,3
2026-08-25,S03,P504,0,0,0,3,16,4
2026-08-25,S03,P505,20,0,12,8,17,2
2026-08-25,S03,P601,23,0,15,8,18,1
2026-08-25,S03,P602,37,0,14,23,16,1
2026-08-25,S03,P603,0,0,0,0,13,4
2026-08-25,S03,P604,14,0,14,0,24,4
2026-08-25,S03,P605,27,0,17,10,19,4
2026-08-25,S03,P701,40,40,10,30,18,3
2026-08-25,S03,P702,0,0,0,0,17,4
2026-08-25,S03,P703,19,0,14,5,17,4
2026-08-25,S03,P704,38,0,28,10,26,1
2026-08-25,S03,P801,120,91,28,92,41,1
2026-08-25,S03,P802,88,88,30,58,36,3
2026-08-25,S03,P803,127,127,31,96,43,3
2026-08-25,S04,P101,214,0,63,151,95,4
2026-08-25,S04,P102,150,0,112,38,113,3
2026-08-25,S04,P103,0,0,0,0,105,4
2026-08-25,S04,P104,88,0,75,13,114,4
2026-08-25,S04,P105,134,0,129,5,145,3
2026-08-25,S04,P106,191,0,63,128,101,1
2026-08-25,S04,P201,306,0,84,222,96,1
2026-08-25,S04,P202,192,0,69,123,98,4
2026-08-25,S04,P203,226,226,79,147,99,3
2026-08-25,S04,P204,358,358,69,289,110,3
2026-08-25,S04,P205,56,0,19,37,27,4
2026-08-25,S04,P206,0,0,0,0,83,4
2026-08-25,S04,P207,128,0,89,39,114,4
2026-08-25,S04,P301,154,154,54,100,62,3
2026-08-25,S04,P302,137,0,54,83,85,1
2026-08-25,S04,P303,153,0,87,66,90,3
2026-08-25,S04,P304,112,0,78,34,79,2
2026-08-25,S04,P305,161,161,98,63,78,4
2026-08-25,S04,P306,96,0,68,28,127,3
2026-08-25,S04,P330,0,0,0,0,86,4
2026-08-25,S04,P401,255,193,42,213,73,1
2026-08-25,S04,P402,183,0,44,139,64,1
2026-08-25,S04,P403,106,0,20,86,44,1
2026-08-25,S04,P404,123,0,49,74,56,3
2026-08-25,S04,P405,76,0,44,32,53,2
2026-08-25,S04,P406,110,110,49,61,46,2
2026-08-25,S04,P407,74,0,40,34,57,3
2026-08-25,S04,P442,93,0,48,45,64,2
2026-08-25,S04,P501,38,0,20,18,29,2
2026-08-25,S04,P502,45,0,19,26,32,3
2026-08-25,S04,P503,93,0,19,74,34,2
2026-08-25,S04,P504,38,0,24,14,28,1
2026-08-25,S04,P505,29,0,15,14,25,1
2026-08-25,S04,P601,7,0,7,0,38,3
2026-08-25,S04,P602,104,0,22,82,30,1
2026-08-25,S04,P603,31,0,28,3,26,1
2026-08-25,S04,P604,93,0,18,75,25,1
2026-08-25,S04,P605,66,66,26,40,34,4
2026-08-25,S04,P701,24,0,24,0,41,2
2026-08-25,S04,P702,0,0,0,0,31,4
2026-08-25,S04,P703,58,0,33,25,45,3
2026-08-25,S04,P704,65,0,18,47,26,1
2026-08-25,S04,P801,12,0,12,0,64,3
2026-08-25,S04,P802,71,0,31,40,55,3
2026-08-25,S04,P803,78,0,36,42,38,3
2026-08-25,S05,P101,151,0,51,100,92,3
2026-08-25,S05,P102,133,133,61,72,72,3
2026-08-25,S05,P103,213,210,62,151,76,2
2026-08-25,S05,P104,183,128,57,126,56,1
2026-08-25,S05,P105,44,0,44,0,63,4
2026-08-25,S05,P106,77,0,71,6,69,3
2026-08-25,S05,P201,134,134,48,86,51,4
2026-08-25,S05,P202,7,0,7,0,69,3
2026-08-25,S05,P203,163,148,54,109,80,2
2026-08-25,S05,P204,164,159,58,106,60,2
2026-08-25,S05,P205,6,0,6,0,19,4
2026-08-25,S05,P206,48,0,45,3,50,2
2026-08-25,S05,P207,29,0,29,0,55,4
2026-08-25,S05,P301,110,0,31,79,63,2
2026-08-25,S05,P302,158,158,53,105,70,3
2026-08-25,S05,P303,26,0,26,0,73,3
2026-08-25,S05,P304,75,0,29,46,53,3
2026-08-25,S05,P305,117,106,28,89,45,2
2026-08-25,S05,P306,183,0,49,134,64,2
2026-08-25,S05,P330,72,0,55,17,49,1
2026-08-25,S05,P401,52,52,21,31,21,3
2026-08-25,S05,P402,54,0,13,41,30,3
2026-08-25,S05,P403,48,0,24,24,39,1
2026-08-25,S05,P404,37,0,18,19,21,3
2026-08-25,S05,P405,41,0,18,23,21,3
2026-08-25,S05,P406,34,0,29,5,31,1
2026-08-25,S05,P407,101,0,25,76,30,1
2026-08-25,S05,P442,58,0,32,26,53,3
2026-08-25,S05,P501,34,0,13,21,13,4
2026-08-25,S05,P502,5,0,5,0,14,3
2026-08-25,S05,P503,35,35,10,25,11,3
2026-08-25,S05,P504,45,0,20,25,24,1
2026-08-25,S05,P505,24,0,13,11,17,2
2026-08-25,S05,P601,29,0,13,16,13,2
2026-08-25,S05,P602,13,0,10,3,15,4
2026-08-25,S05,P603,19,0,15,4,19,1
2026-08-25,S05,P604,17,0,9,8,15,3
2026-08-25,S05,P605,16,0,8,8,11,2
2026-08-25,S05,P701,50,0,19,31,18,1
2026-08-25,S05,P702,28,0,20,8,25,1
2026-08-25,S05,P703,52,0,19,33,21,1
2026-08-25,S05,P704,25,0,25,0,25,1
2026-08-25,S05,P801,35,0,32,3,44,3
2026-08-25,S05,P802,61,0,25,36,32,3
2026-08-25,S05,P803,83,0,41,42,46,1
2026-08-25,S06,P101,0,0,0,0,86,4
2026-08-25,S06,P102,108,0,71,37,101,1
2026-08-25,S06,P103,221,0,70,151,142,2
2026-08-25,S06,P104,0,0,0,0,81,4
2026-08-25,S06,P105,168,0,69,99,98,4
2026-08-25,S06,P106,169,0,94,75,117,3
2026-08-25,S06,P201,170,0,62,108,88,1
2026-08-25,S06,P202,62,0,52,10,65,3
2026-08-25,S06,P203,107,0,60,47,60,2
2026-08-25,S06,P204,71,0,71,5,108,2
2026-08-25,S06,P205,0,0,0,0,29,4
2026-08-25,S06,P206,4,0,4,0,87,4
2026-08-25,S06,P207,122,0,55,67,73,3
2026-08-25,S06,P301,322,0,75,247,96,1
2026-08-25,S06,P302,117,0,54,63,76,1
2026-08-25,S06,P303,70,0,70,0,81,3
2026-08-25,S06,P304,157,131,48,109,72,2
2026-08-25,S06,P305,277,205,105,172,90,1
2026-08-25,S06,P306,115,0,62,53,82,3
2026-08-25,S06,P330,74,0,74,0,85,2
2026-08-25,S06,P401,48,0,41,7,48,1
2026-08-25,S06,P402,16,0,16,0,34,2
2026-08-25,S06,P403,64,0,30,34,42,2
2026-08-25,S06,P404,109,0,37,72,51,3
2026-08-25,S06,P405,86,0,33,53,60,4
2026-08-25,S06,P406,58,0,29,29,34,3
2026-08-25,S06,P407,76,76,30,46,41,3
2026-08-25,S06,P442,108,0,59,49,88,2
2026-08-25,S06,P501,35,0,19,16,25,3
2026-08-25,S06,P502,25,0,25,5,38,2
2026-08-25,S06,P503,35,0,25,10,34,2
2026-08-25,S06,P504,23,0,15,8,20,3
2026-08-25,S06,P505,85,85,21,64,27,3
2026-08-25,S06,P601,18,0,14,4,18,1
2026-08-25,S06,P602,53,0,22,31,33,2
2026-08-25,S06,P603,42,0,18,24,24,3
2026-08-25,S06,P604,38,0,11,27,19,1
2026-08-25,S06,P605,75,75,22,53,31,3
2026-08-25,S06,P701,34,0,28,6,20,1
2026-08-25,S06,P702,56,0,33,23,37,3
2026-08-25,S06,P703,115,0,30,85,32,1
2026-08-25,S06,P704,69,59,20,49,29,2
2026-08-25,S06,P801,83,0,33,53,53,1
2026-08-25,S06,P802,225,155,58,167,76,1
2026-08-25,S06,P803,122,122,34,88,53,4
2026-08-26,S01,P101,3,0,3,0,121,3
2026-08-26,S01,P102,163,0,96,67,98,2
2026-08-26,S01,P103,106,0,106,0,164,4
2026-08-26,S01,P104,80,0,69,11,143,3
2026-08-26,S01,P105,233,0,95,138,124,4
2026-08-26,S01,P106,90,0,78,12,126,3
2026-08-26,S01,P201,127,0,68,59,89,3
2026-08-26,S01,P202,262,0,126,136,150,1
2026-08-26,S01,P203,169,0,106,63,159,3
2026-08-26,S01,P204,238,0,91,147,117,3
2026-08-26,S01,P205,76,0,19,57,27,1
2026-08-26,S01,P206,48,0,48,0,92,3
2026-08-26,S01,P207,31,0,31,0,111,3
2026-08-26,S01,P301,260,0,91,169,139,2
2026-08-26,S01,P302,206,0,89,117,106,2
2026-08-26,S01,P303,257,0,85,172,109,3
2026-08-26,S01,P304,206,0,89,117,74,3
2026-08-26,S01,P305,3,0,3,0,76,2
2026-08-26,S01,P306,176,0,48,128,83,1
2026-08-26,S01,P330,215,0,44,171,93,4
2026-08-26,S01,P401,59,0,36,23,71,2
2026-08-26,S01,P402,20,0,20,0,46,2
2026-08-26,S01,P403,130,130,32,98,46,3
2026-08-26,S01,P404,69,0,49,20,61,4
2026-08-26,S01,P405,63,0,36,27,43,4
2026-08-26,S01,P406,124,0,48,76,71,4
2026-08-26,S01,P407,110,0,41,69,55,1
2026-08-26,S01,P442,289,0,107,182,132,3
2026-08-26,S01,P501,100,0,33,67,41,3
2026-08-26,S01,P502,44,0,20,24,28,1
2026-08-26,S01,P503,41,0,32,9,40,1
2026-08-26,S01,P504,26,0,23,3,30,3
2026-08-26,S01,P505,110,110,32,78,37,4
2026-08-26,S01,P601,37,0,20,17,32,2
2026-08-26,S01,P602,117,111,24,93,37,2
2026-08-26,S01,P603,69,0,23,46,36,4
2026-08-26,S01,P604,10,0,10,0,23,2
2026-08-26,S01,P605,124,113,22,102,33,1
2026-08-26,S01,P701,14,0,14,0,36,2
2026-08-26,S01,P702,94,0,31,63,53,4
2026-08-26,S01,P703,117,0,34,81,47,1
2026-08-26,S01,P704,37,0,21,16,33,3
2026-08-26,S01,P801,45,0,43,2,60,4
2026-08-26,S01,P802,38,0,38,0,90,2
2026-08-26,S01,P803,151,151,47,107,59,2
2026-08-26,S02,P101,0,0,0,0,333,3
2026-08-26,S02,P102,484,0,325,159,347,1
2026-08-26,S02,P103,649,0,218,431,334,1
2026-08-26,S02,P104,581,0,296,285,268,1
2026-08-26,S02,P105,251,0,251,0,300,3
2026-08-26,S02,P106,120,0,120,0,294,2
2026-08-26,S02,P201,616,0,313,303,283,1
2026-08-26,S02,P202,758,0,189,569,316,1
2026-08-26,S02,P203,701,617,260,441,255,1
2026-08-26,S02,P204,446,0,179,267,215,4
2026-08-26,S02,P205,52,0,52,0,116,2
2026-08-26,S02,P206,43,0,43,0,196,3
2026-08-26,S02,P207,444,0,274,170,307,1
2026-08-26,S02,P301,519,0,126,393,177,1
2026-08-26,S02,P302,471,0,249,222,326,2
2026-08-26,S02,P303,488,0,214,274,224,1
2026-08-26,S02,P304,403,0,203,200,325,1
2026-08-26,S02,P305,982,982,213,769,329,4
2026-08-26,S02,P306,526,526,166,360,214,4
2026-08-26,S02,P330,1052,1052,318,734,277,3
2026-08-26,S02,P401,187,0,98,89,111,3
2026-08-26,S02,P402,281,273,102,179,103,2
2026-08-26,S02,P403,356,356,97,259,114,4
2026-08-26,S02,P404,112,0,69,43,136,3
2026-08-26,S02,P405,106,0,106,0,164,3
2026-08-26,S02,P406,402,0,94,308,151,4
2026-08-26,S02,P407,113,0,113,0,189,2
2026-08-26,S02,P442,540,471,147,393,238,2
2026-08-26,S02,P501,36,0,36,0,80,4
2026-08-26,S02,P502,279,279,99,180,126,4
2026-08-26,S02,P503,219,219,72,147,106,3
2026-08-26,S02,P504,183,0,45,138,72,1
2026-08-26,S02,P505,88,0,47,41,73,4
2026-08-26,S02,P601,73,0,62,11,61,1
2026-08-26,S02,P602,156,0,56,100,99,1
2026-08-26,S02,P603,256,0,74,182,77,1
2026-08-26,S02,P604,0,0,0,0,84,4
2026-08-26,S02,P605,123,0,43,80,56,3
2026-08-26,S02,P701,189,0,78,111,101,2
2026-08-26,S02,P702,175,175,72,103,82,2
2026-08-26,S02,P703,53,0,53,0,78,2
2026-08-26,S02,P704,196,0,67,129,80,1
2026-08-26,S02,P801,191,0,70,121,134,3
2026-08-26,S02,P802,145,0,105,40,129,3
2026-08-26,S02,P803,278,0,117,161,194,2
2026-08-26,S03,P101,47,0,47,0,68,2
2026-08-26,S03,P102,156,0,68,88,93,2
2026-08-26,S03,P103,0,0,0,0,83,4
2026-08-26,S03,P104,118,0,49,69,63,1
2026-08-26,S03,P105,110,0,43,67,63,2
2026-08-26,S03,P106,162,0,76,86,84,4
2026-08-26,S03,P201,157,157,66,91,83,4
2026-08-26,S03,P202,235,235,69,166,75,4
2026-08-26,S03,P203,91,91,39,52,40,3
2026-08-26,S03,P204,65,0,64,1,89,2
2026-08-26,S03,P205,22,0,19,3,22,4
2026-08-26,S03,P206,0,0,0,0,67,4
2026-08-26,S03,P207,9,0,9,0,83,3
2026-08-26,S03,P301,164,0,33,131,59,1
2026-08-26,S03,P302,84,0,46,38,65,2
2026-08-26,S03,P303,193,193,58,135,86,3
2026-08-26,S03,P304,126,126,45,81,51,2
2026-08-26,S03,P305,95,0,54,41,81,1
2026-08-26,S03,P306,108,0,57,51,75,3
2026-08-26,S03,P330,151,0,47,104,66,1
2026-08-26,S03,P401,93,93,17,72,34,4
2026-08-26,S03,P402,33,0,20,13,33,4
2026-08-26,S03,P403,62,0,24,38,33,1
2026-08-26,S03,P404,9,0,9,0,23,2
2026-08-26,S03,P405,73,53,14,59,27,1
2026-08-26,S03,P406,67,0,21,46,35,3
2026-08-26,S03,P407,30,0,24,6,32,2
2026-08-26,S03,P442,273,221,51,222,72,1
2026-08-26,S03,P501,15,0,11,4,14,2
2026-08-26,S03,P502,3,0,3,5,22,4
2026-08-26,S03,P503,5,0,5,0,24,3
2026-08-26,S03,P504,33,33,14,19,16,4
2026-08-26,S03,P505,8,0,8,5,17,2
2026-08-26,S03,P601,51,43,14,37,18,1
2026-08-26,S03,P602,23,0,13,10,16,1
2026-08-26,S03,P603,38,38,9,29,13,4
2026-08-26,S03,P604,0,0,0,0,24,4
2026-08-26,S03,P605,10,0,10,0,19,4
2026-08-26,S03,P701,30,0,16,14,18,3
2026-08-26,S03,P702,40,40,15,25,17,4
2026-08-26,S03,P703,5,0,5,0,17,4
2026-08-26,S03,P704,80,70,18,62,26,1
2026-08-26,S03,P801,92,0,30,62,41,1
2026-08-26,S03,P802,58,0,27,31,36,3
2026-08-26,S03,P803,96,0,28,68,43,3
2026-08-26,S04,P101,151,0,76,75,95,4
2026-08-26,S04,P102,38,0,38,0,113,3
2026-08-26,S04,P103,259,259,59,200,105,4
2026-08-26,S04,P104,13,0,13,0,114,4
2026-08-26,S04,P105,5,0,5,0,145,3
2026-08-26,S04,P106,128,0,75,49,101,1
2026-08-26,S04,P201,222,0,80,142,96,1
2026-08-26,S04,P202,123,0,75,48,98,4
2026-08-26,S04,P203,147,0,81,66,99,3
2026-08-26,S04,P204,289,0,105,184,110,3
2026-08-26,S04,P205,37,0,17,20,27,4
2026-08-26,S04,P206,213,213,51,162,83,4
2026-08-26,S04,P207,39,0,39,0,114,4
2026-08-26,S04,P301,100,0,48,52,62,3
2026-08-26,S04,P302,327,244,60,267,85,1
2026-08-26,S04,P303,66,0,66,0,90,3
2026-08-26,S04,P304,34,0,34,0,79,2
2026-08-26,S04,P305,63,0,62,1,78,4
2026-08-26,S04,P306,396,368,78,318,127,3
2026-08-26,S04,P330,151,151,49,102,86,4
2026-08-26,S04,P401,213,0,39,174,73,1
2026-08-26,S04,P402,139,0,51,88,64,1
2026-08-26,S04,P403,86,0,25,61,44,1
2026-08-26,S04,P404,74,0,65,9,56,3
2026-08-26,S04,P405,32,0,32,0,53,2
2026-08-26,S04,P406,61,0,42,19,46,2
2026-08-26,S04,P407,34,0,34,0,57,3
2026-08-26,S04,P442,45,0,45,0,64,2
2026-08-26,S04,P501,18,0,18,0,29,2
2026-08-26,S04,P502,26,0,20,6,32,3
2026-08-26,S04,P503,74,0,24,50,34,2
2026-08-26,S04,P504,78,64,15,63,28,1
2026-08-26,S04,P505,87,73,22,65,25,1
2026-08-26,S04,P601,90,90,24,66,38,3
2026-08-26,S04,P602,82,0,29,53,30,1
2026-08-26,S04,P603,84,81,19,65,26,1
2026-08-26,S04,P604,75,0,17,58,25,1
2026-08-26,S04,P605,40,0,39,1,34,4
2026-08-26,S04,P701,112,112,42,70,41,2
2026-08-26,S04,P702,77,77,24,53,31,4
2026-08-26,S04,P703,25,0,25,0,45,3
2026-08-26,S04,P704,47,0,19,28,26,1
2026-08-26,S04,P801,227,227,55,172,64,3
2026-08-26,S04,P802,40,0,39,1,55,3
2026-08-26,S04,P803,42,0,42,0,38,3
2026-08-26,S05,P101,100,0,90,10,92,3
2026-08-26,S05,P102,72,0,45,27,72,3
2026-08-26,S05,P103,151,0,50,101,76,2
2026-08-26,S05,P104,126,0,40,86,56,1
2026-08-26,S05,P105,0,0,0,0,63,4
2026-08-26,S05,P106,6,0,6,0,69,3
2026-08-26,S05,P201,86,0,58,28,51,4
2026-08-26,S05,P202,220,220,57,163,69,3
2026-08-26,S05,P203,109,0,87,22,80,2
2026-08-26,S05,P204,106,0,75,31,60,2
2026-08-26,S05,P205,0,0,0,0,19,4
2026-08-26,S05,P206,105,102,34,71,50,2
2026-08-26,S05,P207,0,0,0,0,55,4
2026-08-26,S05,P301,79,0,49,30,63,2
2026-08-26,S05,P302,105,0,37,68,70,3
2026-08-26,S05,P303,168,168,50,118,73,3
2026-08-26,S05,P304,46,0,40,6,53,3
2026-08-26,S05,P305,89,0,40,49,45,2
2026-08-26,S05,P306,134,0,75,59,64,2
2026-08-26,S05,P330,168,151,52,116,49,1
2026-08-26,S05,P401,31,0,16,15,21,3
2026-08-26,S05,P402,41,0,16,25,30,3
2026-08-26,S05,P403,125,101,30,91,39,1
2026-08-26,S05,P404,19,0,12,7,21,3
2026-08-26,S05,P405,23,0,16,7,21,3
2026-08-26,S05,P406,64,59,22,42,31,1
2026-08-26,S05,P407,76,0,25,51,30,1
2026-08-26,S05,P442,26,0,26,0,53,3
2026-08-26,S05,P501,21,0,16,5,13,4
2026-08-26,S05,P502,43,43,11,32,14,3
2026-08-26,S05,P503,25,0,11,14,11,3
2026-08-26,S05,P504,25,0,11,14,24,1
2026-08-26,S05,P505,11,0,11,0,17,2
2026-08-26,S05,P601,16,0,9,7,13,2
2026-08-26,S05,P602,3,0,3,0,15,4
2026-08-26,S05,P603,40,36,15,25,19,1
2026-08-26,S05,P604,8,0,8,0,15,3
2026-08-26,S05,P605,8,0,5,3,11,2
2026-08-26,S05,P701,31,0,20,11,18,1
2026-08-26,S05,P702,86,78,18,68,25,1
2026-08-26,S05,P703,33,0,21,12,21,1
2026-08-26,S05,P704,46,46,22,24,25,1
2026-08-26,S05,P801,3,0,3,0,44,3
2026-08-26,S05,P802,36,0,25,11,32,3
2026-08-26,S05,P803,157,115,31,126,46,1
2026-08-26,S06,P101,173,173,65,108,86,4
2026-08-26,S06,P102,325,288,83,242,101,1
2026-08-26,S06,P103,151,0,109,42,142,2
2026-08-26,S06,P104,238,238,77,161,81,4
2026-08-26,S06,P105,99,0,91,8,98,4
2026-08-26,S06,P106,75,0,74,1,117,3
2026-08-26,S06,P201,108,0,70,38,88,1
2026-08-26,S06,P202,10,0,10,0,65,3
2026-08-26,S06,P203,47,0,47,0,60,2
2026-08-26,S06,P204,266,266,79,187,108,2
2026-08-26,S06,P205,64,64,20,44,29,4
2026-08-26,S06,P206,0,0,0,0,87,4
2026-08-26,S06,P207,67,0,67,0,73,3
2026-08-26,S06,P301,247,0,75,172,96,1
2026-08-26,S06,P302,295,232,59,236,76,1
2026-08-26,S06,P303,0,0,0,0,81,3
2026-08-26,S06,P304,109,0,43,66,72,2
2026-08-26,S06,P305,172,0,65,107,90,1
2026-08-26,S06,P306,53,0,46,7,82,3
2026-08-26,S06,P330,268,268,69,199,85,2
2026-08-26,S06,P401,136,129,26,110,48,1
2026-08-26,S06,P402,115,115,33,82,34,2
2026-08-26,S06,P403,34,0,21,13,42,2
2026-08-26,S06,P404,72,0,42,30,51,3
2026-08-26,S06,P405,53,0,37,16,60,4
2026-08-26,S06,P406,29,0,29,0,34,3
2026-08-26,S06,P407,46,0,36,10,41,3
2026-08-26,S06,P442,49,0,49,0,88,2
2026-08-26,S06,P501,16,0,16,0,25,3
2026-08-26,S06,P502,91,91,19,72,38,2
2026-08-26,S06,P503,10,0,10,0,34,2
2026-08-26,S06,P504,8,0,8,0,20,3
2026-08-26,S06,P505,64,0,20,44,27,3
2026-08-26,S06,P601,60,56,13,47,18,1
2026-08-26,S06,P602,31,0,26,5,33,2
2026-08-26,S06,P603,24,0,14,10,24,3
2026-08-26,S06,P604,27,0,14,13,19,1
2026-08-26,S06,P605,53,0,25,28,31,3
2026-08-26,S06,P701,62,56,17,45,20,1
2026-08-26,S06,P702,23,0,23,0,37,3
2026-08-26,S06,P703,85,0,32,53,32,1
2026-08-26,S06,P704,49,0,23,26,29,2
2026-08-26,S06,P801,188,138,41,147,53,1
2026-08-26,S06,P802,167,0,47,120,76,1
2026-08-26,S06,P803,88,0,30,58,53,4
2026-08-27,S01,P101,231,231,51,180,121,3
2026-08-27,S01,P102,67,0,45,22,98,2
2026-08-27,S01,P103,0,0,0,0,164,4
2026-08-27,S01,P104,11,0,11,0,143,3
2026-08-27,S01,P105,138,0,54,84,124,4
2026-08-27,S01,P106,12,0,12,0,126,3
2026-08-27,S01,P201,59,0,56,3,89,3
2026-08-27,S01,P202,578,442,72,506,150,1
2026-08-27,S01,P203,63,0,63,0,159,3
2026-08-27,S01,P204,147,0,62,85,117,3
2026-08-27,S01,P205,57,0,14,43,27,1
2026-08-27,S01,P206,0,0,0,0,92,3
2026-08-27,S01,P207,0,0,0,0,111,3
2026-08-27,S01,P301,169,0,52,117,139,2
2026-08-27,S01,P302,117,0,65,52,106,2
2026-08-27,S01,P303,172,0,41,131,109,3
2026-08-27,S01,P304,117,0,66,51,74,3
2026-08-27,S01,P305,179,179,66,113,76,2
2026-08-27,S01,P306,128,0,33,95,83,1
2026-08-27,S01,P330,171,0,36,135,93,4
2026-08-27,S01,P401,231,208,27,204,71,2
2026-08-27,S01,P402,105,105,19,86,46,2
2026-08-27,S01,P403,98,0,34,64,46,3
2026-08-27,S01,P404,20,0,20,0,61,4
2026-08-27,S01,P405,27,0,24,3,43,4
2026-08-27,S01,P406,76,0,32,44,71,4
2026-08-27,S01,P407,69,0,46,26,55,1
2026-08-27,S01,P442,182,0,54,128,132,3
2026-08-27,S01,P501,67,0,19,48,41,3
2026-08-27,S01,P502,93,69,13,80,28,1
2026-08-27,S01,P503,87,78,17,70,40,1
2026-08-27,S01,P504,3,0,3,0,30,3
2026-08-27,S01,P505,78,0,16,62,37,4
2026-08-27,S01,P601,17,0,17,0,32,2
2026-08-27,S01,P602,93,0,14,79,37,2
2026-08-27,S01,P603,46,0,16,28,36,4
2026-08-27,S01,P604,73,73,11,65,23,2
2026-08-27,S01,P605,102,0,17,85,33,1
2026-08-27,S01,P701,82,82,17,65,36,2
2026-08-27,S01,P702,63,0,26,37,53,4
2026-08-27,S01,P703,83,0,17,66,47,1
2026-08-27,S01,P704,16,0,16,0,33,3
2026-08-27,S01,P801,2,0,2,0,60,4
2026-08-27,S01,P802,237,237,48,189,90,2
2026-08-27,S01,P803,104,0,32,72,59,2
2026-08-27,S02,P101,933,933,183,750,333,3
2026-08-27,S02,P102,857,698,191,666,347,1
2026-08-27,S02,P103,431,0,149,282,334,1
2026-08-27,S02,P104,285,0,123,162,268,1
2026-08-27,S02,P105,0,0,0,0,300,3
2026-08-27,S02,P106,539,539,109,430,294,2
2026-08-27,S02,P201,303,0,128,175,283,1
2026-08-27,S02,P202,569,0,156,413,316,1
2026-08-27,S02,P203,441,0,139,302,255,1
2026-08-27,S02,P204,267,0,95,172,215,4
2026-08-27,S02,P205,228,228,53,175,116,2
2026-08-27,S02,P206,0,0,0,0,196,3
2026-08-27,S02,P207,817,647,129,688,307,1
2026-08-27,S02,P301,393,0,68,330,177,1
2026-08-27,S02,P302,222,0,158,64,326,2
2026-08-27,S02,P303,274,0,110,164,224,1
2026-08-27,S02,P304,1160,960,136,1024,325,1
2026-08-27,S02,P305,769,0,148,621,329,4
2026-08-27,S02,P306,360,0,143,217,214,4
2026-08-27,S02,P330,734,0,177,557,277,3
2026-08-27,S02,P401,89,0,66,23,111,3
2026-08-27,S02,P402,179,0,47,132,103,2
2026-08-27,S02,P403,259,0,45,214,114,4
2026-08-27,S02,P404,43,0,43,0,136,3
2026-08-27,S02,P405,0,0,0,0,164,3
2026-08-27,S02,P406,308,0,77,231,151,4
2026-08-27,S02,P407,472,472,53,419,189,2
2026-08-27,S02,P442,393,0,114,279,238,2
2026-08-27,S02,P501,0,0,0,0,80,4
2026-08-27,S02,P502,180,0,64,116,126,4
2026-08-27,S02,P503,147,0,51,101,106,3
2026-08-27,S02,P504,138,0,32,106,72,1
2026-08-27,S02,P505,41,0,37,4,73,4
2026-08-27,S02,P601,154,143,35,119,61,1
2026-08-27,S02,P602,100,0,36,64,99,1
2026-08-27,S02,P603,182,0,41,141,77,1
2026-08-27,S02,P604,204,204,57,152,84,4
2026-08-27,S02,P605,80,0,21,59,56,3
2026-08-27,S02,P701,111,0,48,63,101,2
2026-08-27,S02,P702,103,0,51,52,82,2
2026-08-27,S02,P703,146,146,33,113,78,2
2026-08-27,S02,P704,129,0,48,81,80,1
2026-08-27,S02,P801,121,0,89,32,134,3
2026-08-27,S02,P802,40,0,40,0,129,3
2026-08-27,S02,P803,161,0,104,57,194,2
2026-08-27,S03,P101,161,161,47,114,68,2
2026-08-27,S03,P102,88,0,35,53,93,2
2026-08-27,S03,P103,0,0,0,0,83,4
2026-08-27,S03,P104,69,0,31,38,63,1
2026-08-27,S03,P105,67,0,30,37,63,2
2026-08-27,S03,P106,86,0,34,52,84,4
2026-08-27,S03,P201,91,0,30,61,83,4
2026-08-27,S03,P202,166,0,31,135,75,4
2026-08-27,S03,P203,52,0,20,32,40,3
2026-08-27,S03,P204,171,170,43,128,89,2
2026-08-27,S03,P205,3,0,3,0,22,4
2026-08-27,S03,P206,203,203,39,164,67,4
2026-08-27,S03,P207,154,154,36,118,83,3
2026-08-27,S03,P301,131,0,24,107,59,1
2026-08-27,S03,P302,38,0,27,11,65,2
2026-08-27,S03,P303,135,0,34,101,86,3
2026-08-27,S03,P304,81,0,33,48,51,2
2026-08-27,S03,P305,233,192,35,198,81,1
2026-08-27,S03,P306,51,0,39,12,75,3
2026-08-27,S03,P330,104,0,37,67,66,1
2026-08-27,S03,P401,76,0,13,63,34,4
2026-08-27,S03,P402,13,0,13,0,33,4
2026-08-27,S03,P403,38,0,12,26,33,1
2026-08-27,S03,P404,75,75,14,61,23,2
2026-08-27,S03,P405,59,0,11,48,27,1
2026-08-27,S03,P406,46,0,14,32,35,3
2026-08-27,S03,P407,67,61,14,53,32,2
2026-08-27,S03,P442,222,0,40,182,72,1
2026-08-27,S03,P501,4,0,4,0,14,2
2026-08-27,S03,P502,0,0,0,0,22,4
2026-08-27,S03,P503,62,62,10,52,24,3
2026-08-27,S03,P504,19,0,12,7,16,4
2026-08-27,S03,P505,44,44,7,37,17,2
2026-08-27,S03,P601,37,0,9,28,18,1
2026-08-27,S03,P602,51,41,9,42,16,1
2026-08-27,S03,P603,29,0,7,22,13,4
2026-08-27,S03,P604,45,45,8,37,24,4
2026-08-27,S03,P605,0,0,0,0,19,4
2026-08-27,S03,P701,14,0,10,4,18,3
2026-08-27,S03,P702,25,0,12,13,17,4
2026-08-27,S03,P703,0,0,0,0,17,4
2026-08-27,S03,P704,62,0,11,51,26,1
2026-08-27,S03,P801,62,0,15,47,41,1
2026-08-27,S03,P802,31,0,14,17,36,3
2026-08-27,S03,P803,68,0,15,53,43,3
2026-08-27,S04,P101,75,0,48,27,95,4
2026-08-27,S04,P102,0,0,0,0,113,3
2026-08-27,S04,P103,200,0,54,146,105,4
2026-08-27,S04,P104,0,0,0,0,114,4
2026-08-27,S04,P105,255,255,77,178,145,3
2026-08-27,S04,P106,241,188,36,205,101,1
2026-08-27,S04,P201,142,0,50,92,96,1
2026-08-27,S04,P202,48,0,48,0,98,4
2026-08-27,S04,P203,66,0,56,10,99,3
2026-08-27,S04,P204,184,0,58,126,110,3
2026-08-27,S04,P205,20,0,11,9,27,4
2026-08-27,S04,P206,162,0,36,126,83,4
2026-08-27,S04,P207,0,0,0,0,114,4
2026-08-27,S04,P301,52,0,31,21,62,3
2026-08-27,S04,P302,267,0,25,242,85,1
2026-08-27,S04,P303,0,0,0,0,90,3
2026-08-27,S04,P304,249,249,47,202,79,2
2026-08-27,S04,P305,1,0,1,0,78,4
2026-08-27,S04,P306,318,0,49,269,127,3
2026-08-27,S04,P330,102,0,45,57,86,4
2026-08-27,S04,P401,174,0,34,140,73,1
2026-08-27,S04,P402,88,0,30,58,64,1
2026-08-27,S04,P403,61,0,16,45,44,1
2026-08-27,S04,P404,9,0,9,0,56,3
2026-08-27,S04,P405,109,109,26,83,53,2
2026-08-27,S04,P406,19,0,19,0,46,2
2026-08-27,S04,P407,0,0,0,0,57,3
2026-08-27,S04,P442,201,201,34,167,64,2
2026-08-27,S04,P501,69,69,10,59,29,2
2026-08-27,S04,P502,6,0,6,0,32,3
2026-08-27,S04,P503,50,0,18,32,34,2
2026-08-27,S04,P504,63,0,11,52,28,1
2026-08-27,S04,P505,65,0,11,54,25,1
2026-08-27,S04,P601,66,0,12,54,38,3
2026-08-27,S04,P602,53,0,16,37,30,1
2026-08-27,S04,P603,65,0,12,53,26,1
2026-08-27,S04,P604,58,0,12,46,25,1
2026-08-27,S04,P605,1,0,1,0,34,4
2026-08-27,S04,P701,70,0,21,49,41,2
2026-08-27,S04,P702,53,0,13,40,31,4
2026-08-27,S04,P703,0,0,0,0,45,3
2026-08-27,S04,P704,28,0,8,20,26,1
2026-08-27,S04,P801,172,0,34,138,64,3
2026-08-27,S04,P802,1,0,1,0,55,3
2026-08-27,S04,P803,0,0,0,0,38,3
2026-08-27,S05,P101,10,0,10,0,92,3
2026-08-27,S05,P102,27,0,27,0,72,3
2026-08-27,S05,P103,101,0,39,62,76,2
2026-08-27,S05,P104,86,0,31,55,56,1
2026-08-27,S05,P105,0,0,0,0,63,4
2026-08-27,S05,P106,0,0,0,0,69,3
2026-08-27,S05,P201,28,0,28,0,51,4
2026-08-27,S05,P202,163,0,37,126,69,3
2026-08-27,S05,P203,22,0,22,0,80,2
2026-08-27,S05,P204,31,0,24,7,60,2
2026-08-27,S05,P205,61,61,9,52,19,4
2026-08-27,S05,P206,71,0,25,46,50,2
2026-08-27,S05,P207,135,135,31,104,55,4
2026-08-27,S05,P301,30,0,30,0,63,2
2026-08-27,S05,P302,68,0,23,45,70,3
2026-08-27,S05,P303,118,0,25,93,73,3
2026-08-27,S05,P304,6,0,6,0,53,3
2026-08-27,S05,P305,49,0,16,33,45,2
2026-08-27,S05,P306,59,0,46,13,64,2
2026-08-27,S05,P330,116,0,29,87,49,1
2026-08-27,S05,P401,15,0,11,4,21,3
2026-08-27,S05,P402,25,0,11,14,30,3
2026-08-27,S05,P403,95,0,16,79,39,1
2026-08-27,S05,P404,7,0,7,0,21,3
2026-08-27,S05,P405,7,0,7,0,21,3
2026-08-27,S05,P406,42,0,9,33,31,1
2026-08-27,S05,P407,51,0,16,35,30,1
2026-08-27,S05,P442,0,0,0,0,53,3
2026-08-27,S05,P501,5,0,5,0,13,4
2026-08-27,S05,P502,32,0,9,23,14,3
2026-08-27,S05,P503,14,0,7,7,11,3
2026-08-27,S05,P504,82,68,10,72,24,1
2026-08-27,S05,P505,40,40,11,29,17,2
2026-08-27,S05,P601,7,0,7,0,13,2
2026-08-27,S05,P602,0,0,0,0,15,4
2026-08-27,S05,P603,25,0,11,14,19,1
2026-08-27,S05,P604,0,0,0,0,15,3
2026-08-27,S05,P605,37,34,6,31,11,2
2026-08-27,S05,P701,55,44,9,46,18,1
2026-08-27,S05,P702,68,0,13,55,25,1
2026-08-27,S05,P703,79,67,10,69,21,1
2026-08-27,S05,P704,94,70,11,83,25,1
2026-08-27,S05,P801,126,126,23,103,44,3
2026-08-27,S05,P802,11,0,11,0,32,3
2026-08-27,S05,P803,126,0,21,105,46,1
2026-08-27,S06,P101,108,0,34,74,86,4
2026-08-27,S06,P102,242,0,59,183,101,1
2026-08-27,S06,P103,42,0,42,0,142,2
2026-08-27,S06,P104,161,0,45,116,81,4
2026-08-27,S06,P105,8,0,8,0,98,4
2026-08-27,S06,P106,1,0,1,0,117,3
2026-08-27,S06,P201,192,154,40,152,88,1
2026-08-27,S06,P202,176,176,33,143,65,3
2026-08-27,S06,P203,131,131,26,105,60,2
2026-08-27,S06,P204,187,0,39,148,108,2
2026-08-27,S06,P205,44,0,12,32,29,4
2026-08-27,S06,P206,300,300,43,257,87,4
2026-08-27,S06,P207,0,0,0,0,73,3
2026-08-27,S06,P301,172,0,45,127,96,1
2026-08-27,S06,P302,236,0,43,193,76,1
2026-08-27,S06,P303,265,265,35,230,81,3
2026-08-27,S06,P304,66,0,44,22,72,2
2026-08-27,S06,P305,107,0,42,65,90,1
2026-08-27,S06,P306,7,0,7,0,82,3
2026-08-27,S06,P330,199,0,51,148,85,2
2026-08-27,S06,P401,110,0,16,94,48,1
2026-08-27,S06,P402,82,0,22,60,34,2
2026-08-27,S06,P403,99,86,18,81,42,2
2026-08-27,S06,P404,30,0,21,9,51,3
2026-08-27,S06,P405,16,0,16,0,60,4
2026-08-27,S06,P406,0,0,0,0,34,3
2026-08-27,S06,P407,10,0,10,0,41,3
2026-08-27,S06,P442,220,220,33,187,88,2
2026-08-27,S06,P501,0,0,0,0,25,3
2026-08-27,S06,P502,72,0,15,57,38,2
2026-08-27,S06,P503,92,92,13,79,34,2
2026-08-27,S06,P504,0,0,0,0,20,3
2026-08-27,S06,P505,44,0,12,32,27,3
2026-08-27,S06,P601,47,0,10,37,18,1
2026-08-27,S06,P602,81,76,14,63,33,2
2026-08-27,S06,P603,10,0,10,0,24,3
2026-08-27,S06,P604,52,39,8,44,19,1
2026-08-27,S06,P605,28,0,17,11,31,3
2026-08-27,S06,P701,45,0,13,32,20,1
2026-08-27,S06,P702,0,0,0,0,37,3
2026-08-27,S06,P703,53,0,29,24,32,1
2026-08-27,S06,P704,26,0,12,14,29,2
2026-08-27,S06,P801,147,0,21,126,53,1
2026-08-27,S06,P802,120,0,36,84,76,1
2026-08-27,S06,P803,58,0,21,37,53,4
2026-08-28,S01,P101,180,0,39,141,121,3
2026-08-28,S01,P102,355,333,76,279,98,2
2026-08-28,S01,P103,0,0,0,0,164,4
2026-08-28,S01,P104,340,340,58,282,143,3
2026-08-28,S01,P105,84,0,64,20,124,4
2026-08-28,S01,P106,296,296,57,239,126,3
2026-08-28,S01,P201,3,0,3,0,89,3
2026-08-28,S01,P202,506,0,106,400,150,1
2026-08-28,S01,P203,0,0,0,0,159,3
2026-08-28,S01,P204,85,0,52,33,117,3
2026-08-28,S01,P205,43,0,13,30,27,1
2026-08-28,S01,P206,315,315,48,267,92,3
2026-08-28,S01,P207,227,227,52,175,111,3
2026-08-28,S01,P301,117,0,55,62,139,2
2026-08-28,S01,P302,52,0,37,15,106,2
2026-08-28,S01,P303,131,0,61,70,109,3
2026-08-28,S01,P304,51,0,35,16,74,3
2026-08-28,S01,P305,113,0,34,79,76,2
2026-08-28,S01,P306,95,0,50,45,83,1
2026-08-28,S01,P330,135,0,42,93,93,4
2026-08-28,S01,P401,204,0,32,172,71,2
2026-08-28,S01,P402,86,0,25,61,46,2
2026-08-28,S01,P403,64,0,25,39,46,3
2026-08-28,S01,P404,0,0,0,0,61,4
2026-08-28,S01,P405,3,0,3,0,43,4
2026-08-28,S01,P406,44,0,37,7,71,4
2026-08-28,S01,P407,195,172,32,163,55,1
2026-08-28,S01,P442,128,0,63,65,132,3
2026-08-28,S01,P501,48,0,17,31,41,3
2026-08-28,S01,P502,80,0,13,67,28,1
2026-08-28,S01,P503,70,0,13,57,40,1
2026-08-28,S01,P504,95,95,21,74,30,3
2026-08-28,S01,P505,62,0,15,47,37,4
2026-08-28,S01,P601,76,76,13,63,32,2
2026-08-28,S01,P602,79,0,19,60,37,2
2026-08-28,S01,P603,30,0,19,11,36,4
2026-08-28,S01,P604,62,0,10,52,23,2
2026-08-28,S01,P605,85,0,17,68,33,1
2026-08-28,S01,P701,65,0,15,50,36,2
2026-08-28,S01,P702,37,0,24,13,53,4
2026-08-28,S01,P703,66,0,14,52,47,1
2026-08-28,S01,P704,0,0,0,0,33,3
2026-08-28,S01,P801,0,0,0,0,60,4
2026-08-28,S01,P802,189,0,35,154,90,2
2026-08-28,S01,P803,72,0,28,44,59,2
2026-08-28,S02,P101,750,0,227,523,333,3
2026-08-28,S02,P102,666,0,202,464,347,1
2026-08-28,S02,P103,1161,879,150,1011,334,1
2026-08-28,S02,P104,728,566,146,582,268,1
2026-08-28,S02,P105,931,931,208,726,300,3
2026-08-28,S02,P106,430,0,165,265,294,2
2026-08-28,S02,P201,820,645,215,605,283,1
2026-08-28,S02,P202,413,0,158,255,316,1
2026-08-28,S02,P203,302,0,145,157,255,1
2026-08-28,S02,P204,172,0,102,70,215,4
2026-08-28,S02,P205,175,0,44,131,116,2
2026-08-28,S02,P206,462,462,109,353,196,3
2026-08-28,S02,P207,688,0,167,521,307,1
2026-08-28,S02,P301,325,0,135,190,177,1
2026-08-28,S02,P302,940,876,163,777,326,2
2026-08-28,S02,P303,689,525,100,589,224,1
2026-08-28,S02,P304,1024,0,141,883,325,1
2026-08-28,S02,P305,621,0,160,461,329,4
2026-08-28,S02,P306,217,0,87,130,214,4
2026-08-28,S02,P330,557,0,156,401,277,3
2026-08-28,S02,P401,23,0,23,0,111,3
2026-08-28,S02,P402,132,0,51,81,103,2
2026-08-28,S02,P403,214,0,57,157,114,4
2026-08-28,S02,P404,368,368,66,302,136,3
2026-08-28,S02,P405,283,283,70,213,164,3
2026-08-28,S02,P406,231,0,48,183,151,4
2026-08-28,S02,P407,419,0,71,348,189,2
2026-08-28,S02,P442,279,0,91,188,238,2
2026-08-28,S02,P501,0,0,0,0,80,4
2026-08-28,S02,P502,116,0,51,65,126,4
2026-08-28,S02,P503,96,0,59,37,106,3
2026-08-28,S02,P504,106,0,30,76,72,1
2026-08-28,S02,P505,4,0,4,0,73,4
2026-08-28,S02,P601,119,0,37,82,61,1
2026-08-28,S02,P602,337,273,35,302,99,1
2026-08-28,S02,P603,141,0,55,86,77,1
2026-08-28,S02,P604,147,0,54,93,84,4
2026-08-28,S02,P605,59,0,29,30,56,3
2026-08-28,S02,P701,63,0,50,13,101,2
2026-08-28,S02,P702,52,0,44,8,82,2
2026-08-28,S02,P703,113,0,41,72,78,2
2026-08-28,S02,P704,81,0,53,28,80,1
2026-08-28,S02,P801,32,0,32,3,134,3
2026-08-28,S02,P802,0,0,0,0,129,3
2026-08-28,S02,P803,583,526,81,502,194,2
2026-08-28,S03,P101,114,0,45,69,68,2
2026-08-28,S03,P102,291,238,58,233,93,2
2026-08-28,S03,P103,263,263,45,218,83,4
2026-08-28,S03,P104,184,146,25,159,63,1
2026-08-28,S03,P105,37,0,34,3,63,2
2026-08-28,S03,P106,52,0,42,10,84,4
2026-08-28,S03,P201,61,0,35,26,83,4
2026-08-28,S03,P202,135,0,41,94,75,4
2026-08-28,S03,P203,32,0,28,4,40,3
2026-08-28,S03,P204,128,0,39,89,89,2
2026-08-28,S03,P205,0,0,0,0,22,4
2026-08-28,S03,P206,164,0,40,124,67,4
2026-08-28,S03,P207,118,0,44,74,83,3
2026-08-28,S03,P301,107,0,15,92,59,1
2026-08-28,S03,P302,141,130,26,115,65,2
2026-08-28,S03,P303,101,0,40,61,86,3
2026-08-28,S03,P304,48,0,28,20,51,2
2026-08-28,S03,P305,198,0,41,157,81,1
2026-08-28,S03,P306,12,0,12,0,75,3
2026-08-28,S03,P330,67,0,30,37,66,1
2026-08-28,S03,P401,63,0,10,53,34,4
2026-08-28,S03,P402,0,0,0,0,33,4
2026-08-28,S03,P403,125,99,14,111,33,1
2026-08-28,S03,P404,61,0,12,49,23,2
2026-08-28,S03,P405,48,0,12,36,27,1
2026-08-28,S03,P406,32,0,15,17,35,3
2026-08-28,S03,P407,53,0,12,41,32,2
2026-08-28,S03,P442,182,0,39,143,72,1
2026-08-28,S03,P501,54,54,9,45,14,2
2026-08-28,S03,P502,42,42,8,34,22,4
2026-08-28,S03,P503,52,0,9,43,24,3
2026-08-28,S03,P504,7,0,7,0,16,4
2026-08-28,S03,P505,37,0,6,31,17,2
2026-08-28,S03,P601,28,0,9,19,18,1
2026-08-28,S03,P602,42,0,7,35,16,1
2026-08-28,S03,P603,22,0,8,14,13,4
2026-08-28,S03,P604,37,0,10,27,24,4
2026-08-28,S03,P605,0,0,0,0,19,4
2026-08-28,S03,P701,4,0,4,0,18,3
2026-08-28,S03,P702,13,0,8,5,17,4
2026-08-28,S03,P703,0,0,0,0,17,4
2026-08-28,S03,P704,51,0,12,39,26,1
2026-08-28,S03,P801,47,0,20,27,41,1
2026-08-28,S03,P802,17,0,16,1,36,3
2026-08-28,S03,P803,53,0,20,33,43,3
2026-08-28,S04,P101,27,0,27,0,95,4
2026-08-28,S04,P102,353,353,49,304,113,3
2026-08-28,S04,P103,146,0,74,72,105,4
2026-08-28,S04,P104,251,251,52,199,114,4
2026-08-28,S04,P105,178,0,65,113,145,3
2026-08-28,S04,P106,205,0,59,146,101,1
2026-08-28,S04,P201,389,297,42,347,96,1
2026-08-28,S04,P202,0,0,0,0,98,4
2026-08-28,S04,P203,10,0,10,0,99,3
2026-08-28,S04,P204,126,0,57,69,110,3
2026-08-28,S04,P205,9,0,9,0,27,4
2026-08-28,S04,P206,126,0,28,98,83,4
2026-08-28,S04,P207,0,0,0,0,114,4
2026-08-28,S04,P301,21,0,21,0,62,3
2026-08-28,S04,P302,242,0,31,211,85,1
2026-08-28,S04,P303,245,245,41,204,90,3
2026-08-28,S04,P304,202,0,40,162,79,2
2026-08-28,S04,P305,0,0,0,0,78,4
2026-08-28,S04,P306,269,0,48,221,127,3
2026-08-28,S04,P330,57,0,38,19,86,4
2026-08-28,S04,P401,140,0,33,107,73,1
2026-08-28,S04,P402,190,132,36,154,64,1
2026-08-28,S04,P403,45,0,13,32,44,1
2026-08-28,S04,P404,0,0,0,0,56,3
2026-08-28,S04,P405,83,0,22,61,53,2
2026-08-28,S04,P406,130,130,21,109,46,2
2026-08-28,S04,P407,135,135,23,112,57,3
2026-08-28,S04,P442,167,0,31,136,64,2
2026-08-28,S04,P501,59,0,15,44,29,2
2026-08-28,S04,P502,74,74,14,60,32,3
2026-08-28,S04,P503,32,0,16,16,34,2
2026-08-28,S04,P504,52,0,17,35,28,1
2026-08-28,S04,P505,54,0,19,40,25,1
2026-08-28,S04,P601,54,0,20,34,38,3
2026-08-28,S04,P602,37,0,14,23,30,1
2026-08-28,S04,P603,53,0,11,42,26,1
2026-08-28,S04,P604,46,0,14,32,25,1
2026-08-28,S04,P605,0,0,0,0,34,4
2026-08-28,S04,P701,49,0,20,29,41,2
2026-08-28,S04,P702,40,0,12,28,31,4
2026-08-28,S04,P703,85,85,24,61,45,3
2026-08-28,S04,P704,101,81,11,90,26,1
2026-08-28,S04,P801,138,0,37,101,64,3
2026-08-28,S04,P802,149,149,24,125,55,3
2026-08-28,S04,P803,0,0,0,0,38,3
2026-08-28,S05,P101,0,0,0,0,92,3
2026-08-28,S05,P102,0,0,0,0,72,3
2026-08-28,S05,P103,62,0,35,27,76,2
2026-08-28,S05,P104,240,185,29,211,56,1
2026-08-28,S05,P105,131,131,39,92,63,4
2026-08-28,S05,P106,214,214,28,186,69,3
2026-08-28,S05,P201,0,0,0,0,51,4
2026-08-28,S05,P202,126,0,25,101,69,3
2026-08-28,S05,P203,204,204,42,162,80,2
2026-08-28,S05,P204,136,129,29,107,60,2
2026-08-28,S05,P205,52,0,9,43,19,4
2026-08-28,S05,P206,46,0,23,23,50,2
2026-08-28,S05,P207,104,0,39,65,55,4
2026-08-28,S05,P301,169,169,33,136,63,2
2026-08-28,S05,P302,45,0,40,5,70,3
2026-08-28,S05,P303,93,0,28,65,73,3
2026-08-28,S05,P304,138,138,22,116,53,3
2026-08-28,S05,P305,33,0,20,13,45,2
2026-08-28,S05,P306,186,173,35,151,64,2
2026-08-28,S05,P330,87,0,22,65,49,1
2026-08-28,S05,P401,4,0,4,0,21,3
2026-08-28,S05,P402,14,0,10,4,30,3
2026-08-28,S05,P403,79,0,21,58,39,1
2026-08-28,S05,P404,52,52,8,44,21,3
2026-08-28,S05,P405,0,0,0,0,21,3
2026-08-28,S05,P406,33,0,14,19,31,1
2026-08-28,S05,P407,35,0,12,23,30,1
2026-08-28,S05,P442,148,148,25,123,53,3
2026-08-28,S05,P501,0,0,0,0,13,4
2026-08-28,S05,P502,23,0,7,16,14,3
2026-08-28,S05,P503,7,0,6,1,11,3
2026-08-28,S05,P504,72,0,12,60,24,1
2026-08-28,S05,P505,29,0,7,22,17,2
2026-08-28,S05,P601,30,30,5,25,13,2
2026-08-28,S05,P602,29,29,6,23,15,4
2026-08-28,S05,P603,55,41,9,46,19,1
2026-08-28,S05,P604,48,48,7,41,15,3
2026-08-28,S05,P605,31,0,5,26,11,2
2026-08-28,S05,P701,46,0,9,37,18,1
2026-08-28,S05,P702,55,0,13,42,25,1
2026-08-28,S05,P703,69,0,15,54,21,1
2026-08-28,S05,P704,83,0,11,72,25,1
2026-08-28,S05,P801,103,0,20,83,44,3
2026-08-28,S05,P802,0,0,0,0,32,3
2026-08-28,S05,P803,105,0,26,79,46,1
2026-08-28,S06,P101,74,0,28,46,86,4
2026-08-28,S06,P102,183,0,40,143,101,1
2026-08-28,S06,P103,385,385,52,333,142,2
2026-08-28,S06,P104,116,0,40,76,81,4
2026-08-28,S06,P105,0,0,0,0,98,4
2026-08-28,S06,P106,313,313,65,248,117,3
2026-08-28,S06,P201,152,0,34,123,88,1
2026-08-28,S06,P202,143,0,34,109,65,3
2026-08-28,S06,P203,105,0,25,80,60,2
2026-08-28,S06,P204,148,0,45,103,108,2
2026-08-28,S06,P205,32,0,14,18,29,4
2026-08-28,S06,P206,257,0,26,231,87,4
2026-08-28,S06,P207,166,166,39,127,73,3
2026-08-28,S06,P301,127,0,36,91,96,1
2026-08-28,S06,P302,193,0,39,154,76,1
2026-08-28,S06,P303,230,0,53,177,81,3
2026-08-28,S06,P304,231,209,25,206,72,2
2026-08-28,S06,P305,292,227,47,245,90,1
2026-08-28,S06,P306,191,191,39,152,82,3
2026-08-28,S06,P330,148,0,42,106,85,2
2026-08-28,S06,P401,94,0,21,73,48,1
2026-08-28,S06,P402,60,0,16,44,34,2
2026-08-28,S06,P403,81,0,21,60,42,2
2026-08-28,S06,P404,9,0,9,0,51,3
2026-08-28,S06,P405,0,0,0,0,60,4
2026-08-28,S06,P406,117,117,22,95,34,3
2026-08-28,S06,P407,0,0,0,0,41,3
2026-08-28,S06,P442,187,0,35,152,88,2
2026-08-28,S06,P501,61,61,15,46,25,3
2026-08-28,S06,P502,57,0,13,44,38,2
2026-08-28,S06,P503,79,0,16,63,34,2
2026-08-28,S06,P504,51,51,9,42,20,3
2026-08-28,S06,P505,32,0,17,15,27,3
2026-08-28,S06,P601,37,0,11,26,18,1
2026-08-28,S06,P602,67,0,10,57,33,2
2026-08-28,S06,P603,0,0,0,0,24,3
2026-08-28,S06,P604,44,0,9,35,19,1
2026-08-28,S06,P605,11,0,10,1,31,3
2026-08-28,S06,P701,32,0,8,24,20,1
2026-08-28,S06,P702,73,73,15,58,37,3
2026-08-28,S06,P703,119,95,17,102,32,1
2026-08-28,S06,P704,79,65,15,64,29,2
2026-08-28,S06,P801,126,0,19,107,53,1
2026-08-28,S06,P802,84,0,38,46,76,1
2026-08-28,S06,P803,37,0,22,15,53,4
2026-08-29,S01,P101,141,0,49,92,121,3
2026-08-29,S01,P102,279,0,57,222,98,2
2026-08-29,S01,P103,369,369,84,285,164,4
2026-08-29,S01,P104,282,0,93,189,143,3
2026-08-29,S01,P105,20,0,20,0,124,4
2026-08-29,S01,P106,239,0,94,145,126,3
2026-08-29,S01,P201,196,196,52,144,89,3
2026-08-29,S01,P202,400,0,86,314,150,1
2026-08-29,S01,P203,431,431,105,326,159,3
2026-08-29,S01,P204,33,0,33,0,117,3
2026-08-29,S01,P205,30,0,16,14,27,1
2026-08-29,S01,P206,267,0,77,190,92,3
2026-08-29,S01,P207,175,0,62,113,111,3
2026-08-29,S01,P301,454,392,80,374,139,2
2026-08-29,S01,P302,313,298,79,234,106,2
2026-08-29,S01,P303,70,0,50,20,109,3
2026-08-29,S01,P304,16,0,16,0,74,3
2026-08-29,S01,P305,79,0,63,16,76,2
2026-08-29,S01,P306,196,151,52,144,83,1
2026-08-29,S01,P330,93,0,46,47,93,4
2026-08-29,S01,P401,172,0,51,121,71,2
2026-08-29,S01,P402,61,0,28,33,46,2
2026-08-29,S01,P403,39,0,38,1,46,3
2026-08-29,S01,P404,0,0,0,0,61,4
2026-08-29,S01,P405,0,0,0,0,43,4
2026-08-29,S01,P406,7,0,7,0,71,4
2026-08-29,S01,P407,163,0,52,111,55,1
2026-08-29,S01,P442,65,0,65,0,132,3
2026-08-29,S01,P501,31,0,31,0,41,3
2026-08-29,S01,P502,67,0,17,50,28,1
2026-08-29,S01,P503,57,0,25,32,40,1
2026-08-29,S01,P504,74,0,24,50,30,3
2026-08-29,S01,P505,47,0,17,30,37,4
2026-08-29,S01,P601,63,0,17,46,32,2
2026-08-29,S01,P602,60,0,22,38,37,2
2026-08-29,S01,P603,11,0,11,0,36,4
2026-08-29,S01,P604,52,0,15,37,23,2
2026-08-29,S01,P605,68,0,21,47,33,1
2026-08-29,S01,P701,50,0,18,32,36,2
2026-08-29,S01,P702,13,0,13,0,53,4
2026-08-29,S01,P703,52,0,41,11,47,1
2026-08-29,S01,P704,76,76,18,58,33,3
2026-08-29,S01,P801,133,133,43,90,60,4
2026-08-29,S01,P802,154,0,52,102,90,2
2026-08-29,S01,P803,44,0,44,0,59,2
2026-08-29,S02,P101,523,0,261,262,333,3
2026-08-29,S02,P102,464,0,254,210,347,1
2026-08-29,S02,P103,1011,0,202,809,334,1
2026-08-29,S02,P104,582,0,213,369,268,1
2026-08-29,S02,P105,723,0,241,482,300,3
2026-08-29,S02,P106,265,0,201,64,294,2
2026-08-29,S02,P201,605,0,145,460,283,1
2026-08-29,S02,P202,875,620,201,674,316,1
2026-08-29,S02,P203,878,721,261,617,255,1
2026-08-29,S02,P204,70,0,70,0,215,4
2026-08-29,S02,P205,131,0,62,69,116,2
2026-08-29,S02,P206,353,0,160,193,196,3
2026-08-29,S02,P207,521,0,196,325,307,1
2026-08-29,S02,P301,190,0,117,73,177,1
2026-08-29,S02,P302,777,0,186,591,326,2
2026-08-29,S02,P303,589,0,125,464,224,1
2026-08-29,S02,P304,883,0,207,676,325,1
2026-08-29,S02,P305,461,0,225,236,329,4
2026-08-29,S02,P306,130,0,130,0,214,4
2026-08-29,S02,P330,401,0,181,216,277,3
2026-08-29,S02,P401,330,330,69,261,111,3
2026-08-29,S02,P402,81,0,51,30,103,2
2026-08-29,S02,P403,157,0,66,91,114,4
2026-08-29,S02,P404,302,0,75,227,136,3
2026-08-29,S02,P405,213,0,102,111,164,3
2026-08-29,S02,P406,183,0,96,87,151,4
2026-08-29,S02,P407,348,0,87,261,189,2
2026-08-29,S02,P442,188,0,151,37,238,2
2026-08-29,S02,P501,235,235,84,151,80,4
2026-08-29,S02,P502,65,0,65,0,126,4
2026-08-29,S02,P503,37,0,37,0,106,3
2026-08-29,S02,P504,76,0,42,34,72,1
2026-08-29,S02,P505,0,0,0,0,73,4
2026-08-29,S02,P601,82,0,46,36,61,1
2026-08-29,S02,P602,302,0,48,254,99,1
2026-08-29,S02,P603,86,0,59,27,77,1
2026-08-29,S02,P604,93,0,56,37,84,4
2026-08-29,S02,P605,30,0,25,5,56,3
2026-08-29,S02,P701,202,189,53,149,101,2
2026-08-29,S02,P702,185,177,49,136,82,2
2026-08-29,S02,P703,72,0,53,19,78,2
2026-08-29,S02,P704,228,200,67,161,80,1
2026-08-29,S02,P801,328,328,85,243,134,3
2026-08-29,S02,P802,358,358,114,244,129,3
2026-08-29,S02,P803,502,0,141,361,194,2
2026-08-29,S03,P101,69,0,39,28,68,2
2026-08-29,S03,P102,233,0,53,180,93,2
2026-08-29,S03,P103,218,0,65,153,83,4
2026-08-29,S03,P104,159,0,41,118,63,1
2026-08-29,S03,P105,131,128,37,94,63,2
2026-08-29,S03,P106,10,0,10,0,84,4
2026-08-29,S03,P201,26,0,26,0,83,4
2026-08-29,S03,P202,94,0,34,60,75,4
2026-08-29,S03,P203,4,0,4,0,40,3
2026-08-29,S03,P204,89,0,56,33,89,2
2026-08-29,S03,P205,0,0,0,0,22,4
2026-08-29,S03,P206,124,0,50,74,67,4
2026-08-29,S03,P207,74,0,54,20,83,3
2026-08-29,S03,P301,92,0,28,64,59,1
2026-08-29,S03,P302,115,0,38,77,65,2
2026-08-29,S03,P303,61,0,47,14,86,3
2026-08-29,S03,P304,189,169,39,150,51,2
2026-08-29,S03,P305,157,0,50,107,81,1
2026-08-29,S03,P306,196,196,42,154,75,3
2026-08-29,S03,P330,178,141,39,139,66,1
2026-08-29,S03,P401,53,0,21,32,34,4
2026-08-29,S03,P402,0,0,0,0,33,4
2026-08-29,S03,P403,111,0,21,90,33,1
2026-08-29,S03,P404,49,0,17,32,23,2
2026-08-29,S03,P405,36,0,12,24,27,1
2026-08-29,S03,P406,17,0,17,0,35,3
2026-08-29,S03,P407,41,0,16,25,32,2
2026-08-29,S03,P442,143,0,42,101,72,1
2026-08-29,S03,P501,45,0,11,34,14,2
2026-08-29,S03,P502,34,0,12,22,22,4
2026-08-29,S03,P503,43,0,14,29,24,3
2026-08-29,S03,P504,0,0,0,0,16,4
2026-08-29,S03,P505,31,0,8,23,17,2
2026-08-29,S03,P601,19,0,11,8,18,1
2026-08-29,S03,P602,35,0,9,26,16,1
2026-08-29,S03,P603,14,0,7,7,13,4
2026-08-29,S03,P604,27,0,11,16,24,4
2026-08-29,S03,P605,45,45,13,32,19,4
2026-08-29,S03,P701,39,39,9,30,18,3
2026-08-29,S03,P702,5,0,5,0,17,4
2026-08-29,S03,P703,51,51,11,40,17,4
2026-08-29,S03,P704,39,0,10,29,26,1
2026-08-29,S03,P801,112,85,32,80,41,1
2026-08-29,S03,P802,114,113,28,86,36,3
2026-08-29,S03,P803,33,0,27,6,43,3
2026-08-29,S04,P101,0,0,0,0,95,4
2026-08-29,S04,P102,304,0,107,197,113,3
2026-08-29,S04,P103,72,0,54,18,105,4
2026-08-29,S04,P104,199,0,44,155,114,4
2026-08-29,S04,P105,113,0,73,40,145,3
2026-08-29,S04,P106,146,0,65,81,101,1
2026-08-29,S04,P201,347,0,66,281,96,1
2026-08-29,S04,P202,0,0,0,0,98,4
2026-08-29,S04,P203,334,334,78,256,99,3
2026-08-29,S04,P204,69,0,58,11,110,3
2026-08-29,S04,P205,0,0,0,0,27,4
2026-08-29,S04,P206,98,0,52,46,83,4
2026-08-29,S04,P207,398,398,78,320,114,4
2026-08-29,S04,P301,159,159,64,95,62,3
2026-08-29,S04,P302,211,0,48,163,85,1
2026-08-29,S04,P303,204,0,57,147,90,3
2026-08-29,S04,P304,162,0,62,100,79,2
2026-08-29,S04,P305,186,186,63,123,78,4
2026-08-29,S04,P306,221,0,86,135,127,3
2026-08-29,S04,P330,19,0,19,0,86,4
2026-08-29,S04,P401,107,0,30,77,73,1
2026-08-29,S04,P402,154,0,30,124,64,1
2026-08-29,S04,P403,131,99,25,106,44,1
2026-08-29,S04,P404,166,166,35,131,56,3
2026-08-29,S04,P405,61,0,31,30,53,2
2026-08-29,S04,P406,109,0,25,84,46,2
2026-08-29,S04,P407,112,0,31,81,57,3
2026-08-29,S04,P442,136,0,45,91,64,2
2026-08-29,S04,P501,44,0,20,24,29,2
2026-08-29,S04,P502,60,0,23,37,32,3
2026-08-29,S04,P503,94,78,17,77,34,2
2026-08-29,S04,P504,35,0,13,22,28,1
2026-08-29,S04,P505,35,0,16,19,25,1
2026-08-29,S04,P601,34,0,23,11,38,3
2026-08-29,S04,P602,95,72,22,73,30,1
2026-08-29,S04,P603,42,0,16,26,26,1
2026-08-29,S04,P604,32,0,17,15,25,1
2026-08-29,S04,P605,0,0,0,0,34,4
2026-08-29,S04,P701,29,0,23,6,41,2
2026-08-29,S04,P702,28,0,19,9,31,4
2026-08-29,S04,P703,61,0,19,42,45,3
2026-08-29,S04,P704,90,0,15,75,26,1
2026-08-29,S04,P801,101,0,43,58,64,3
2026-08-29,S04,P802,125,0,30,95,55,3
2026-08-29,S04,P803,122,122,33,89,38,3
2026-08-29,S05,P101,206,206,57,149,92,3
2026-08-29,S05,P102,156,156,49,107,72,3
2026-08-29,S05,P103,233,206,58,175,76,2
2026-08-29,S05,P104,211,0,36,175,56,1
2026-08-29,S05,P105,92,0,47,45,63,4
2026-08-29,S05,P106,186,0,43,143,69,3
2026-08-29,S05,P201,0,0,0,0,51,4
2026-08-29,S05,P202,101,0,49,52,69,3
2026-08-29,S05,P203,162,0,48,114,80,2
2026-08-29,S05,P204,107,0,49,58,60,2
2026-08-29,S05,P205,43,0,12,31,19,4
2026-08-29,S05,P206,149,126,27,122,50,2
2026-08-29,S05,P207,65,0,44,21,55,4
2026-08-29,S05,P301,136,0,34,102,63,2
2026-08-29,S05,P302,144,139,52,92,70,3
2026-08-29,S05,P303,65,0,37,28,73,3
2026-08-29,S05,P304,116,0,32,84,53,3
2026-08-29,S05,P305,123,110,26,97,45,2
2026-08-29,S05,P306,151,0,44,107,64,2
2026-08-29,S05,P330,65,0,48,17,49,1
2026-08-29,S05,P401,60,60,14,46,21,3
2026-08-29,S05,P402,77,73,15,62,30,3
2026-08-29,S05,P403,58,0,22,36,39,1
2026-08-29,S05,P404,44,0,12,32,21,3
2026-08-29,S05,P405,52,52,13,39,21,3
2026-08-29,S05,P406,101,82,18,83,31,1
2026-08-29,S05,P407,117,94,18,99,30,1
2026-08-29,S05,P442,123,0,34,89,53,3
2026-08-29,S05,P501,0,0,0,0,13,4
2026-08-29,S05,P502,16,0,9,7,14,3
2026-08-29,S05,P503,1,0,1,0,11,3
2026-08-29,S05,P504,60,0,12,48,24,1
2026-08-29,S05,P505,22,0,13,9,17,2
2026-08-29,S05,P601,25,0,9,16,13,2
2026-08-29,S05,P602,23,0,13,10,15,4
2026-08-29,S05,P603,46,0,12,34,19,1
2026-08-29,S05,P604,41,0,7,34,15,3
2026-08-29,S05,P605,26,0,5,21,11,2
2026-08-29,S05,P701,37,0,15,22,18,1
2026-08-29,S05,P702,42,0,16,26,25,1
2026-08-29,S05,P703,54,0,17,37,21,1
2026-08-29,S05,P704,72,0,16,56,25,1
2026-08-29,S05,P801,83,0,30,53,44,3
2026-08-29,S05,P802,77,77,20,57,32,3
2026-08-29,S05,P803,79,0,31,48,46,1
2026-08-29,S06,P101,46,0,40,6,86,4
2026-08-29,S06,P102,143,0,59,84,101,1
2026-08-29,S06,P103,333,0,68,265,142,2
2026-08-29,S06,P104,76,0,56,20,81,4
2026-08-29,S06,P105,0,0,0,0,98,4
2026-08-29,S06,P106,248,0,65,183,117,3
2026-08-29,S06,P201,118,0,57,61,88,1
2026-08-29,S06,P202,109,0,58,51,65,3
2026-08-29,S06,P203,80,0,38,42,60,2
2026-08-29,S06,P204,103,0,89,14,108,2
2026-08-29,S06,P205,18,0,16,2,29,4
2026-08-29,S06,P206,231,0,58,173,87,4
2026-08-29,S06,P207,127,0,55,72,73,3
2026-08-29,S06,P301,340,249,41,299,96,1
2026-08-29,S06,P302,154,0,70,84,76,1
2026-08-29,S06,P303,177,0,63,114,81,3
2026-08-29,S06,P304,206,0,39,167,72,2
2026-08-29,S06,P305,245,0,68,177,90,1
2026-08-29,S06,P306,152,0,51,101,82,3
2026-08-29,S06,P330,106,0,46,60,85,2
2026-08-29,S06,P401,73,0,41,32,48,1
2026-08-29,S06,P402,44,0,28,16,34,2
2026-08-29,S06,P403,60,0,25,35,42,2
2026-08-29,S06,P404,133,133,33,100,51,3
2026-08-29,S06,P405,157,157,31,126,60,4
2026-08-29,S06,P406,95,0,22,73,34,3
2026-08-29,S06,P407,91,91,25,66,41,3
2026-08-29,S06,P442,152,0,60,92,88,2
2026-08-29,S06,P501,46,0,18,28,25,3
2026-08-29,S06,P502,44,0,18,29,38,2
2026-08-29,S06,P503,63,0,22,41,34,2
2026-08-29,S06,P504,42,0,16,26,20,3
2026-08-29,S06,P505,15,0,15,0,27,3
2026-08-29,S06,P601,26,0,16,10,18,1
2026-08-29,S06,P602,57,0,27,30,33,2
2026-08-29,S06,P603,48,48,14,34,24,3
2026-08-29,S06,P604,35,0,9,29,19,1
2026-08-29,S06,P605,86,85,13,73,31,3
2026-08-29,S06,P701,24,0,13,11,20,1
2026-08-29,S06,P702,58,0,21,37,37,3
2026-08-29,S06,P703,102,0,25,77,32,1
2026-08-29,S06,P704,64,0,18,46,29,2
2026-08-29,S06,P801,107,0,34,73,53,1
2026-08-29,S06,P802,188,142,49,142,76,1
2026-08-29,S06,P803,15,0,15,0,53,4
2026-08-30,S01,P101,92,0,48,44,121,3
2026-08-30,S01,P102,222,0,96,126,98,2
2026-08-30,S01,P103,285,0,91,194,164,4
2026-08-30,S01,P104,189,0,114,75,143,3
2026-08-30,S01,P105,0,0,0,0,124,4
2026-08-30,S01,P106,145,0,81,64,126,3
2026-08-30,S01,P201,144,0,56,88,89,3
2026-08-30,S01,P202,314,0,78,236,150,1
2026-08-30,S01,P203,326,0,84,242,159,3
2026-08-30,S01,P204,318,318,65,253,117,3
2026-08-30,S01,P205,67,53,20,47,27,1
2026-08-30,S01,P206,190,0,53,137,92,3
2026-08-30,S01,P207,113,0,62,51,111,3
2026-08-30,S01,P301,374,0,75,299,139,2
2026-08-30,S01,P302,234,0,84,150,106,2
2026-08-30,S01,P303,20,0,20,0,109,3
2026-08-30,S01,P304,188,188,47,141,74,3
2026-08-30,S01,P305,16,0,16,3,76,2
2026-08-30,S01,P306,144,0,47,97,83,1
2026-08-30,S01,P330,47,0,47,0,93,4
2026-08-30,S01,P401,121,0,39,82,71,2
2026-08-30,S01,P402,33,0,26,7,46,2
2026-08-30,S01,P403,1,0,1,0,46,3
2026-08-30,S01,P404,120,120,40,80,61,4
2026-08-30,S01,P405,136,136,23,111,43,4
2026-08-30,S01,P406,0,0,0,0,71,4
2026-08-30,S01,P407,111,0,53,58,55,1
2026-08-30,S01,P442,362,362,86,276,132,3
2026-08-30,S01,P501,0,0,0,0,41,3
2026-08-30,S01,P502,50,0,19,34,28,1
2026-08-30,S01,P503,146,114,25,119,40,1
2026-08-30,S01,P504,50,0,19,31,30,3
2026-08-30,S01,P505,30,0,24,6,37,4
2026-08-30,S01,P601,46,0,15,31,32,2
2026-08-30,S01,P602,38,0,23,15,37,2
2026-08-30,S01,P603,0,0,0,0,36,4
2026-08-30,S01,P604,37,0,14,23,23,2
2026-08-30,S01,P605,47,0,24,23,33,1
2026-08-30,S01,P701,32,0,23,9,36,2
2026-08-30,S01,P702,0,0,0,0,53,4
2026-08-30,S01,P703,129,118,34,95,47,1
2026-08-30,S01,P704,58,0,25,33,33,3
2026-08-30,S01,P801,90,0,58,32,60,4
2026-08-30,S01,P802,102,0,48,57,90,2
2026-08-30,S01,P803,182,182,44,138,59,2
2026-08-30,S02,P101,262,0,262,0,333,3
2026-08-30,S02,P102,1291,1081,243,1048,347,1
2026-08-30,S02,P103,809,0,285,524,334,1
2026-08-30,S02,P104,369,0,180,189,268,1
2026-08-30,S02,P105,482,0,195,287,300,3
2026-08-30,S02,P106,874,810,173,701,294,2
2026-08-30,S02,P201,460,0,195,265,283,1
2026-08-30,S02,P202,674,0,221,453,316,1
2026-08-30,S02,P203,617,0,198,419,255,1
2026-08-30,S02,P204,0,0,0,0,215,4
2026-08-30,S02,P205,69,0,58,11,116,2
2026-08-30,S02,P206,193,0,172,21,196,3
2026-08-30,S02,P207,325,0,214,111,307,1
2026-08-30,S02,P301,630,557,135,495,177,1
2026-08-30,S02,P302,591,0,170,421,326,2
2026-08-30,S02,P303,464,0,153,311,224,1
2026-08-30,S02,P304,676,0,180,496,325,1
2026-08-30,S02,P305,236,0,157,79,329,4
2026-08-30,S02,P306,0,0,0,0,214,4
2026-08-30,S02,P330,220,0,220,0,277,3
2026-08-30,S02,P401,261,0,94,167,111,3
2026-08-30,S02,P402,208,178,47,161,103,2
2026-08-30,S02,P403,91,0,75,16,114,4
2026-08-30,S02,P404,227,0,70,157,136,3
2026-08-30,S02,P405,111,0,100,11,164,3
2026-08-30,S02,P406,87,0,74,13,151,4
2026-08-30,S02,P407,261,0,84,177,189,2
2026-08-30,S02,P442,594,557,156,438,238,2
2026-08-30,S02,P501,151,0,57,94,80,4
2026-08-30,S02,P502,0,0,0,0,126,4
2026-08-30,S02,P503,224,224,60,164,106,3
2026-08-30,S02,P504,245,211,36,209,72,1
2026-08-30,S02,P505,215,215,43,172,73,4
2026-08-30,S02,P601,246,210,52,194,61,1
2026-08-30,S02,P602,254,0,50,204,99,1
2026-08-30,S02,P603,310,283,61,249,77,1
2026-08-30,S02,P604,37,0,37,0,84,4
2026-08-30,S02,P605,5,0,5,0,56,3
2026-08-30,S02,P701,149,0,62,87,101,2
2026-08-30,S02,P702,136,0,61,75,82,2
2026-08-30,S02,P703,243,224,47,196,78,2
2026-08-30,S02,P704,161,0,78,83,80,1
2026-08-30,S02,P801,243,0,80,163,134,3
2026-08-30,S02,P802,244,0,108,136,129,3
2026-08-30,S02,P803,361,0,121,240,194,2
2026-08-30,S03,P101,30,0,30,0,68,2
2026-08-30,S03,P102,180,0,53,127,93,2
2026-08-30,S03,P103,153,0,53,100,83,4
2026-08-30,S03,P104,118,0,53,65,63,1
2026-08-30,S03,P105,94,0,41,53,63,2
2026-08-30,S03,P106,0,0,0,0,84,4
2026-08-30,S03,P201,0,0,0,0,83,4
2026-08-30,S03,P202,60,0,60,0,75,4
2026-08-30,S03,P203,152,152,29,123,40,3
2026-08-30,S03,P204,33,0,33,0,89,2
2026-08-30,S03,P205,55,55,11,44,22,4
2026-08-30,S03,P206,74,0,45,29,67,4
2026-08-30,S03,P207,20,0,20,0,83,3
2026-08-30,S03,P301,64,0,40,24,59,1
2026-08-30,S03,P302,77,0,37,40,65,2
2026-08-30,S03,P303,14,0,14,0,86,3
2026-08-30,S03,P304,150,0,39,111,51,2
2026-08-30,S03,P305,107,0,44,63,81,1
2026-08-30,S03,P306,154,0,57,97,75,3
2026-08-30,S03,P330,139,0,44,95,66,1
2026-08-30,S03,P401,32,0,18,14,34,4
2026-08-30,S03,P402,97,97,19,78,33,4
2026-08-30,S03,P403,90,0,20,70,33,1
2026-08-30,S03,P404,32,0,17,15,23,2
2026-08-30,S03,P405,98,74,15,83,27,1
2026-08-30,S03,P406,96,96,20,76,35,3
2026-08-30,S03,P407,25,0,22,3,32,2
2026-08-30,S03,P442,101,0,56,45,72,1
2026-08-30,S03,P501,34,0,10,24,14,2
2026-08-30,S03,P502,22,0,20,2,22,4
2026-08-30,S03,P503,29,0,18,11,24,3
2026-08-30,S03,P504,0,0,0,0,16,4
2026-08-30,S03,P505,23,0,8,15,17,2
2026-08-30,S03,P601,54,46,11,43,18,1
2026-08-30,S03,P602,26,0,10,16,16,1
2026-08-30,S03,P603,7,0,7,0,13,4
2026-08-30,S03,P604,16,0,13,3,24,4
2026-08-30,S03,P605,32,0,12,20,19,4
2026-08-30,S03,P701,30,0,10,20,18,3
2026-08-30,S03,P702,0,0,0,0,17,4
2026-08-30,S03,P703,40,0,13,27,17,4
2026-08-30,S03,P704,29,0,24,5,26,1
2026-08-30,S03,P801,80,0,26,54,41,1
2026-08-30,S03,P802,86,0,31,55,36,3
2026-08-30,S03,P803,6,0,6,0,43,3
2026-08-30,S04,P101,188,188,58,130,95,4
2026-08-30,S04,P102,197,0,113,84,113,3
2026-08-30,S04,P103,18,0,18,0,105,4
2026-08-30,S04,P104,155,0,78,77,114,4
2026-08-30,S04,P105,40,0,40,0,145,3
2026-08-30,S04,P106,269,188,63,206,101,1
2026-08-30,S04,P201,281,0,74,207,96,1
2026-08-30,S04,P202,291,291,115,176,98,4
2026-08-30,S04,P203,256,0,93,163,99,3
2026-08-30,S04,P204,11,0,11,0,110,3
2026-08-30,S04,P205,58,58,16,42,27,4
2026-08-30,S04,P206,46,0,46,0,83,4
2026-08-30,S04,P207,320,0,74,246,114,4
2026-08-30,S04,P301,95,0,41,54,62,3
2026-08-30,S04,P302,163,0,47,116,85,1
2026-08-30,S04,P303,147,0,65,82,90,3
2026-08-30,S04,P304,100,0,75,25,79,2
2026-08-30,S04,P305,123,0,63,60,78,4
2026-08-30,S04,P306,135,0,80,55,127,3
2026-08-30,S04,P330,0,0,0,0,86,4
2026-08-30,S04,P401,77,0,34,43,73,1
2026-08-30,S04,P402,124,0,43,81,64,1
2026-08-30,S04,P403,106,0,34,72,44,1
2026-08-30,S04,P404,131,0,55,76,56,3
2026-08-30,S04,P405,30,0,23,7,53,2
2026-08-30,S04,P406,84,0,46,38,46,2
2026-08-30,S04,P407,81,0,31,50,57,3
2026-08-30,S04,P442,91,0,46,45,64,2
2026-08-30,S04,P501,24,0,19,5,29,2
2026-08-30,S04,P502,37,0,14,23,32,3
2026-08-30,S04,P503,77,0,25,52,34,2
2026-08-30,S04,P504,83,61,15,68,28,1
2026-08-30,S04,P505,92,73,19,73,25,1
2026-08-30,S04,P601,11,0,11,0,38,3
2026-08-30,S04,P602,73,0,20,53,30,1
2026-08-30,S04,P603,26,0,18,4,26,1
2026-08-30,S04,P604,92,77,18,74,25,1
2026-08-30,S04,P605,100,100,24,76,34,4
2026-08-30,S04,P701,126,120,31,95,41,2
2026-08-30,S04,P702,9,0,9,0,31,4
2026-08-30,S04,P703,42,0,38,4,45,3
2026-08-30,S04,P704,75,0,18,57,26,1
2026-08-30,S04,P801,58,0,44,14,64,3
2026-08-30,S04,P802,95,0,29,66,55,3
2026-08-30,S04,P803,89,0,33,56,38,3
2026-08-30,S05,P101,149,0,61,88,92,3
2026-08-30,S05,P102,107,0,49,58,72,3
2026-08-30,S05,P103,175,0,48,127,76,2
2026-08-30,S05,P104,175,0,39,136,56,1
2026-08-30,S05,P105,45,0,45,0,63,4
2026-08-30,S05,P106,143,0,78,65,69,3
2026-08-30,S05,P201,116,116,37,79,51,4
2026-08-30,S05,P202,52,0,40,12,69,3
2026-08-30,S05,P203,114,0,46,68,80,2
2026-08-30,S05,P204,58,0,55,3,60,2
2026-08-30,S05,P205,31,0,14,17,19,4
2026-08-30,S05,P206,122,0,34,88,50,2
2026-08-30,S05,P207,21,0,21,0,55,4
2026-08-30,S05,P301,102,0,39,63,63,2
2026-08-30,S05,P302,92,0,42,50,70,3
2026-08-30,S05,P303,28,0,28,0,73,3
2026-08-30,S05,P304,84,0,34,50,53,3
2026-08-30,S05,P305,97,0,32,65,45,2
2026-08-30,S05,P306,107,0,42,68,64,2
2026-08-30,S05,P330,180,163,46,134,49,1
2026-08-30,S05,P401,46,0,13,33,21,3
2026-08-30,S05,P402,62,0,15,47,30,3
2026-08-30,S05,P403,108,72,25,83,39,1
2026-08-30,S05,P404,32,0,12,20,21,3
2026-08-30,S05,P405,39,0,15,24,21,3
2026-08-30,S05,P406,83,0,17,66,31,1
2026-08-30,S05,P407,99,0,25,74,30,1
2026-08-30,S05,P442,89,0,37,52,53,3
2026-08-30,S05,P501,42,42,10,32,13,4
2026-08-30,S05,P502,7,0,7,0,14,3
2026-08-30,S05,P503,35,35,7,28,11,3
2026-08-30,S05,P504,48,0,13,35,24,1
2026-08-30,S05,P505,9,0,9,0,17,2
2026-08-30,S05,P601,16,0,7,9,13,2
2026-08-30,S05,P602,10,0,9,1,15,4
2026-08-30,S05,P603,34,0,13,21,19,1
2026-08-30,S05,P604,34,0,9,25,15,3
2026-08-30,S05,P605,21,0,5,16,11,2
2026-08-30,S05,P701,22,0,18,4,18,1
2026-08-30,S05,P702,26,0,19,7,25,1
2026-08-30,S05,P703,37,0,13,24,21,1
2026-08-30,S05,P704,56,0,16,40,25,1
2026-08-30,S05,P801,53,0,22,31,44,3
2026-08-30,S05,P802,57,0,21,36,32,3
2026-08-30,S05,P803,48,0,26,22,46,1
2026-08-30,S06,P101,6,0,6,0,86,4
2026-08-30,S06,P102,316,232,69,247,101,1
2026-08-30,S06,P103,265,0,80,185,142,2
2026-08-30,S06,P104,20,0,20,0,81,4
2026-08-30,S06,P105,325,325,57,268,98,4
2026-08-30,S06,P106,183,0,78,105,117,3
2026-08-30,S06,P201,265,204,43,222,88,1
2026-08-30,S06,P202,51,0,31,20,65,3
2026-08-30,S06,P203,42,0,42,0,60,2
2026-08-30,S06,P204,221,207,49,172,108,2
2026-08-30,S06,P205,2,0,2,0,29,4
2026-08-30,S06,P206,173,0,67,106,87,4
2026-08-30,S06,P207,72,0,55,17,73,3
2026-08-30,S06,P301,299,0,45,254,96,1
2026-08-30,S06,P302,84,0,48,36,76,1
2026-08-30,S06,P303,114,0,59,55,81,3
2026-08-30,S06,P304,167,0,49,118,72,2
2026-08-30,S06,P305,177,0,63,114,90,1
2026-08-30,S06,P306,101,0,42,59,82,3
2026-08-30,S06,P330,60,0,60,0,85,2
2026-08-30,S06,P401,119,87,28,91,48,1
2026-08-30,S06,P402,16,0,16,0,34,2
2026-08-30,S06,P403,35,0,25,10,42,2
2026-08-30,S06,P404,100,0,31,69,51,3
2026-08-30,S06,P405,126,0,38,88,60,4
2026-08-30,S06,P406,73,0,25,48,34,3
2026-08-30,S06,P407,66,0,19,47,41,3
2026-08-30,S06,P442,92,0,68,24,88,2
2026-08-30,S06,P501,28,0,15,13,25,3
2026-08-30,S06,P502,26,0,21,5,38,2
2026-08-30,S06,P503,41,0,22,19,34,2
2026-08-30,S06,P504,26,0,11,15,20,3
2026-08-30,S06,P505,0,0,0,0,27,3
2026-08-30,S06,P601,65,55,11,54,18,1
2026-08-30,S06,P602,30,0,15,15,33,2
2026-08-30,S06,P603,34,0,13,21,24,3
2026-08-30,S06,P604,26,0,9,17,19,1
2026-08-30,S06,P605,73,0,20,53,31,3
2026-08-30,S06,P701,64,53,16,48,20,1
2026-08-30,S06,P702,37,0,20,17,37,3
2026-08-30,S06,P703,77,0,22,55,32,1
2026-08-30,S06,P704,46,0,15,31,29,2
2026-08-30,S06,P801,73,0,33,40,53,1
2026-08-30,S06,P802,139,0,52,87,76,1
2026-08-30,S06,P803,0,0,0,0,53,4
2026-08-31,S01,P101,44,0,44,0,121,3
2026-08-31,S01,P102,126,0,44,82,98,2
2026-08-31,S01,P103,194,0,60,134,164,4
2026-08-31,S01,P104,75,0,47,28,143,3
2026-08-31,S01,P105,336,336,61,275,124,4
2026-08-31,S01,P106,64,0,40,24,126,3
2026-08-31,S01,P201,88,0,33,55,89,3
2026-08-31,S01,P202,236,0,34,202,150,1
2026-08-31,S01,P203,242,0,61,181,159,3
2026-08-31,S01,P204,253,0,43,210,117,3
2026-08-31,S01,P205,47,0,9,38,27,1
2026-08-31,S01,P206,137,0,30,107,92,3
2026-08-31,S01,P207,51,0,51,0,111,3
2026-08-31,S01,P301,299,0,61,238,139,2
2026-08-31,S01,P302,150,0,55,95,106,2
2026-08-31,S01,P303,333,333,45,288,109,3
2026-08-31,S01,P304,141,0,35,106,74,3
2026-08-31,S01,P305,192,192,34,158,76,2
2026-08-31,S01,P306,97,0,24,73,83,1
2026-08-31,S01,P330,0,0,0,0,93,4
2026-08-31,S01,P401,82,0,18,64,71,2
2026-08-31,S01,P402,88,81,17,71,46,2
2026-08-31,S01,P403,145,145,24,121,46,3
2026-08-31,S01,P404,80,0,19,61,61,4
2026-08-31,S01,P405,113,0,15,98,43,4
2026-08-31,S01,P406,143,143,32,111,71,4
2026-08-31,S01,P407,58,0,20,38,55,1
2026-08-31,S01,P442,276,0,50,226,132,3
2026-08-31,S01,P501,128,128,22,104,41,3
2026-08-31,S01,P502,31,0,13,18,28,1
2026-08-31,S01,P503,121,0,12,109,40,1
2026-08-31,S01,P504,31,0,11,20,30,3
2026-08-31,S01,P505,6,0,6,0,37,4
2026-08-31,S01,P601,31,0,8,23,32,2
2026-08-31,S01,P602,15,0,15,0,37,2
2026-08-31,S01,P603,68,68,12,56,36,4
2026-08-31,S01,P604,23,0,10,13,23,2
2026-08-31,S01,P605,118,95,14,104,33,1
2026-08-31,S01,P701,78,69,14,64,36,2
2026-08-31,S01,P702,130,130,17,113,53,4
2026-08-31,S01,P703,95,0,31,64,47,1
2026-08-31,S01,P704,33,0,14,19,33,3
2026-08-31,S01,P801,32,0,29,3,60,4
2026-08-31,S01,P802,54,0,28,26,90,2
2026-08-31,S01,P803,138,0,22,116,59,2
2026-08-31,S02,P101,0,0,0,0,333,3
2026-08-31,S02,P102,1048,0,160,888,347,1
2026-08-31,S02,P103,524,0,116,408,334,1
2026-08-31,S02,P104,1027,838,139,888,268,1
2026-08-31,S02,P105,287,0,132,155,300,3
2026-08-31,S02,P106,701,0,192,509,294,2
2026-08-31,S02,P201,978,713,134,844,283,1
2026-08-31,S02,P202,453,0,118,335,316,1
2026-08-31,S02,P203,419,0,134,285,255,1
2026-08-31,S02,P204,587,587,94,493,215,4
2026-08-31,S02,P205,264,253,44,220,116,2
2026-08-31,S02,P206,21,0,21,0,196,3
2026-08-31,S02,P207,754,643,148,606,307,1
2026-08-31,S02,P301,495,0,105,390,177,1
2026-08-31,S02,P302,421,0,125,296,326,2
2026-08-31,S02,P303,311,0,93,218,224,1
2026-08-31,S02,P304,496,0,132,364,325,1
2026-08-31,S02,P305,79,0,79,0,329,4
2026-08-31,S02,P306,0,0,0,0,214,4
2026-08-31,S02,P330,0,0,0,0,277,3
2026-08-31,S02,P401,167,0,60,105,111,3
2026-08-31,S02,P402,161,0,35,126,103,2
2026-08-31,S02,P403,16,0,16,0,114,4
2026-08-31,S02,P404,157,0,50,107,136,3
2026-08-31,S02,P405,11,0,11,0,164,3
2026-08-31,S02,P406,13,0,13,0,151,4
2026-08-31,S02,P407,177,0,76,101,189,2
2026-08-31,S02,P442,438,0,111,327,238,2
2026-08-31,S02,P501,94,0,38,56,80,4
2026-08-31,S02,P502,210,210,58,152,126,4
2026-08-31,S02,P503,164,0,35,129,106,3
2026-08-31,S02,P504,209,0,26,183,72,1
2026-08-31,S02,P505,172,0,34,138,73,4
2026-08-31,S02,P601,194,0,21,173,61,1
2026-08-31,S02,P602,204,0,41,163,99,1
2026-08-31,S02,P603,249,0,44,205,77,1
2026-08-31,S02,P604,0,0,0,0,84,4
2026-08-31,S02,P605,180,180,17,163,56,3
2026-08-31,S02,P701,87,0,46,41,101,2
2026-08-31,S02,P702,75,0,54,21,82,2
2026-08-31,S02,P703,196,0,32,164,78,2
2026-08-31,S02,P704,83,0,34,49,80,1
2026-08-31,S02,P801,163,0,52,111,134,3
2026-08-31,S02,P802,136,0,43,93,129,3
2026-08-31,S02,P803,240,0,88,152,194,2
2026-08-31,S03,P101,165,165,35,130,68,2
2026-08-31,S03,P102,127,0,49,78,93,2
2026-08-31,S03,P103,100,0,27,73,83,4
2026-08-31,S03,P104,65,0,35,30,63,1
2026-08-31,S03,P105,53,0,22,31,63,2
2026-08-31,S03,P106,171,171,34,137,84,4
2026-08-31,S03,P201,167,167,32,135,83,4
2026-08-31,S03,P202,0,0,0,0,75,4
2026-08-31,S03,P203,123,0,25,98,40,3
2026-08-31,S03,P204,199,199,37,162,89,2
2026-08-31,S03,P205,44,0,9,35,22,4
2026-08-31,S03,P206,29,0,29,0,67,4
2026-08-31,S03,P207,205,205,41,164,83,3
2026-08-31,S03,P301,168,144,17,151,59,1
2026-08-31,S03,P302,40,0,20,20,65,2
2026-08-31,S03,P303,150,150,38,112,86,3
2026-08-31,S03,P304,111,0,20,91,51,2
2026-08-31,S03,P305,245,182,26,219,81,1
2026-08-31,S03,P306,97,0,27,70,75,3
2026-08-31,S03,P330,95,0,40,55,66,1
2026-08-31,S03,P401,14,0,13,1,34,4
2026-08-31,S03,P402,78,0,12,66,33,4
2026-08-31,S03,P403,70,0,11,59,33,1
2026-08-31,S03,P404,15,0,7,8,23,2
2026-08-31,S03,P405,83,0,9,74,27,1
2026-08-31,S03,P406,76,0,18,58,35,3
2026-08-31,S03,P407,93,90,16,77,32,2
2026-08-31,S03,P442,218,173,26,192,72,1
2026-08-31,S03,P501,24,0,5,19,14,2
2026-08-31,S03,P502,2,0,2,0,22,4
2026-08-31,S03,P503,11,0,10,1,24,3
2026-08-31,S03,P504,53,53,7,46,16,4
2026-08-31,S03,P505,15,0,5,10,17,2
2026-08-31,S03,P601,43,0,8,35,18,1
2026-08-31,S03,P602,16,0,7,9,16,1
2026-08-31,S03,P603,0,0,0,0,13,4
2026-08-31,S03,P604,3,0,3,0,24,4
2026-08-31,S03,P605,20,0,10,10,19,4
2026-08-31,S03,P701,20,0,8,12,18,3
2026-08-31,S03,P702,45,45,9,36,17,4
2026-08-31,S03,P703,27,0,9,18,17,4
2026-08-31,S03,P704,58,53,10,48,26,1
2026-08-31,S03,P801,54,0,18,36,41,1
2026-08-31,S03,P802,55,0,11,42,36,3
2026-08-31,S03,P803,118,118,14,104,43,3
2026-08-31,S04,P101,130,0,36,94,95,4
2026-08-31,S04,P102,84,0,51,33,113,3
2026-08-31,S04,P103,0,0,0,0,105,4
2026-08-31,S04,P104,77,0,41,36,114,4
2026-08-31,S04,P105,245,245,49,196,145,3
2026-08-31,S04,P106,206,0,37,169,101,1
2026-08-31,S04,P201,207,0,37,170,96,1
2026-08-31,S04,P202,176,0,32,144,98,4
2026-08-31,S04,P203,163,0,47,116,99,3
2026-08-31,S04,P204,307,307,35,272,110,3
2026-08-31,S04,P205,42,0,10,32,27,4
2026-08-31,S04,P206,0,0,0,0,83,4
2026-08-31,S04,P207,246,0,54,192,114,4
2026-08-31,S04,P301,54,0,22,32,62,3
2026-08-31,S04,P302,116,0,31,85,85,1
2026-08-31,S04,P303,82,0,37,45,90,3
2026-08-31,S04,P304,25,0,25,0,79,2
2026-08-31,S04,P305,60,0,38,22,78,4
2026-08-31,S04,P306,55,0,55,0,127,3
2026-08-31,S04,P330,225,225,24,201,86,4
2026-08-31,S04,P401,165,122,23,142,73,1
2026-08-31,S04,P402,81,0,22,59,64,1
2026-08-31,S04,P403,72,0,20,52,44,1
2026-08-31,S04,P404,76,0,18,58,56,3
2026-08-31,S04,P405,170,163,25,145,53,2
2026-08-31,S04,P406,38,0,18,20,46,2
2026-08-31,S04,P407,50,0,13,37,57,3
2026-08-31,S04,P442,45,0,27,18,64,2
2026-08-31,S04,P501,88,83,14,74,29,2
2026-08-31,S04,P502,23,0,7,16,32,3
2026-08-31,S04,P503,52,0,7,45,34,2
2026-08-31,S04,P504,68,0,12,56,28,1
2026-08-31,S04,P505,73,0,10,63,25,1
2026-08-31,S04,P601,80,80,15,65,38,3
2026-08-31,S04,P602,53,0,10,43,30,1
2026-08-31,S04,P603,60,52,6,54,26,1
2026-08-31,S04,P604,74,0,11,63,25,1
2026-08-31,S04,P605,76,0,15,61,34,4
2026-08-31,S04,P701,95,0,10,85,41,2
2026-08-31,S04,P702,0,0,0,0,31,4
2026-08-31,S04,P703,4,0,4,0,45,3
2026-08-31,S04,P704,57,0,14,43,26,1
2026-08-31,S04,P801,14,0,14,0,64,3
2026-08-31,S04,P802,66,0,19,47,55,3
2026-08-31,S04,P803,56,0,14,42,38,3
2026-08-31,S05,P101,88,0,29,59,92,3
2026-08-31,S05,P102,58,0,28,30,72,3
2026-08-31,S05,P103,127,0,42,85,76,2
2026-08-31,S05,P104,136,0,19,117,56,1
2026-08-31,S05,P105,0,0,0,0,63,4
2026-08-31,S05,P106,65,0,40,25,69,3
2026-08-31,S05,P201,79,0,23,56,51,4
2026-08-31,S05,P202,12,0,12,0,69,3
2026-08-31,S05,P203,68,0,28,40,80,2
2026-08-31,S05,P204,137,134,28,109,60,2
2026-08-31,S05,P205,17,0,9,8,19,4
2026-08-31,S05,P206,88,0,17,71,50,2
2026-08-31,S05,P207,0,0,0,0,55,4
2026-08-31,S05,P301,63,0,26,37,63,2
2026-08-31,S05,P302,50,0,49,1,70,3
2026-08-31,S05,P303,167,167,23,144,73,3
2026-08-31,S05,P304,50,0,26,24,53,3
2026-08-31,S05,P305,65,0,21,44,45,2
2026-08-31,S05,P306,65,0,30,35,64,2
2026-08-31,S05,P330,134,0,21,113,49,1
2026-08-31,S05,P401,33,0,7,26,21,3
2026-08-31,S05,P402,47,0,7,40,30,3
2026-08-31,S05,P403,83,0,11,72,39,1
2026-08-31,S05,P404,20,0,10,10,21,3
2026-08-31,S05,P405,24,0,9,15,21,3
2026-08-31,S05,P406,66,0,11,55,31,1
2026-08-31,S05,P407,74,0,15,59,30,1
2026-08-31,S05,P442,52,0,24,28,53,3
2026-08-31,S05,P501,32,0,6,26,13,4
2026-08-31,S05,P502,0,0,0,0,14,3
2026-08-31,S05,P503,28,0,4,24,11,3
2026-08-31,S05,P504,35,0,8,27,24,1
2026-08-31,S05,P505,41,41,7,34,17,2
2026-08-31,S05,P601,9,0,9,0,13,2
2026-08-31,S05,P602,1,0,1,0,15,4
2026-08-31,S05,P603,21,0,8,13,19,1
2026-08-31,S05,P604,25,0,6,19,15,3
2026-08-31,S05,P605,16,0,5,11,11,2
2026-08-31,S05,P701,64,60,8,56,18,1
2026-08-31,S05,P702,69,62,6,63,25,1
2026-08-31,S05,P703,24,0,12,12,21,1
2026-08-31,S05,P704,40,0,10,30,25,1
2026-08-31,S05,P801,31,0,25,6,44,3
2026-08-31,S05,P802,36,0,11,25,32,3
2026-08-31,S05,P803,157,135,20,137,46,1
2026-08-31,S06,P101,162,162,25,137,86,4
2026-08-31,S06,P102,247,0,52,195,101,1
2026-08-31,S06,P103,185,0,38,147,142,2
2026-08-31,S06,P104,0,0,0,0,81,4
2026-08-31,S06,P105,268,0,45,223,98,4
2026-08-31,S06,P106,105,0,43,62,117,3
2026-08-31,S06,P201,222,0,28,194,88,1
2026-08-31,S06,P202,20,0,20,0,65,3
2026-08-31,S06,P203,137,137,22,115,60,2
2026-08-31,S06,P204,172,0,56,116,108,2
2026-08-31,S06,P205,0,0,0,0,29,4
2026-08-31,S06,P206,106,0,39,67,87,4
2026-08-31,S06,P207,17,0,17,0,73,3
2026-08-31,S06,P301,254,0,20,234,96,1
2026-08-31,S06,P302,205,169,32,173,76,1
2026-08-31,S06,P303,55,0,40,15,81,3
2026-08-31,S06,P304,118,0,27,91,72,2
2026-08-31,S06,P305,114,0,38,76,90,1
2026-08-31,S06,P306,59,0,24,31,82,3
2026-08-31,S06,P330,184,184,40,144,85,2
2026-08-31,S06,P401,91,0,23,68,48,1
2026-08-31,S06,P402,98,98,12,86,34,2
2026-08-31,S06,P403,97,87,18,79,42,2
2026-08-31,S06,P404,69,0,17,52,51,3
2026-08-31,S06,P405,88,0,33,55,60,4
2026-08-31,S06,P406,48,0,17,31,34,3
2026-08-31,S06,P407,47,0,17,30,41,3
2026-08-31,S06,P442,24,0,24,0,88,2
2026-08-31,S06,P501,13,0,13,0,25,3
2026-08-31,S06,P502,77,72,14,63,38,2
2026-08-31,S06,P503,19,0,15,4,34,2
2026-08-31,S06,P504,15,0,9,6,20,3
2026-08-31,S06,P505,63,63,12,51,27,3
2026-08-31,S06,P601,54,0,8,46,18,1
2026-08-31,S06,P602,93,78,11,82,33,2
2026-08-31,S06,P603,21,0,11,10,24,3
2026-08-31,S06,P604,50,33,6,44,19,1
2026-08-31,S06,P605,53,0,13,40,31,3
2026-08-31,S06,P701,48,0,8,40,20,1
2026-08-31,S06,P702,17,0,17,0,37,3
2026-08-31,S06,P703,55,0,10,45,32,1
2026-08-31,S06,P704,31,0,11,20,29,2
2026-08-31,S06,P801,166,126,14,152,53,1
2026-08-31,S06,P802,87,0,18,69,76,1
2026-08-31,S06,P803,169,169,22,147,53,4
2026-09-01,S01,P101,294,294,61,233,121,3
2026-09-01,S01,P102,82,0,43,39,98,2
2026-09-01,S01,P103,134,0,79,55,164,4
2026-09-01,S01,P104,28,0,28,0,143,3
2026-09-01,S01,P105,275,0,67,211,124,4
2026-09-01,S01,P106,24,0,24,0,126,3
2026-09-01,S01,P201,55,0,42,13,89,3
2026-09-01,S01,P202,202,0,84,118,150,1
2026-09-01,S01,P203,181,0,69,112,159,3
2026-09-01,S01,P204,210,0,70,140,117,3
2026-09-01,S01,P205,38,0,18,20,27,1
2026-09-01,S01,P206,107,0,40,67,92,3
2026-09-01,S01,P207,0,0,0,0,111,3
2026-09-01,S01,P301,238,0,74,164,139,2
2026-09-01,S01,P302,95,0,47,48,106,2
2026-09-01,S01,P303,288,0,47,241,109,3
2026-09-01,S01,P304,106,0,45,61,74,3
2026-09-01,S01,P305,158,0,46,112,76,2
2026-09-01,S01,P306,224,151,32,192,83,1
2026-09-01,S01,P330,0,0,0,0,93,4
2026-09-01,S01,P401,64,0,42,22,71,2
2026-09-01,S01,P402,71,0,23,48,46,2
2026-09-01,S01,P403,121,0,22,99,46,3
2026-09-01,S01,P404,61,0,28,33,61,4
2026-09-01,S01,P405,98,0,21,77,43,4
2026-09-01,S01,P406,111,0,26,85,71,4
2026-09-01,S01,P407,188,150,25,163,55,1
2026-09-01,S01,P442,226,0,64,162,132,3
2026-09-01,S01,P501,106,0,20,86,41,3
2026-09-01,S01,P502,73,55,14,59,28,1
2026-09-01,S01,P503,109,0,23,86,40,1
2026-09-01,S01,P504,20,0,19,1,30,3
2026-09-01,S01,P505,0,0,0,0,37,4
2026-09-01,S01,P601,88,65,14,74,32,2
2026-09-01,S01,P602,103,103,16,87,37,2
2026-09-01,S01,P603,56,0,20,36,36,4
2026-09-01,S01,P604,13,0,13,0,23,2
2026-09-01,S01,P605,104,0,25,79,33,1
2026-09-01,S01,P701,64,0,19,45,36,2
2026-09-01,S01,P702,113,0,18,95,53,4
2026-09-01,S01,P703,64,0,25,39,47,1
2026-09-01,S01,P704,19,0,11,8,33,3
2026-09-01,S01,P801,3,0,3,0,60,4
2026-09-01,S01,P802,263,237,31,232,90,2
2026-09-01,S01,P803,116,0,42,74,59,2
2026-09-01,S02,P101,935,935,168,767,333,3
2026-09-01,S02,P102,888,0,229,659,347,1
2026-09-01,S02,P103,408,0,143,265,334,1
2026-09-01,S02,P104,888,0,153,735,268,1
2026-09-01,S02,P105,155,0,155,0,300,3
2026-09-01,S02,P106,509,0,150,359,294,2
2026-09-01,S02,P201,844,0,152,692,283,1
2026-09-01,S02,P202,335,0,192,143,316,1
2026-09-01,S02,P203,285,0,148,137,255,1
2026-09-01,S02,P204,493,0,108,385,215,4
2026-09-01,S02,P205,220,0,40,180,116,2
2026-09-01,S02,P206,679,679,149,530,196,3
2026-09-01,S02,P207,606,0,142,464,307,1
2026-09-01,S02,P301,390,0,118,272,177,1
2026-09-01,S02,P302,296,0,156,140,326,2
2026-09-01,S02,P303,803,585,110,693,224,1
2026-09-01,S02,P304,364,0,226,138,325,1
2026-09-01,S02,P305,0,0,0,0,329,4
2026-09-01,S02,P306,474,474,126,348,214,4
2026-09-01,S02,P330,841,841,215,626,277,3
2026-09-01,S02,P401,107,0,59,48,111,3
2026-09-01,S02,P402,126,0,36,90,103,2
2026-09-01,S02,P403,0,0,0,0,114,4
2026-09-01,S02,P404,107,0,56,51,136,3
2026-09-01,S02,P405,400,400,89,311,164,3
2026-09-01,S02,P406,0,0,0,0,151,4
2026-09-01,S02,P407,482,381,84,398,189,2
2026-09-01,S02,P442,327,0,172,155,238,2
2026-09-01,S02,P501,56,0,40,16,80,4
2026-09-01,S02,P502,152,0,54,98,126,4
2026-09-01,S02,P503,129,0,46,83,106,3
2026-09-01,S02,P504,183,0,26,157,72,1
2026-09-01,S02,P505,138,0,30,108,73,4
2026-09-01,S02,P601,173,0,32,141,61,1
2026-09-01,S02,P602,163,0,40,123,99,1
2026-09-01,S02,P603,205,0,36,169,77,1
2026-09-01,S02,P604,0,0,0,0,84,4
2026-09-01,S02,P605,163,0,21,142,56,3
2026-09-01,S02,P701,233,192,58,175,101,2
2026-09-01,S02,P702,287,266,61,226,82,2
2026-09-01,S02,P703,164,0,42,122,78,2
2026-09-01,S02,P704,342,293,69,273,80,1
2026-09-01,S02,P801,111,0,58,53,134,3
2026-09-01,S02,P802,93,0,71,22,129,3
2026-09-01,S02,P803,152,0,81,71,194,2
2026-09-01,S03,P101,130,0,31,99,68,2
2026-09-01,S03,P102,78,0,42,36,93,2
2026-09-01,S03,P103,73,0,56,17,83,4
2026-09-01,S03,P104,179,149,29,150,63,1
2026-09-01,S03,P105,212,181,31,181,63,2
2026-09-01,S03,P106,137,0,39,98,84,4
2026-09-01,S03,P201,135,0,41,94,83,4
2026-09-01,S03,P202,0,0,0,0,75,4
2026-09-01,S03,P203,98,0,21,77,40,3
2026-09-01,S03,P204,162,0,34,128,89,2
2026-09-01,S03,P205,35,0,6,29,22,4
2026-09-01,S03,P206,0,0,0,0,67,4
2026-09-01,S03,P207,164,0,28,136,83,3
2026-09-01,S03,P301,151,0,26,125,59,1
2026-09-01,S03,P302,163,143,32,131,65,2
2026-09-01,S03,P303,112,0,48,64,86,3
2026-09-01,S03,P304,91,0,24,67,51,2
2026-09-01,S03,P305,219,0,37,182,81,1
2026-09-01,S03,P306,70,0,29,41,75,3
2026-09-01,S03,P330,226,171,33,193,66,1
2026-09-01,S03,P401,1,0,1,0,34,4
2026-09-01,S03,P402,66,0,16,50,33,4
2026-09-01,S03,P403,59,0,12,47,33,1
2026-09-01,S03,P404,90,82,15,75,23,2
2026-09-01,S03,P405,74,0,8,66,27,1
2026-09-01,S03,P406,58,0,14,44,35,3
2026-09-01,S03,P407,77,0,13,64,32,2
2026-09-01,S03,P442,192,0,25,167,72,1
2026-09-01,S03,P501,19,0,6,13,14,2
2026-09-01,S03,P502,0,0,0,0,22,4
2026-09-01,S03,P503,1,0,1,0,24,3
2026-09-01,S03,P504,46,0,6,40,16,4
2026-09-01,S03,P505,53,43,9,44,17,2
2026-09-01,S03,P601,35,0,7,28,18,1
2026-09-01,S03,P602,57,48,6,51,16,1
2026-09-01,S03,P603,0,0,0,0,13,4
2026-09-01,S03,P604,0,0,0,0,24,4
2026-09-01,S03,P605,10,0,9,0,19,4
2026-09-01,S03,P701,12,0,9,3,18,3
2026-09-01,S03,P702,36,0,11,25,17,4
2026-09-01,S03,P703,18,0,8,10,17,4
2026-09-01,S03,P704,48,0,17,31,26,1
2026-09-01,S03,P801,138,102,17,121,41,1
2026-09-01,S03,P802,44,0,25,19,36,3
2026-09-01,S03,P803,104,0,15,87,43,3
2026-09-01,S04,P101,94,0,44,50,95,4
2026-09-01,S04,P102,33,0,33,0,113,3
2026-09-01,S04,P103,279,279,42,237,105,4
2026-09-01,S04,P104,36,0,36,0,114,4
2026-09-01,S04,P105,196,0,57,139,145,3
2026-09-01,S04,P106,169,0,41,128,101,1
2026-09-01,S04,P201,170,0,36,134,96,1
2026-09-01,S04,P202,144,0,62,82,98,4
2026-09-01,S04,P203,116,0,60,56,99,3
2026-09-01,S04,P204,272,0,65,207,110,3
2026-09-01,S04,P205,32,0,22,10,27,4
2026-09-01,S04,P206,0,0,0,0,83,4
2026-09-01,S04,P207,192,0,71,121,114,4
2026-09-01,S04,P301,32,0,32,0,62,3
2026-09-01,S04,P302,85,0,39,46,85,1
2026-09-01,S04,P303,45,0,45,0,90,3
2026-09-01,S04,P304,197,197,41,156,79,2
2026-09-01,S04,P305,22,0,22,0,78,4
2026-09-01,S04,P306,0,0,0,0,127,3
2026-09-01,S04,P330,201,0,43,158,86,4
2026-09-01,S04,P401,142,0,41,101,73,1
2026-09-01,S04,P402,245,186,36,209,64,1
2026-09-01,S04,P403,52,0,19,33,44,1
2026-09-01,S04,P404,58,0,25,33,56,3
2026-09-01,S04,P405,145,0,27,118,53,2
2026-09-01,S04,P406,146,126,21,125,46,2
2026-09-01,S04,P407,37,0,26,11,57,3
2026-09-01,S04,P442,173,155,30,143,64,2
2026-09-01,S04,P501,74,0,12,62,29,2
2026-09-01,S04,P502,16,0,14,2,32,3
2026-09-01,S04,P503,45,0,16,29,34,2
2026-09-01,S04,P504,56,0,14,42,28,1
2026-09-01,S04,P505,63,0,11,52,25,1
2026-09-01,S04,P601,65,0,14,51,38,3
2026-09-01,S04,P602,43,0,14,29,30,1
2026-09-01,S04,P603,54,0,13,41,26,1
2026-09-01,S04,P604,63,0,11,52,25,1
2026-09-01,S04,P605,61,0,20,41,34,4
2026-09-01,S04,P701,85,0,16,69,41,2
2026-09-01,S04,P702,64,64,8,56,31,4
2026-09-01,S04,P703,135,135,25,110,45,3
2026-09-01,S04,P704,43,0,12,31,26,1
2026-09-01,S04,P801,210,210,35,175,64,3
2026-09-01,S04,P802,47,0,21,26,55,3
2026-09-01,S04,P803,42,0,25,17,38,3
2026-09-01,S05,P101,59,0,27,32,92,3
2026-09-01,S05,P102,30,0,30,0,72,3
2026-09-01,S05,P103,85,0,33,52,76,2
2026-09-01,S05,P104,117,0,29,88,56,1
2026-09-01,S05,P105,0,0,0,0,63,4
2026-09-01,S05,P106,25,0,25,0,69,3
2026-09-01,S05,P201,56,0,23,33,51,4
2026-09-01,S05,P202,175,175,31,144,69,3
2026-09-01,S05,P203,218,178,43,175,80,2
2026-09-01,S05,P204,109,0,26,83,60,2
2026-09-01,S05,P205,8,0,8,0,19,4
2026-09-01,S05,P206,71,0,33,38,50,2
2026-09-01,S05,P207,0,0,0,0,55,4
2026-09-01,S05,P301,37,0,22,18,63,2
2026-09-01,S05,P302,1,0,1,0,70,3
2026-09-01,S05,P303,144,0,29,115,73,3
2026-09-01,S05,P304,24,0,24,0,53,3
2026-09-01,S05,P305,44,0,17,27,45,2
2026-09-01,S05,P306,35,0,35,0,64,2
2026-09-01,S05,P330,113,0,18,95,49,1
2026-09-01,S05,P401,26,0,10,16,21,3
2026-09-01,S05,P402,40,0,13,27,30,3
2026-09-01,S05,P403,72,0,15,57,39,1
2026-09-01,S05,P404,10,0,10,0,21,3
2026-09-01,S05,P405,15,0,10,5,21,3
2026-09-01,S05,P406,55,0,13,42,31,1
2026-09-01,S05,P407,59,0,19,40,30,1
2026-09-01,S05,P442,28,0,24,4,53,3
2026-09-01,S05,P501,26,0,8,18,13,4
2026-09-01,S05,P502,46,46,8,38,14,3
2026-09-01,S05,P503,24,0,7,17,11,3
2026-09-01,S05,P504,27,0,9,18,24,1
2026-09-01,S05,P505,34,0,6,28,17,2
2026-09-01,S05,P601,43,43,8,35,13,2
2026-09-01,S05,P602,0,0,0,0,15,4
2026-09-01,S05,P603,51,38,12,39,19,1
2026-09-01,S05,P604,19,0,6,13,15,3
2026-09-01,S05,P605,11,0,4,7,11,2
2026-09-01,S05,P701,56,0,9,47,18,1
2026-09-01,S05,P702,63,0,11,52,25,1
2026-09-01,S05,P703,81,69,11,70,21,1
2026-09-01,S05,P704,30,0,10,20,25,1
2026-09-01,S05,P801,6,0,6,0,44,3
2026-09-01,S05,P802,25,0,15,10,32,3
2026-09-01,S05,P803,137,0,23,114,46,1
2026-09-01,S06,P101,137,0,27,110,86,4
2026-09-01,S06,P102,195,0,49,146,101,1
2026-09-01,S06,P103,147,0,59,88,142,2
2026-09-01,S06,P104,247,247,43,204,81,4
2026-09-01,S06,P105,223,0,54,169,98,4
2026-09-01,S06,P106,62,0,48,14,117,3
2026-09-01,S06,P201,194,0,35,159,88,1
2026-09-01,S06,P202,114,114,29,85,65,3
2026-09-01,S06,P203,115,0,33,82,60,2
2026-09-01,S06,P204,116,0,48,68,108,2
2026-09-01,S06,P205,92,92,15,77,29,4
2026-09-01,S06,P206,67,0,50,17,87,4
2026-09-01,S06,P207,148,148,33,115,73,3
2026-09-01,S06,P301,234,0,35,199,96,1
2026-09-01,S06,P302,173,0,32,141,76,1
2026-09-01,S06,P303,15,0,15,0,81,3
2026-09-01,S06,P304,91,0,32,59,72,2
2026-09-01,S06,P305,335,259,44,291,90,1
2026-09-01,S06,P306,35,0,35,0,82,3
2026-09-01,S06,P330,144,0,32,112,85,2
2026-09-01,S06,P401,68,0,16,52,48,1
2026-09-01,S06,P402,86,0,20,66,34,2
2026-09-01,S06,P403,79,0,24,55,42,2
2026-09-01,S06,P404,52,0,30,22,51,3
2026-09-01,S06,P405,55,0,29,26,60,4
2026-09-01,S06,P406,31,0,24,7,34,3
2026-09-01,S06,P407,30,0,12,18,41,3
2026-09-01,S06,P442,200,200,62,138,88,2
2026-09-01,S06,P501,0,0,0,0,25,3
2026-09-01,S06,P502,63,0,16,47,38,2
2026-09-01,S06,P503,73,69,14,59,34,2
2026-09-01,S06,P504,6,0,6,0,20,3
2026-09-01,S06,P505,51,0,12,39,27,3
2026-09-01,S06,P601,46,0,7,39,18,1
2026-09-01,S06,P602,82,0,10,72,33,2
2026-09-01,S06,P603,10,0,9,1,24,3
2026-09-01,S06,P604,44,0,10,34,19,1
2026-09-01,S06,P605,40,0,15,25,31,3
2026-09-01,S06,P701,40,0,10,30,20,1
2026-09-01,S06,P702,0,0,0,0,37,3
2026-09-01,S06,P703,45,0,21,24,32,1
2026-09-01,S06,P704,20,0,13,7,29,2
2026-09-01,S06,P801,152,0,14,138,53,1
2026-09-01,S06,P802,249,180,29,220,76,1
2026-09-01,S06,P803,147,0,22,125,53,4
2026-09-02,S01,P101,233,0,78,155,121,3
2026-09-02,S01,P102,387,348,94,293,98,2
2026-09-02,S01,P103,55,0,55,0,164,4
2026-09-02,S01,P104,290,290,87,203,143,3
2026-09-02,S01,P105,208,0,125,83,124,4
2026-09-02,S01,P106,367,367,110,257,126,3
2026-09-02,S01,P201,189,176,74,115,89,3
2026-09-02,S01,P202,383,265,104,279,150,1
2026-09-02,S01,P203,112,0,112,0,159,3
2026-09-02,S01,P204,140,0,93,47,117,3
2026-09-02,S01,P205,77,57,18,59,27,1
2026-09-02,S01,P206,67,0,60,7,92,3
2026-09-02,S01,P207,337,337,85,252,111,3
2026-09-02,S01,P301,164,0,58,106,139,2
2026-09-02,S01,P302,417,369,66,351,106,2
2026-09-02,S01,P303,241,0,84,157,109,3
2026-09-02,S01,P304,61,0,61,0,74,3
2026-09-02,S01,P305,112,0,61,51,76,2
2026-09-02,S01,P306,192,0,52,140,83,1
2026-09-02,S01,P330,210,210,45,165,93,4
2026-09-02,S01,P401,225,203,56,169,71,2
2026-09-02,S01,P402,48,0,26,22,46,2
2026-09-02,S01,P403,99,0,50,49,46,3
2026-09-02,S01,P404,33,0,33,0,61,4
2026-09-02,S01,P405,77,0,35,42,43,4
2026-09-02,S01,P406,85,0,45,40,71,4
2026-09-02,S01,P407,163,0,40,123,55,1
2026-09-02,S01,P442,162,0,85,77,132,3
2026-09-02,S01,P501,86,0,35,51,41,3
2026-09-02,S01,P502,59,0,16,43,28,1
2026-09-02,S01,P503,86,0,26,60,40,1
2026-09-02,S01,P504,1,0,1,0,30,3
2026-09-02,S01,P505,104,104,29,75,37,4
2026-09-02,S01,P601,74,0,28,46,32,2
2026-09-02,S01,P602,87,0,19,68,37,2
2026-09-02,S01,P603,36,0,20,16,36,4
2026-09-02,S01,P604,59,59,19,40,23,2
2026-09-02,S01,P605,79,0,23,56,33,1
2026-09-02,S01,P701,45,0,17,28,36,2
2026-09-02,S01,P702,95,0,41,54,53,4
2026-09-02,S01,P703,144,105,34,110,47,1
2026-09-02,S01,P704,8,0,8,0,33,3
2026-09-02,S01,P801,0,0,0,0,60,4
2026-09-02,S01,P802,232,0,69,163,90,2
2026-09-02,S01,P803,74,0,57,17,59,2
2026-09-02,S02,P101,767,0,427,340,333,3
2026-09-02,S02,P102,659,0,272,387,347,1
2026-09-02,S02,P103,996,731,174,822,334,1
2026-09-02,S02,P104,735,0,174,561,268,1
2026-09-02,S02,P105,615,615,263,352,300,3
2026-09-02,S02,P106,359,0,232,127,294,2
2026-09-02,S02,P201,692,0,222,470,283,1
2026-09-02,S02,P202,781,638,207,574,316,1
2026-09-02,S02,P203,972,835,212,760,255,1
2026-09-02,S02,P204,385,0,144,241,215,4
2026-09-02,S02,P205,180,0,68,112,116,2
2026-09-02,S02,P206,530,0,164,366,196,3
2026-09-02,S02,P207,464,0,188,276,307,1
2026-09-02,S02,P301,272,0,153,119,177,1
2026-09-02,S02,P302,748,608,289,459,326,2
2026-09-02,S02,P303,693,0,131,562,224,1
2026-09-02,S02,P304,791,653,189,602,325,1
2026-09-02,S02,P305,609,609,229,380,329,4
2026-09-02,S02,P306,348,0,188,160,214,4
2026-09-02,S02,P330,626,0,265,361,277,3
2026-09-02,S02,P401,48,0,48,0,111,3
2026-09-02,S02,P402,90,0,68,22,103,2
2026-09-02,S02,P403,246,246,83,163,114,4
2026-09-02,S02,P404,51,0,51,0,136,3
2026-09-02,S02,P405,311,0,115,196,164,3
2026-09-02,S02,P406,449,449,112,337,151,4
2026-09-02,S02,P407,398,0,103,295,189,2
2026-09-02,S02,P442,155,0,155,0,238,2
2026-09-02,S02,P501,16,0,16,0,80,4
2026-09-02,S02,P502,98,0,86,12,126,4
2026-09-02,S02,P503,83,0,75,8,106,3
2026-09-02,S02,P504,157,0,45,112,72,1
2026-09-02,S02,P505,108,0,58,50,73,4
2026-09-02,S02,P601,141,0,57,84,61,1
2026-09-02,S02,P602,123,0,66,57,99,1
2026-09-02,S02,P603,169,0,85,84,77,1
2026-09-02,S02,P604,200,200,75,125,84,4
2026-09-02,S02,P605,142,0,35,107,56,3
2026-09-02,S02,P701,175,0,62,113,101,2
2026-09-02,S02,P702,226,0,57,169,82,2
2026-09-02,S02,P703,122,0,53,69,78,2
2026-09-02,S02,P704,273,0,79,194,80,1
2026-09-02,S02,P801,53,0,53,0,134,3
2026-09-02,S02,P802,22,0,22,0,129,3
2026-09-02,S02,P803,584,513,137,447,194,2
2026-09-02,S03,P101,99,0,54,45,68,2
2026-09-02,S03,P102,248,212,54,194,93,2
2026-09-02,S03,P103,17,0,17,0,83,4
2026-09-02,S03,P104,150,0,42,108,63,1
2026-09-02,S03,P105,181,0,54,127,63,2
2026-09-02,S03,P106,98,0,44,54,84,4
2026-09-02,S03,P201,94,0,64,30,83,4
2026-09-02,S03,P202,140,140,66,74,75,4
2026-09-02,S03,P203,77,0,47,30,40,3
2026-09-02,S03,P204,128,0,96,32,89,2
2026-09-02,S03,P205,29,0,8,21,22,4
2026-09-02,S03,P206,0,0,0,0,67,4
2026-09-02,S03,P207,136,0,69,67,83,3
2026-09-02,S03,P301,125,0,44,77,59,1
2026-09-02,S03,P302,131,0,42,89,65,2
2026-09-02,S03,P303,64,0,64,0,86,3
2026-09-02,S03,P304,67,0,38,29,51,2
2026-09-02,S03,P305,182,0,58,124,81,1
2026-09-02,S03,P306,41,0,41,0,75,3
2026-09-02,S03,P330,193,0,55,138,66,1
2026-09-02,S03,P401,92,92,17,75,34,4
2026-09-02,S03,P402,50,0,34,16,33,4
2026-09-02,S03,P403,47,0,23,24,33,1
2026-09-02,S03,P404,75,0,17,58,23,2
2026-09-02,S03,P405,66,0,19,47,27,1
2026-09-02,S03,P406,44,0,23,21,35,3
2026-09-02,S03,P407,64,0,26,38,32,2
2026-09-02,S03,P442,167,0,54,113,72,1
2026-09-02,S03,P501,13,0,12,1,14,2
2026-09-02,S03,P502,0,0,0,0,22,4
2026-09-02,S03,P503,65,65,20,45,24,3
2026-09-02,S03,P504,40,0,11,29,16,4
2026-09-02,S03,P505,44,0,12,32,17,2
2026-09-02,S03,P601,28,0,16,12,18,1
2026-09-02,S03,P602,51,0,13,38,16,1
2026-09-02,S03,P603,36,36,13,23,13,4
2026-09-02,S03,P604,55,55,17,38,24,4
2026-09-02,S03,P605,1,0,1,0,19,4
2026-09-02,S03,P701,3,0,3,0,18,3
2026-09-02,S03,P702,25,0,17,8,17,4
2026-09-02,S03,P703,10,0,10,0,17,4
2026-09-02,S03,P704,31,0,22,9,26,1
2026-09-02,S03,P801,121,0,31,90,41,1
2026-09-02,S03,P802,19,0,19,0,36,3
2026-09-02,S03,P803,89,0,40,49,43,3
2026-09-02,S04,P101,50,0,50,0,95,4
2026-09-02,S04,P102,333,333,101,232,113,3
2026-09-02,S04,P103,237,0,78,159,105,4
2026-09-02,S04,P104,0,0,0,0,114,4
2026-09-02,S04,P105,139,0,101,38,145,3
2026-09-02,S04,P106,128,0,85,48,101,1
2026-09-02,S04,P201,134,0,60,74,96,1
2026-09-02,S04,P202,82,0,64,18,98,4
2026-09-02,S04,P203,56,0,56,0,99,3
2026-09-02,S04,P204,207,0,89,118,110,3
2026-09-02,S04,P205,10,0,10,0,27,4
2026-09-02,S04,P206,178,178,59,119,83,4
2026-09-02,S04,P207,121,0,79,42,114,4
2026-09-02,S04,P301,145,145,46,99,62,3
2026-09-02,S04,P302,272,226,48,224,85,1
2026-09-02,S04,P303,274,274,99,175,90,3
2026-09-02,S04,P304,156,0,60,96,79,2
2026-09-02,S04,P305,0,0,0,0,78,4
2026-09-02,S04,P306,310,310,88,222,127,3
2026-09-02,S04,P330,158,0,53,105,86,4
2026-09-02,S04,P401,101,0,41,60,73,1
2026-09-02,S04,P402,209,0,43,166,64,1
2026-09-02,S04,P403,105,72,32,73,44,1
2026-09-02,S04,P404,33,0,33,0,56,3
2026-09-02,S04,P405,118,0,34,84,53,2
2026-09-02,S04,P406,125,0,24,101,46,2
2026-09-02,S04,P407,165,154,43,122,57,3
2026-09-02,S04,P442,143,0,50,93,64,2
2026-09-02,S04,P501,62,0,19,43,29,2
2026-09-02,S04,P502,89,87,20,69,32,3
2026-09-02,S04,P503,29,0,23,6,34,2
2026-09-02,S04,P504,42,0,20,22,28,1
2026-09-02,S04,P505,52,0,18,39,25,1
2026-09-02,S04,P601,51,0,21,30,38,3
2026-09-02,S04,P602,105,76,22,83,30,1
2026-09-02,S04,P603,41,0,15,26,26,1
2026-09-02,S04,P604,52,0,25,27,25,1
2026-09-02,S04,P605,41,0,35,6,34,4
2026-09-02,S04,P701,69,0,23,46,41,2
2026-09-02,S04,P702,56,0,20,36,31,4
2026-09-02,S04,P703,110,0,35,75,45,3
2026-09-02,S04,P704,31,0,16,15,26,1
2026-09-02,S04,P801,175,0,53,122,64,3
2026-09-02,S04,P802,26,0,26,0,55,3
2026-09-02,S04,P803,17,0,17,0,38,3
2026-09-02,S05,P101,287,255,80,207,92,3
2026-09-02,S05,P102,170,170,51,119,72,3
2026-09-02,S05,P103,52,0,52,0,76,2
2026-09-02,S05,P104,88,0,40,48,56,1
2026-09-02,S05,P105,197,197,88,109,63,4
2026-09-02,S05,P106,248,248,72,176,69,3
2026-09-02,S05,P201,33,0,33,0,51,4
2026-09-02,S05,P202,144,0,46,98,69,3
2026-09-02,S05,P203,175,0,77,98,80,2
2026-09-02,S05,P204,83,0,60,23,60,2
2026-09-02,S05,P205,0,0,0,0,19,4
2026-09-02,S05,P206,38,0,38,0,50,2
2026-09-02,S05,P207,131,131,51,80,55,4
2026-09-02,S05,P301,136,121,40,96,63,2
2026-09-02,S05,P302,147,147,54,93,70,3
2026-09-02,S05,P303,115,0,36,79,73,3
2026-09-02,S05,P304,163,163,35,128,53,3
2026-09-02,S05,P305,116,89,34,82,45,2
2026-09-02,S05,P306,153,153,44,109,64,2
2026-09-02,S05,P330,95,0,51,44,49,1
2026-09-02,S05,P401,16,0,16,0,21,3
2026-09-02,S05,P402,27,0,27,0,30,3
2026-09-02,S05,P403,57,0,31,26,39,1
2026-09-02,S05,P404,54,54,16,38,21,3
2026-09-02,S05,P405,5,0,5,0,21,3
2026-09-02,S05,P406,42,0,21,21,31,1
2026-09-02,S05,P407,40,0,29,11,30,1
2026-09-02,S05,P442,106,102,30,76,53,3
2026-09-02,S05,P501,18,0,15,3,13,4
2026-09-02,S05,P502,38,0,9,29,14,3
2026-09-02,S05,P503,17,0,15,2,11,3
2026-09-02,S05,P504,63,45,15,48,24,1
2026-09-02,S05,P505,28,0,10,18,17,2
2026-09-02,S05,P601,35,0,14,21,13,2
2026-09-02,S05,P602,29,29,10,19,15,4
2026-09-02,S05,P603,39,0,11,28,19,1
2026-09-02,S05,P604,13,0,13,0,15,3
2026-09-02,S05,P605,7,0,7,0,11,2
2026-09-02,S05,P701,47,0,19,28,18,1
2026-09-02,S05,P702,52,0,28,24,25,1
2026-09-02,S05,P703,70,0,22,48,21,1
2026-09-02,S05,P704,77,57,21,56,25,1
2026-09-02,S05,P801,125,125,36,89,44,3
2026-09-02,S05,P802,10,0,10,0,32,3
2026-09-02,S05,P803,114,0,41,73,46,1
2026-09-02,S06,P101,110,0,74,36,86,4
2026-09-02,S06,P102,146,0,85,61,101,1
2026-09-02,S06,P103,88,0,88,0,142,2
2026-09-02,S06,P104,204,0,60,144,81,4
2026-09-02,S06,P105,169,0,74,95,98,4
2026-09-02,S06,P106,329,315,84,245,117,3
2026-09-02,S06,P201,159,0,54,105,88,1
2026-09-02,S06,P202,85,0,42,43,65,3
2026-09-02,S06,P203,82,0,55,27,60,2
2026-09-02,S06,P204,68,0,68,0,108,2
2026-09-02,S06,P205,77,0,23,54,29,4
2026-09-02,S06,P206,17,0,17,0,87,4
2026-09-02,S06,P207,115,0,56,59,73,3
2026-09-02,S06,P301,199,0,59,140,96,1
2026-09-02,S06,P302,141,0,56,85,76,1
2026-09-02,S06,P303,268,268,57,211,81,3
2026-09-02,S06,P304,59,0,41,18,72,2
2026-09-02,S06,P305,291,0,60,231,90,1
2026-09-02,S06,P306,262,262,56,206,82,3
2026-09-02,S06,P330,112,0,61,51,85,2
2026-09-02,S06,P401,52,0,51,1,48,1
2026-09-02,S06,P402,66,0,32,34,34,2
2026-09-02,S06,P403,55,0,29,26,42,2
2026-09-02,S06,P404,22,0,22,0,51,3
2026-09-02,S06,P405,26,0,26,0,60,4
2026-09-02,S06,P406,7,0,7,0,34,3
2026-09-02,S06,P407,18,0,18,0,41,3
2026-09-02,S06,P442,138,0,75,63,88,2
2026-09-02,S06,P501,61,61,15,46,25,3
2026-09-02,S06,P502,47,0,29,18,38,2
2026-09-02,S06,P503,59,0,16,43,34,2
2026-09-02,S06,P504,43,43,15,28,20,3
2026-09-02,S06,P505,39,0,24,15,27,3
2026-09-02,S06,P601,39,0,13,24,18,1
2026-09-02,S06,P602,72,0,16,56,33,2
2026-09-02,S06,P603,61,60,15,46,24,3
2026-09-02,S06,P604,34,0,12,22,19,1
2026-09-02,S06,P605,25,0,24,1,31,3
2026-09-02,S06,P701,30,0,14,16,20,1
2026-09-02,S06,P702,78,78,19,59,37,3
2026-09-02,S06,P703,108,84,27,81,32,1
2026-09-02,S06,P704,84,77,20,64,29,2
2026-09-02,S06,P801,138,0,37,101,53,1
2026-09-02,S06,P802,220,0,60,160,76,1
2026-09-02,S06,P803,125,0,40,85,53,4
2026-09-03,S01,P101,155,0,53,102,121,3
2026-09-03,S01,P102,293,0,54,239,98,2
2026-09-03,S01,P103,0,0,0,0,164,4
2026-09-03,S01,P104,203,0,65,138,143,3
2026-09-03,S01,P105,83,0,57,26,124,4
2026-09-03,S01,P106,257,0,58,199,126,3
2026-09-03,S01,P201,115,0,33,82,89,3
2026-09-03,S01,P202,279,0,71,208,150,1
2026-09-03,S01,P203,0,0,0,0,159,3
2026-09-03,S01,P204,47,0,47,0,117,3
2026-09-03,S01,P205,59,0,14,45,27,1
2026-09-03,S01,P206,7,0,7,0,92,3
2026-09-03,S01,P207,252,0,55,197,111,3
2026-09-03,S01,P301,106,0,46,60,139,2
2026-09-03,S01,P302,351,0,66,285,106,2
2026-09-03,S01,P303,157,0,65,92,109,3
2026-09-03,S01,P304,0,0,0,0,74,3
2026-09-03,S01,P305,51,0,46,5,76,2
2026-09-03,S01,P306,140,0,30,110,83,1
2026-09-03,S01,P330,165,0,39,126,93,4
2026-09-03,S01,P401,169,0,33,136,71,2
2026-09-03,S01,P402,22,0,22,0,46,2
2026-09-03,S01,P403,49,0,40,9,46,3
2026-09-03,S01,P404,0,0,0,0,61,4
2026-09-03,S01,P405,42,0,24,21,43,4
2026-09-03,S01,P406,40,0,29,11,71,4
2026-09-03,S01,P407,123,0,38,85,55,1
2026-09-03,S01,P442,77,0,49,28,132,3
2026-09-03,S01,P501,51,0,21,30,41,3
2026-09-03,S01,P502,43,0,15,28,28,1
2026-09-03,S01,P503,60,0,10,50,40,1
2026-09-03,S01,P504,71,71,19,48,30,3
2026-09-03,S01,P505,75,0,14,61,37,4
2026-09-03,S01,P601,46,0,17,29,32,2
2026-09-03,S01,P602,68,0,23,45,37,2
2026-09-03,S01,P603,16,0,11,5,36,4
2026-09-03,S01,P604,40,0,11,29,23,2
2026-09-03,S01,P605,56,0,17,39,33,1
2026-09-03,S01,P701,28,0,14,14,36,2
2026-09-03,S01,P702,54,0,16,38,53,4
2026-09-03,S01,P703,110,0,29,81,47,1
2026-09-03,S01,P704,79,79,15,64,33,3
2026-09-03,S01,P801,208,208,33,175,60,4
2026-09-03,S01,P802,163,0,48,115,90,2
2026-09-03,S01,P803,17,0,17,0,59,2
2026-09-03,S02,P101,340,0,187,153,333,3
2026-09-03,S02,P102,387,0,235,152,347,1
2026-09-03,S02,P103,822,0,147,675,334,1
2026-09-03,S02,P104,561,0,128,433,268,1
2026-09-03,S02,P105,352,0,196,156,300,3
2026-09-03,S02,P106,127,0,127,0,294,2
2026-09-03,S02,P201,470,0,151,319,283,1
2026-09-03,S02,P202,574,0,166,408,316,1
2026-09-03,S02,P203,760,0,168,592,255,1
2026-09-03,S02,P204,241,0,111,130,215,4
2026-09-03,S02,P205,112,0,44,66,116,2
2026-09-03,S02,P206,366,0,132,234,196,3
2026-09-03,S02,P207,1147,871,160,987,307,1
2026-09-03,S02,P301,780,661,76,704,177,1
2026-09-03,S02,P302,459,0,163,296,326,2
2026-09-03,S02,P303,562,0,133,429,224,1
2026-09-03,S02,P304,602,0,146,456,325,1
2026-09-03,S02,P305,380,0,149,231,329,4
2026-09-03,S02,P306,160,0,160,0,214,4
2026-09-03,S02,P330,361,0,181,185,277,3
2026-09-03,S02,P401,401,401,53,348,111,3
2026-09-03,S02,P402,224,202,35,189,103,2
2026-09-03,S02,P403,163,0,54,109,114,4
2026-09-03,S02,P404,312,312,51,261,136,3
2026-09-03,S02,P405,196,0,65,131,164,3
2026-09-03,S02,P406,337,0,77,260,151,4
2026-09-03,S02,P407,295,0,85,210,189,2
2026-09-03,S02,P442,769,769,85,684,238,2
2026-09-03,S02,P501,0,0,0,0,80,4
2026-09-03,S02,P502,12,0,12,0,126,4
2026-09-03,S02,P503,8,0,8,0,106,3
2026-09-03,S02,P504,112,0,27,85,72,1
2026-09-03,S02,P505,50,0,32,18,73,4
2026-09-03,S02,P601,84,0,48,36,61,1
2026-09-03,S02,P602,281,224,40,241,99,1
2026-09-03,S02,P603,84,0,38,46,77,1
2026-09-03,S02,P604,125,0,36,89,84,4
2026-09-03,S02,P605,107,0,29,78,56,3
2026-09-03,S02,P701,113,0,60,53,101,2
2026-09-03,S02,P702,169,0,47,122,82,2
2026-09-03,S02,P703,69,0,43,26,78,2
2026-09-03,S02,P704,194,0,53,141,80,1
2026-09-03,S02,P801,299,299,67,232,134,3
2026-09-03,S02,P802,334,334,79,255,129,3
2026-09-03,S02,P803,447,0,69,378,194,2
2026-09-03,S03,P101,45,0,27,18,68,2
2026-09-03,S03,P102,194,0,44,150,93,2
2026-09-03,S03,P103,0,0,0,0,83,4
2026-09-03,S03,P104,108,0,42,66,63,1
2026-09-03,S03,P105,127,0,28,99,63,2
2026-09-03,S03,P106,54,0,34,20,84,4
2026-09-03,S03,P201,30,0,30,0,83,4
2026-09-03,S03,P202,74,0,43,31,75,4
2026-09-03,S03,P203,30,0,25,5,40,3
2026-09-03,S03,P204,32,0,31,1,89,2
2026-09-03,S03,P205,21,0,6,15,22,4
2026-09-03,S03,P206,150,150,38,112,67,4
2026-09-03,S03,P207,67,0,36,31,83,3
2026-09-03,S03,P301,81,0,27,54,59,1
2026-09-03,S03,P302,89,0,23,66,65,2
2026-09-03,S03,P303,0,0,0,0,86,3
2026-09-03,S03,P304,29,0,29,0,51,2
2026-09-03,S03,P305,124,0,41,83,81,1
2026-09-03,S03,P306,172,172,34,138,75,3
2026-09-03,S03,P330,138,0,28,110,66,1
2026-09-03,S03,P401,75,0,12,63,34,4
2026-09-03,S03,P402,16,0,14,2,33,4
2026-09-03,S03,P403,102,78,15,87,33,1
2026-09-03,S03,P404,58,0,12,46,23,2
2026-09-03,S03,P405,47,0,16,31,27,1
2026-09-03,S03,P406,21,0,14,7,35,3
2026-09-03,S03,P407,38,0,12,26,32,2
2026-09-03,S03,P442,113,0,31,82,72,1
2026-09-03,S03,P501,39,38,9,30,14,2
2026-09-03,S03,P502,42,42,9,33,22,4
2026-09-03,S03,P503,45,0,9,36,24,3
2026-09-03,S03,P504,29,0,8,21,16,4
2026-09-03,S03,P505,32,0,7,25,17,2
2026-09-03,S03,P601,49,37,9,40,18,1
2026-09-03,S03,P602,38,0,7,31,16,1
2026-09-03,S03,P603,23,0,8,15,13,4
2026-09-03,S03,P604,38,0,10,28,24,4
2026-09-03,S03,P605,0,0,0,0,19,4
2026-09-03,S03,P701,46,46,8,38,18,3
2026-09-03,S03,P702,8,0,8,0,17,4
2026-09-03,S03,P703,0,0,0,0,17,4
2026-09-03,S03,P704,70,61,12,58,26,1
2026-09-03,S03,P801,90,0,20,70,41,1
2026-09-03,S03,P802,0,0,0,0,36,3
2026-09-03,S03,P803,49,0,25,24,43,3
2026-09-03,S04,P101,0,0,0,0,95,4
2026-09-03,S04,P102,232,0,43,189,113,3
2026-09-03,S04,P103,159,0,51,108,105,4
2026-09-03,S04,P104,234,234,55,179,114,4
2026-09-03,S04,P105,38,0,38,0,145,3
2026-09-03,S04,P106,317,274,40,277,101,1
2026-09-03,S04,P201,386,312,55,331,96,1
2026-09-03,S04,P202,18,0,18,0,98,4
2026-09-03,S04,P203,0,0,0,0,99,3
2026-09-03,S04,P204,118,0,62,56,110,3
2026-09-03,S04,P205,0,0,0,0,27,4
2026-09-03,S04,P206,119,0,53,66,83,4
2026-09-03,S04,P207,42,0,42,0,114,4
2026-09-03,S04,P301,99,0,33,66,62,3
2026-09-03,S04,P302,224,0,27,197,85,1
2026-09-03,S04,P303,175,0,58,117,90,3
2026-09-03,S04,P304,96,0,31,65,79,2
2026-09-03,S04,P305,235,235,55,180,78,4
2026-09-03,S04,P306,222,0,42,180,127,3
2026-09-03,S04,P330,105,0,32,73,86,4
2026-09-03,S04,P401,195,135,26,169,73,1
2026-09-03,S04,P402,166,0,35,131,64,1
2026-09-03,S04,P403,73,0,12,61,44,1
2026-09-03,S04,P404,0,0,0,0,56,3
2026-09-03,S04,P405,84,0,20,64,53,2
2026-09-03,S04,P406,101,0,22,79,46,2
2026-09-03,S04,P407,122,0,25,97,57,3
2026-09-03,S04,P442,93,0,34,59,64,2
2026-09-03,S04,P501,43,0,14,29,29,2
2026-09-03,S04,P502,69,0,14,55,32,3
2026-09-03,S04,P503,88,82,20,68,34,2
2026-09-03,S04,P504,85,63,12,73,28,1
2026-09-03,S04,P505,34,0,13,21,25,1
2026-09-03,S04,P601,30,0,18,12,38,3
2026-09-03,S04,P602,83,0,12,71,30,1
2026-09-03,S04,P603,26,0,12,14,26,1
2026-09-03,S04,P604,27,0,11,16,25,1
2026-09-03,S04,P605,6,0,6,0,34,4
2026-09-03,S04,P701,46,0,16,30,41,2
2026-09-03,S04,P702,36,0,9,27,31,4
2026-09-03,S04,P703,75,0,27,48,45,3
2026-09-03,S04,P704,76,61,16,60,26,1
2026-09-03,S04,P801,122,0,37,85,64,3
2026-09-03,S04,P802,128,128,25,103,55,3
2026-09-03,S04,P803,0,0,0,0,38,3
2026-09-03,S05,P101,207,0,45,162,92,3
2026-09-03,S05,P102,119,0,41,78,72,3
2026-09-03,S05,P103,230,230,35,195,76,2
2026-09-03,S05,P104,213,165,33,180,56,1
2026-09-03,S05,P105,109,0,39,70,63,4
2026-09-03,S05,P106,176,0,44,132,69,3
2026-09-03,S05,P201,0,0,0,0,51,4
2026-09-03,S05,P202,98,0,34,64,69,3
2026-09-03,S05,P203,98,0,40,58,80,2
2026-09-03,S05,P204,23,0,23,0,60,2
2026-09-03,S05,P205,40,40,11,29,19,4
2026-09-03,S05,P206,140,140,28,112,50,2
2026-09-03,S05,P207,80,0,32,48,55,4
2026-09-03,S05,P301,96,0,28,68,63,2
2026-09-03,S05,P302,93,0,35,58,70,3
2026-09-03,S05,P303,79,0,29,50,73,3
2026-09-03,S05,P304,128,0,37,91,53,3
2026-09-03,S05,P305,82,0,26,56,45,2
2026-09-03,S05,P306,109,0,28,81,64,2
2026-09-03,S05,P330,145,101,37,108,49,1
2026-09-03,S05,P401,0,0,0,0,21,3
2026-09-03,S05,P402,0,0,0,0,30,3
2026-09-03,S05,P403,141,115,15,126,39,1
2026-09-03,S05,P404,38,0,10,28,21,3
2026-09-03,S05,P405,62,62,12,50,21,3
2026-09-03,S05,P406,111,90,15,96,31,1
2026-09-03,S05,P407,85,74,10,75,30,1
2026-09-03,S05,P442,76,0,21,55,53,3
2026-09-03,S05,P501,3,0,3,0,13,4
2026-09-03,S05,P502,29,0,9,20,14,3
2026-09-03,S05,P503,2,0,2,0,11,3
2026-09-03,S05,P504,48,0,7,41,24,1
2026-09-03,S05,P505,18,0,7,11,17,2
2026-09-03,S05,P601,21,0,7,14,13,2
2026-09-03,S05,P602,19,0,8,16,15,4
2026-09-03,S05,P603,28,0,6,22,19,1
2026-09-03,S05,P604,0,0,0,0,15,3
2026-09-03,S05,P605,20,20,5,15,11,2
2026-09-03,S05,P701,28,0,16,12,18,1
2026-09-03,S05,P702,100,76,11,89,25,1
2026-09-03,S05,P703,48,0,11,37,21,1
2026-09-03,S05,P704,56,0,12,44,25,1
2026-09-03,S05,P801,89,0,20,69,44,3
2026-09-03,S05,P802,69,69,14,55,32,3
2026-09-03,S05,P803,73,0,21,52,46,1
2026-09-03,S06,P101,36,0,33,3,86,4
2026-09-03,S06,P102,274,213,45,229,101,1
2026-09-03,S06,P103,352,352,51,301,142,2
2026-09-03,S06,P104,144,0,54,90,81,4
2026-09-03,S06,P105,95,0,66,29,98,4
2026-09-03,S06,P106,245,0,60,185,117,3
2026-09-03,S06,P201,105,0,35,70,88,1
2026-09-03,S06,P202,43,0,26,17,65,3
2026-09-03,S06,P203,27,0,27,0,60,2
2026-09-03,S06,P204,317,317,34,283,108,2
2026-09-03,S06,P205,54,0,18,36,29,4
2026-09-03,S06,P206,0,0,0,0,87,4
2026-09-03,S06,P207,59,0,43,16,73,3
2026-09-03,S06,P301,140,0,28,112,96,1
2026-09-03,S06,P302,85,0,59,26,76,1
2026-09-03,S06,P303,211,0,49,162,81,3
2026-09-03,S06,P304,170,152,17,151,72,2
2026-09-03,S06,P305,231,0,52,179,90,1
2026-09-03,S06,P306,206,0,31,175,82,3
2026-09-03,S06,P330,51,0,34,17,85,2
2026-09-03,S06,P401,147,146,20,127,48,1
2026-09-03,S06,P402,34,0,19,15,34,2
2026-09-03,S06,P403,26,0,24,2,42,2
2026-09-03,S06,P404,0,0,0,0,51,3
2026-09-03,S06,P405,0,0,0,0,60,4
2026-09-03,S06,P406,115,115,27,88,34,3
2026-09-03,S06,P407,105,105,13,92,41,3
2026-09-03,S06,P442,63,0,40,23,88,2
2026-09-03,S06,P501,46,0,15,31,25,3
2026-09-03,S06,P502,18,0,18,0,38,2
2026-09-03,S06,P503,43,0,15,28,34,2
2026-09-03,S06,P504,28,0,11,17,20,3
2026-09-03,S06,P505,15,0,13,2,27,3
2026-09-03,S06,P601,26,0,12,14,18,1
2026-09-03,S06,P602,56,0,13,43,33,2
2026-09-03,S06,P603,46,0,13,36,24,3
2026-09-03,S06,P604,22,0,10,12,19,1
2026-09-03,S06,P605,1,0,1,0,31,3
2026-09-03,S06,P701,63,47,9,54,20,1
2026-09-03,S06,P702,59,0,13,46,37,3
2026-09-03,S06,P703,81,0,20,61,32,1
2026-09-03,S06,P704,64,0,12,52,29,2
2026-09-03,S06,P801,101,0,20,81,53,1
2026-09-03,S06,P802,160,0,40,120,76,1
2026-09-03,S06,P803,85,0,23,62,53,4
2026-09-04,S01,P101,102,0,51,51,121,3
2026-09-04,S01,P102,239,0,69,170,98,2
2026-09-04,S01,P103,398,398,60,338,164,4
2026-09-04,S01,P104,138,0,42,96,143,3
2026-09-04,S01,P105,26,0,26,0,124,4
2026-09-04,S01,P106,199,0,50,149,126,3
2026-09-04,S01,P201,82,0,41,41,89,3
2026-09-04,S01,P202,208,0,63,145,150,1
2026-09-04,S01,P203,415,415,47,368,159,3
2026-09-04,S01,P204,0,0,0,0,117,3
2026-09-04,S01,P205,45,0,13,32,27,1
2026-09-04,S01,P206,242,242,44,198,92,3
2026-09-04,S01,P207,197,0,59,138,111,3
2026-09-04,S01,P301,346,286,41,305,139,2
2026-09-04,S01,P302,285,0,54,231,106,2
2026-09-04,S01,P303,92,0,54,38,109,3
2026-09-04,S01,P304,186,186,38,148,74,3
2026-09-04,S01,P305,197,192,37,160,76,2
2026-09-04,S01,P306,110,0,40,70,83,1
2026-09-04,S01,P330,126,0,56,70,93,4
2026-09-04,S01,P401,136,0,30,106,71,2
2026-09-04,S01,P402,93,93,25,68,46,2
2026-09-04,S01,P403,9,0,9,0,46,3
2026-09-04,S01,P404,0,0,0,0,61,4
2026-09-04,S01,P405,18,0,18,0,43,4
2026-09-04,S01,P406,11,0,11,0,71,4
2026-09-04,S01,P407,85,0,24,61,55,1
2026-09-04,S01,P442,28,0,28,0,132,3
2026-09-04,S01,P501,30,0,19,11,41,3
2026-09-04,S01,P502,28,0,10,18,28,1
2026-09-04,S01,P503,50,0,18,32,40,1
2026-09-04,S01,P504,52,0,15,37,30,3
2026-09-04,S01,P505,61,0,20,41,37,4
2026-09-04,S01,P601,29,0,16,13,32,2
2026-09-04,S01,P602,45,0,17,28,37,2
2026-09-04,S01,P603,5,0,5,0,36,4
2026-09-04,S01,P604,29,0,8,21,23,2
2026-09-04,S01,P605,39,0,22,22,33,1
2026-09-04,S01,P701,101,87,20,81,36,2
2026-09-04,S01,P702,38,0,19,19,53,4
2026-09-04,S01,P703,81,0,25,56,47,1
2026-09-04,S01,P704,64,0,15,49,33,3
2026-09-04,S01,P801,175,0,31,144,60,4
2026-09-04,S01,P802,115,0,47,68,90,2
2026-09-04,S01,P803,205,205,37,168,59,2
2026-09-04,S02,P101,153,0,153,0,333,3
2026-09-04,S02,P102,1355,1203,159,1196,347,1
2026-09-04,S02,P103,675,0,96,579,334,1
2026-09-04,S02,P104,433,0,148,285,268,1
2026-09-04,S02,P105,156,0,152,4,300,3
2026-09-04,S02,P106,562,562,105,457,294,2
2026-09-04,S02,P201,319,0,124,195,283,1
2026-09-04,S02,P202,408,0,179,229,316,1
2026-09-04,S02,P203,592,0,140,452,255,1
2026-09-04,S02,P204,130,0,109,21,215,4
2026-09-04,S02,P205,273,205,42,231,116,2
2026-09-04,S02,P206,234,0,110,124,196,3
2026-09-04,S02,P207,987,0,160,827,307,1
2026-09-04,S02,P301,704,0,98,606,177,1
2026-09-04,S02,P302,296,0,131,163,326,2
2026-09-04,S02,P303,429,0,103,326,224,1
2026-09-04,S02,P304,456,0,148,308,325,1
2026-09-04,S02,P305,231,0,162,69,329,4
2026-09-04,S02,P306,0,0,0,0,214,4
2026-09-04,S02,P330,180,0,159,21,277,3
2026-09-04,S02,P401,348,0,71,277,111,3
2026-09-04,S02,P402,189,0,48,141,103,2
2026-09-04,S02,P403,109,0,57,52,114,4
2026-09-04,S02,P404,261,0,47,214,136,3
2026-09-04,S02,P405,131,0,89,42,164,3
2026-09-04,S02,P406,260,0,72,188,151,4
2026-09-04,S02,P407,210,0,136,74,189,2
2026-09-04,S02,P442,684,0,108,576,238,2
2026-09-04,S02,P501,178,178,42,136,80,4
2026-09-04,S02,P502,0,0,0,0,126,4
2026-09-04,S02,P503,251,251,50,201,106,3
2026-09-04,S02,P504,85,0,25,60,72,1
2026-09-04,S02,P505,18,0,18,0,73,4
2026-09-04,S02,P601,175,139,30,145,61,1
2026-09-04,S02,P602,241,0,42,199,99,1
2026-09-04,S02,P603,327,281,44,283,77,1
2026-09-04,S02,P604,89,0,48,41,84,4
2026-09-04,S02,P605,78,0,18,60,56,3
2026-09-04,S02,P701,53,0,41,12,101,2
2026-09-04,S02,P702,122,0,42,80,82,2
2026-09-04,S02,P703,193,167,36,157,78,2
2026-09-04,S02,P704,141,0,57,84,80,1
2026-09-04,S02,P801,232,0,61,171,134,3
2026-09-04,S02,P802,255,0,65,190,129,3
2026-09-04,S02,P803,378,0,81,297,194,2
2026-09-04,S03,P101,208,190,33,175,68,2
2026-09-04,S03,P102,150,0,45,108,93,2
2026-09-04,S03,P103,215,215,46,169,83,4
2026-09-04,S03,P104,66,0,35,31,63,1
2026-09-04,S03,P105,99,0,34,65,63,2
2026-09-04,S03,P106,20,0,20,0,84,4
2026-09-04,S03,P201,0,0,0,0,83,4
2026-09-04,S03,P202,31,0,31,0,75,4
2026-09-04,S03,P203,5,0,5,0,40,3
2026-09-04,S03,P204,179,178,37,142,89,2
2026-09-04,S03,P205,15,0,8,7,22,4
2026-09-04,S03,P206,112,0,53,59,67,4
2026-09-04,S03,P207,31,0,31,0,83,3
2026-09-04,S03,P301,195,141,30,165,59,1
2026-09-04,S03,P302,66,0,29,37,65,2
2026-09-04,S03,P303,166,166,31,135,86,3
2026-09-04,S03,P304,138,138,29,109,51,2
2026-09-04,S03,P305,83,0,38,45,81,1
2026-09-04,S03,P306,138,0,33,105,75,3
2026-09-04,S03,P330,110,0,36,74,66,1
2026-09-04,S03,P401,63,0,15,48,34,4
2026-09-04,S03,P402,2,0,2,0,33,4
2026-09-04,S03,P403,87,0,17,70,33,1
2026-09-04,S03,P404,46,0,12,34,23,2
2026-09-04,S03,P405,31,0,10,21,27,1
2026-09-04,S03,P406,7,0,7,0,35,3
2026-09-04,S03,P407,26,0,15,11,32,2
2026-09-04,S03,P442,82,0,39,43,72,1
2026-09-04,S03,P501,30,0,8,22,14,2
2026-09-04,S03,P502,33,0,13,20,22,4
2026-09-04,S03,P503,36,0,12,24,24,3
2026-09-04,S03,P504,21,0,8,13,16,4
2026-09-04,S03,P505,25,0,8,13,17,2
2026-09-04,S03,P601,40,0,11,29,18,1
2026-09-04,S03,P602,31,0,8,23,16,1
2026-09-04,S03,P603,15,0,9,6,13,4
2026-09-04,S03,P604,28,0,8,20,24,4
2026-09-04,S03,P605,65,65,10,55,19,4
2026-09-04,S03,P701,38,0,7,31,18,3
2026-09-04,S03,P702,0,0,0,0,17,4
2026-09-04,S03,P703,0,0,0,0,17,4
2026-09-04,S03,P704,58,0,15,43,26,1
2026-09-04,S03,P801,70,0,17,56,41,1
2026-09-04,S03,P802,125,125,22,103,36,3
2026-09-04,S03,P803,24,0,16,8,43,3
2026-09-04,S04,P101,215,215,38,177,95,4
2026-09-04,S04,P102,189,0,46,143,113,3
2026-09-04,S04,P103,108,0,49,59,105,4
2026-09-04,S04,P104,179,0,51,128,114,4
2026-09-04,S04,P105,319,319,54,265,145,3
2026-09-04,S04,P106,277,0,40,237,101,1
2026-09-04,S04,P201,331,0,43,288,96,1
2026-09-04,S04,P202,0,0,0,0,98,4
2026-09-04,S04,P203,289,289,57,232,99,3
2026-09-04,S04,P204,56,0,56,0,110,3
2026-09-04,S04,P205,0,0,0,0,27,4
2026-09-04,S04,P206,66,0,36,30,83,4
2026-09-04,S04,P207,0,0,0,0,114,4
2026-09-04,S04,P301,66,0,31,35,62,3
2026-09-04,S04,P302,197,0,51,146,85,1
2026-09-04,S04,P303,117,0,40,77,90,3
2026-09-04,S04,P304,65,0,52,13,79,2
2026-09-04,S04,P305,180,0,43,137,78,4
2026-09-04,S04,P306,180,0,71,109,127,3
2026-09-04,S04,P330,73,0,45,28,86,4
2026-09-04,S04,P401,169,0,31,138,73,1
2026-09-04,S04,P402,131,0,26,105,64,1
2026-09-04,S04,P403,61,0,20,41,44,1
2026-09-04,S04,P404,133,133,26,107,56,3
2026-09-04,S04,P405,64,0,22,42,53,2
2026-09-04,S04,P406,79,0,23,56,46,2
2026-09-04,S04,P407,97,0,19,78,57,3
2026-09-04,S04,P442,59,0,25,34,64,2
2026-09-04,S04,P501,29,0,12,17,29,2
2026-09-04,S04,P502,55,0,13,42,32,3
2026-09-04,S04,P503,68,0,14,52,34,2
2026-09-04,S04,P504,73,0,13,60,28,1
2026-09-04,S04,P505,93,72,14,79,25,1
2026-09-04,S04,P601,12,0,12,0,38,3
2026-09-04,S04,P602,71,0,14,57,30,1
2026-09-04,S04,P603,74,60,13,61,26,1
2026-09-04,S04,P604,93,77,13,80,25,1
2026-09-04,S04,P605,0,0,0,0,34,4
2026-09-04,S04,P701,30,0,20,10,41,2
2026-09-04,S04,P702,27,0,11,16,31,4
2026-09-04,S04,P703,48,0,19,29,45,3
2026-09-04,S04,P704,60,0,13,47,26,1
2026-09-04,S04,P801,85,0,29,56,64,3
2026-09-04,S04,P802,103,0,28,75,55,3
2026-09-04,S04,P803,129,129,29,100,38,3
2026-09-04,S05,P101,162,0,31,136,92,3
2026-09-04,S05,P102,78,0,32,46,72,3
2026-09-04,S05,P103,195,0,36,159,76,2
2026-09-04,S05,P104,180,0,26,154,56,1
2026-09-04,S05,P105,70,0,35,35,63,4
2026-09-04,S05,P106,132,0,29,103,69,3
2026-09-04,S05,P201,0,0,0,0,51,4
2026-09-04,S05,P202,64,0,28,36,69,3
2026-09-04,S05,P203,58,0,46,12,80,2
2026-09-04,S05,P204,134,134,40,94,60,2
2026-09-04,S05,P205,29,0,10,19,19,4
2026-09-04,S05,P206,112,0,27,81,50,2
2026-09-04,S05,P207,48,0,28,20,55,4
2026-09-04,S05,P301,68,0,26,42,63,2
2026-09-04,S05,P302,58,0,41,17,70,3
2026-09-04,S05,P303,50,0,24,26,73,3
2026-09-04,S05,P304,91,0,30,61,53,3
2026-09-04,S05,P305,56,0,19,37,45,2
2026-09-04,S05,P306,81,0,21,60,64,2
2026-09-04,S05,P330,108,0,42,66,49,1
2026-09-04,S05,P401,41,41,10,31,21,3
2026-09-04,S05,P402,69,69,11,58,30,3
2026-09-04,S05,P403,126,0,17,109,39,1
2026-09-04,S05,P404,28,0,10,18,21,3
2026-09-04,S05,P405,50,0,6,44,21,3
2026-09-04,S05,P406,96,0,15,81,31,1
2026-09-04,S05,P407,75,0,19,56,30,1
2026-09-04,S05,P442,55,0,22,33,53,3
2026-09-04,S05,P501,0,0,0,0,13,4
2026-09-04,S05,P502,20,0,8,12,14,3
2026-09-04,S05,P503,0,0,0,0,11,3
2026-09-04,S05,P504,41,0,9,32,24,1
2026-09-04,S05,P505,11,0,6,3,17,2
2026-09-04,S05,P601,14,0,5,9,13,2
2026-09-04,S05,P602,11,0,7,4,15,4
2026-09-04,S05,P603,22,0,9,13,19,1
2026-09-04,S05,P604,48,48,9,39,15,3
2026-09-04,S05,P605,15,0,5,10,11,2
2026-09-04,S05,P701,79,67,9,70,18,1
2026-09-04,S05,P702,89,0,9,80,25,1
2026-09-04,S05,P703,37,0,10,27,21,1
2026-09-04,S05,P704,44,0,10,34,25,1
2026-09-04,S05,P801,69,0,20,49,44,3
2026-09-04,S05,P802,55,0,17,38,32,3
2026-09-04,S05,P803,52,0,21,31,46,1
2026-09-04,S06,P101,3,0,3,0,86,4
2026-09-04,S06,P102,229,0,45,184,101,1
2026-09-04,S06,P103,301,0,67,234,142,2
2026-09-04,S06,P104,90,0,43,47,81,4
2026-09-04,S06,P105,29,0,29,0,98,4
2026-09-04,S06,P106,185,0,43,142,117,3
2026-09-04,S06,P201,231,161,38,193,88,1
2026-09-04,S06,P202,17,0,17,0,65,3
2026-09-04,S06,P203,122,122,27,95,60,2
2026-09-04,S06,P204,283,0,64,219,108,2
2026-09-04,S06,P205,36,0,13,23,29,4
2026-09-04,S06,P206,182,182,43,139,87,4
2026-09-04,S06,P207,16,0,16,0,73,3
2026-09-04,S06,P301,112,0,38,74,96,1
2026-09-04,S06,P302,263,237,49,214,76,1
2026-09-04,S06,P303,162,0,38,124,81,3
2026-09-04,S06,P304,153,0,19,134,72,2
2026-09-04,S06,P305,179,0,45,134,90,1
2026-09-04,S06,P306,175,0,38,137,82,3
2026-09-04,S06,P330,301,284,40,261,85,2
2026-09-04,S06,P401,127,0,30,97,48,1
2026-09-04,S06,P402,15,0,15,0,34,2
2026-09-04,S06,P403,89,87,21,68,42,2
2026-09-04,S06,P404,127,127,21,106,51,3
2026-09-04,S06,P405,105,105,24,81,60,4
2026-09-04,S06,P406,88,0,23,65,34,3
2026-09-04,S06,P407,92,0,18,74,41,3
2026-09-04,S06,P442,242,219,48,192,88,2
2026-09-04,S06,P501,31,0,10,21,25,3
2026-09-04,S06,P502,106,106,16,90,38,2
2026-09-04,S06,P503,28,0,13,15,34,2
2026-09-04,S06,P504,17,0,8,9,20,3
2026-09-04,S06,P505,2,0,2,0,27,3
2026-09-04,S06,P601,75,61,8,67,18,1
2026-09-04,S06,P602,43,0,14,29,33,2
2026-09-04,S06,P603,33,0,10,23,24,3
2026-09-04,S06,P604,47,35,10,37,19,1
2026-09-04,S06,P605,87,87,13,72,31,3
2026-09-04,S06,P701,54,0,8,46,20,1
2026-09-04,S06,P702,46,0,17,29,37,3
2026-09-04,S06,P703,61,0,17,44,32,1
2026-09-04,S06,P704,52,0,11,41,29,2
2026-09-04,S06,P801,81,0,23,58,53,1
2026-09-04,S06,P802,120,0,32,88,76,1
2026-09-04,S06,P803,62,0,27,35,53,4
2026-09-05,S01,P101,51,0,51,0,121,3
2026-09-05,S01,P102,170,0,62,108,98,2
2026-09-05,S01,P103,338,0,114,224,164,4
2026-09-05,S01,P104,96,0,96,0,143,3
2026-09-05,S01,P105,0,0,0,0,124,4
2026-09-05,S01,P106,149,0,83,66,126,3
2026-09-05,S01,P201,41,0,41,0,89,3
2026-09-05,S01,P202,418,273,78,340,150,1
2026-09-05,S01,P203,368,0,128,240,159,3
2026-09-05,S01,P204,330,330,76,254,117,3
2026-09-05,S01,P205,32,0,13,19,27,1
2026-09-05,S01,P206,198,0,56,142,92,3
2026-09-05,S01,P207,138,0,66,72,111,3
2026-09-05,S01,P301,305,0,80,225,139,2
2026-09-05,S01,P302,231,0,77,154,106,2
2026-09-05,S01,P303,38,0,38,0,109,3
2026-09-05,S01,P304,148,0,52,96,74,3
2026-09-05,S01,P305,160,0,50,110,76,2
2026-09-05,S01,P306,263,193,45,218,83,1
2026-09-05,S01,P330,70,0,47,23,93,4
2026-09-05,S01,P401,106,0,32,74,71,2
2026-09-05,S01,P402,68,0,26,38,46,2
2026-09-05,S01,P403,0,0,0,0,46,3
2026-09-05,S01,P404,172,172,36,136,61,4
2026-09-05,S01,P405,0,0,0,0,43,4
2026-09-05,S01,P406,0,0,0,0,71,4
2026-09-05,S01,P407,61,0,46,15,55,1
2026-09-05,S01,P442,313,313,102,211,132,3
2026-09-05,S01,P501,11,0,11,0,41,3
2026-09-05,S01,P502,90,72,22,68,28,1
2026-09-05,S01,P503,137,105,24,113,40,1
2026-09-05,S01,P504,37,0,18,19,30,3
2026-09-05,S01,P505,41,0,22,19,37,4
2026-09-05,S01,P601,117,104,17,100,32,2
2026-09-05,S01,P602,28,0,21,7,37,2
2026-09-05,S01,P603,0,0,0,0,36,4
2026-09-05,S01,P604,21,0,10,11,23,2
2026-09-05,S01,P605,118,101,31,87,33,1
2026-09-05,S01,P701,81,0,21,60,36,2
2026-09-05,S01,P702,19,0,19,0,53,4
2026-09-05,S01,P703,56,0,29,27,47,1
2026-09-05,S01,P704,49,0,26,23,33,3
2026-09-05,S01,P801,144,0,37,107,60,4
2026-09-05,S01,P802,68,0,63,5,90,2
2026-09-05,S01,P803,168,0,44,124,59,2
2026-09-05,S02,P101,0,0,0,0,333,3
2026-09-05,S02,P102,1196,0,249,947,347,1
2026-09-05,S02,P103,579,0,167,412,334,1
2026-09-05,S02,P104,285,0,134,151,268,1
2026-09-05,S02,P105,4,0,4,0,300,3
2026-09-05,S02,P106,457,0,176,281,294,2
2026-09-05,S02,P201,986,791,181,805,283,1
2026-09-05,S02,P202,847,618,163,684,316,1
2026-09-05,S02,P203,452,0,179,273,255,1
2026-09-05,S02,P204,21,0,21,0,215,4
2026-09-05,S02,P205,231,0,74,157,116,2
2026-09-05,S02,P206,124,0,116,8,196,3
2026-09-05,S02,P207,827,0,202,625,307,1
2026-09-05,S02,P301,606,0,131,475,177,1
2026-09-05,S02,P302,958,793,180,778,326,2
2026-09-05,S02,P303,326,0,128,198,224,1
2026-09-05,S02,P304,1022,714,195,827,325,1
2026-09-05,S02,P305,69,0,69,0,329,4
2026-09-05,S02,P306,0,0,0,0,214,4
2026-09-05,S02,P330,21,0,21,0,277,3
2026-09-05,S02,P401,277,0,93,184,111,3
2026-09-05,S02,P402,141,0,64,77,103,2
2026-09-05,S02,P403,52,0,52,0,114,4
2026-09-05,S02,P404,214,0,101,111,136,3
2026-09-05,S02,P405,42,0,42,0,164,3
2026-09-05,S02,P406,188,0,95,93,151,4
2026-09-05,S02,P407,74,0,74,0,189,2
2026-09-05,S02,P442,576,0,222,354,238,2
2026-09-05,S02,P501,136,0,47,89,80,4
2026-09-05,S02,P502,248,248,68,180,126,4
2026-09-05,S02,P503,201,0,57,144,106,3
2026-09-05,S02,P504,207,147,38,169,72,1
2026-09-05,S02,P505,0,0,0,0,73,4
2026-09-05,S02,P601,145,0,56,89,61,1
2026-09-05,S02,P602,199,0,54,145,99,1
2026-09-05,S02,P603,283,0,54,229,77,1
2026-09-05,S02,P604,41,0,41,0,84,4
2026-09-05,S02,P605,60,0,34,26,56,3
2026-09-05,S02,P701,193,181,61,132,101,2
2026-09-05,S02,P702,80,0,52,28,82,2
2026-09-05,S02,P703,157,0,38,119,78,2
2026-09-05,S02,P704,84,0,52,32,80,1
2026-09-05,S02,P801,171,0,117,54,134,3
2026-09-05,S02,P802,190,0,128,62,129,3
2026-09-05,S02,P803,297,0,101,196,194,2
2026-09-05,S03,P101,175,0,41,134,68,2
2026-09-05,S03,P102,105,0,59,46,93,2
2026-09-05,S03,P103,169,0,48,121,83,4
2026-09-05,S03,P104,168,137,47,121,63,1
2026-09-05,S03,P105,65,0,45,20,63,2
2026-09-05,S03,P106,0,0,0,0,84,4
2026-09-05,S03,P201,0,0,0,0,83,4
2026-09-05,S03,P202,0,0,0,0,75,4
2026-09-05,S03,P203,112,112,33,79,40,3
2026-09-05,S03,P204,142,0,62,80,89,2
2026-09-05,S03,P205,7,0,7,0,22,4
2026-09-05,S03,P206,59,0,59,0,67,4
2026-09-05,S03,P207,136,136,47,89,83,3
2026-09-05,S03,P301,165,0,32,138,59,1
2026-09-05,S03,P302,37,0,26,11,65,2
2026-09-05,S03,P303,135,0,44,91,86,3
2026-09-05,S03,P304,109,0,31,78,51,2
2026-09-05,S03,P305,200,155,51,149,81,1
2026-09-05,S03,P306,105,0,54,51,75,3
2026-09-05,S03,P330,74,0,46,28,66,1
2026-09-05,S03,P401,48,0,16,32,34,4
2026-09-05,S03,P402,0,0,0,0,33,4
2026-09-05,S03,P403,70,0,18,52,33,1
2026-09-05,S03,P404,34,0,16,18,23,2
2026-09-05,S03,P405,72,51,11,61,27,1
2026-09-05,S03,P406,93,93,19,74,35,3
2026-09-05,S03,P407,108,97,18,90,32,2
2026-09-05,S03,P442,252,209,47,205,72,1
2026-09-05,S03,P501,22,0,10,12,14,2
2026-09-05,S03,P502,20,0,13,5,22,4
2026-09-05,S03,P503,24,0,13,11,24,3
2026-09-05,S03,P504,13,0,11,2,16,4
2026-09-05,S03,P505,17,0,14,3,17,2
2026-09-05,S03,P601,29,0,10,19,18,1
2026-09-05,S03,P602,23,0,11,12,16,1
2026-09-05,S03,P603,6,0,6,0,13,4
2026-09-05,S03,P604,20,0,10,10,24,4
2026-09-05,S03,P605,55,0,14,41,19,4
2026-09-05,S03,P701,31,0,13,18,18,3
2026-09-05,S03,P702,0,0,0,0,17,4
2026-09-05,S03,P703,43,43,13,30,17,4
2026-09-05,S03,P704,43,0,20,23,26,1
2026-09-05,S03,P801,53,0,38,15,41,1
2026-09-05,S03,P802,103,0,37,66,36,3
2026-09-05,S03,P803,8,0,8,0,43,3
2026-09-05,S04,P101,177,0,61,116,95,4
2026-09-05,S04,P102,143,0,79,64,113,3
2026-09-05,S04,P103,59,0,59,0,105,4
2026-09-05,S04,P104,128,0,82,46,114,4
2026-09-05,S04,P105,265,0,104,161,145,3
2026-09-05,S04,P106,237,0,58,179,101,1
2026-09-05,S04,P201,288,0,87,201,96,1
2026-09-05,S04,P202,315,315,97,218,98,4
2026-09-05,S04,P203,232,0,92,140,99,3
2026-09-05,S04,P204,0,0,0,0,110,3
2026-09-05,S04,P205,66,66,19,47,27,4
2026-09-05,S04,P206,30,0,30,0,83,4
2026-09-05,S04,P207,0,0,0,0,114,4
2026-09-05,S04,P301,35,0,35,0,62,3
2026-09-05,S04,P302,146,0,37,109,85,1
2026-09-05,S04,P303,77,0,69,8,90,3
2026-09-05,S04,P304,259,246,56,203,79,2
2026-09-05,S04,P305,137,0,57,80,78,4
2026-09-05,S04,P306,109,0,74,35,127,3
2026-09-05,S04,P330,28,0,28,5,86,4
2026-09-05,S04,P401,138,0,39,99,73,1
2026-09-05,S04,P402,105,0,50,55,64,1
2026-09-05,S04,P403,154,113,22,132,44,1
2026-09-05,S04,P404,107,0,40,67,56,3
2026-09-05,S04,P405,42,0,25,17,53,2
2026-09-05,S04,P406,56,0,43,13,46,2
2026-09-05,S04,P407,78,0,41,37,57,3
2026-09-05,S04,P442,251,217,35,216,64,2
2026-09-05,S04,P501,17,0,17,0,29,2
2026-09-05,S04,P502,42,0,16,26,32,3
2026-09-05,S04,P503,54,0,20,34,34,2
2026-09-05,S04,P504,60,0,15,45,28,1
2026-09-05,S04,P505,79,0,14,65,25,1
2026-09-05,S04,P601,98,98,29,69,38,3
2026-09-05,S04,P602,57,0,32,25,30,1
2026-09-05,S04,P603,61,0,15,46,26,1
2026-09-05,S04,P604,80,0,16,64,25,1
2026-09-05,S04,P605,0,0,0,0,34,4
2026-09-05,S04,P701,113,103,28,85,41,2
2026-09-05,S04,P702,16,0,16,0,31,4
2026-09-05,S04,P703,29,0,29,0,45,3
2026-09-05,S04,P704,47,0,18,29,26,1
2026-09-05,S04,P801,56,0,40,16,64,3
2026-09-05,S04,P802,75,0,41,34,55,3
2026-09-05,S04,P803,100,0,26,74,38,3
2026-09-05,S05,P101,131,0,53,78,92,3
2026-09-05,S05,P102,46,0,36,10,72,3
2026-09-05,S05,P103,159,0,34,125,76,2
2026-09-05,S05,P104,154,0,40,114,56,1
2026-09-05,S05,P105,35,0,35,0,63,4
2026-09-05,S05,P106,103,0,50,53,69,3
2026-09-05,S05,P201,124,124,33,91,51,4
2026-09-05,S05,P202,36,0,36,0,69,3
2026-09-05,S05,P203,200,188,56,144,80,2
2026-09-05,S05,P204,94,0,43,51,60,2
2026-09-05,S05,P205,19,0,12,7,19,4
2026-09-05,S05,P206,85,0,27,58,50,2
2026-09-05,S05,P207,20,0,20,0,55,4
2026-09-05,S05,P301,42,0,31,11,63,2
2026-09-05,S05,P302,17,0,17,0,70,3
2026-09-05,S05,P303,26,0,26,0,73,3
2026-09-05,S05,P304,61,0,38,23,53,3
2026-09-05,S05,P305,37,0,28,9,45,2
2026-09-05,S05,P306,60,0,36,24,64,2
2026-09-05,S05,P330,66,0,25,41,49,1
2026-09-05,S05,P401,31,0,13,18,21,3
2026-09-05,S05,P402,58,0,20,38,30,3
2026-09-05,S05,P403,109,0,23,86,39,1
2026-09-05,S05,P404,18,0,18,0,21,3
2026-09-05,S05,P405,44,0,12,32,21,3
2026-09-05,S05,P406,81,0,17,64,31,1
2026-09-05,S05,P407,56,0,19,37,30,1
2026-09-05,S05,P442,33,0,33,0,53,3
2026-09-05,S05,P501,0,0,0,0,13,4
2026-09-05,S05,P502,12,0,8,7,14,3
2026-09-05,S05,P503,25,25,6,19,11,3
2026-09-05,S05,P504,32,0,13,19,24,1
2026-09-05,S05,P505,51,46,11,40,17,2
2026-09-05,S05,P601,9,0,7,2,13,2
2026-09-05,S05,P602,4,0,4,0,15,4
2026-09-05,S05,P603,72,59,13,59,19,1
2026-09-05,S05,P604,39,0,10,29,15,3
2026-09-05,S05,P605,10,0,6,4,11,2
2026-09-05,S05,P701,70,0,11,59,18,1
2026-09-05,S05,P702,80,0,15,65,25,1
2026-09-05,S05,P703,27,0,21,6,21,1
2026-09-05,S05,P704,34,0,14,20,25,1
2026-09-05,S05,P801,49,0,26,23,44,3
2026-09-05,S05,P802,38,0,21,17,32,3
2026-09-05,S05,P803,172,141,42,130,46,1
2026-09-05,S06,P101,0,0,0,0,86,4
2026-09-05,S06,P102,184,0,67,117,101,1
2026-09-05,S06,P103,234,0,72,162,142,2
2026-09-05,S06,P104,47,0,47,0,81,4
2026-09-05,S06,P105,0,0,0,0,98,4
2026-09-05,S06,P106,142,0,76,66,117,3
2026-09-05,S06,P201,193,0,37,156,88,1
2026-09-05,S06,P202,166,166,41,125,65,3
2026-09-05,S06,P203,95,0,36,59,60,2
2026-09-05,S06,P204,219,0,77,142,108,2
2026-09-05,S06,P205,23,0,18,5,29,4
2026-09-05,S06,P206,139,0,56,83,87,4
2026-09-05,S06,P207,228,228,50,178,73,3
2026-09-05,S06,P301,289,215,42,247,96,1
2026-09-05,S06,P302,214,0,47,167,76,1
2026-09-05,S06,P303,124,0,67,57,81,3
2026-09-05,S06,P304,134,0,48,86,72,2
2026-09-05,S06,P305,134,0,64,70,90,1
2026-09-05,S06,P306,137,0,35,102,82,3
2026-09-05,S06,P330,261,0,57,204,85,2
2026-09-05,S06,P401,97,0,28,69,48,1
2026-09-05,S06,P402,95,95,27,68,34,2
2026-09-05,S06,P403,68,0,24,44,42,2
2026-09-05,S06,P404,106,0,36,70,51,3
2026-09-05,S06,P405,81,0,38,43,60,4
2026-09-05,S06,P406,65,0,22,43,34,3
2026-09-05,S06,P407,74,0,27,47,41,3
2026-09-05,S06,P442,194,0,53,141,88,2
2026-09-05,S06,P501,21,0,15,6,25,3
2026-09-05,S06,P502,90,0,24,66,38,2
2026-09-05,S06,P503,94,79,25,72,34,2
2026-09-05,S06,P504,9,0,9,0,20,3
2026-09-05,S06,P505,89,89,26,63,27,3
2026-09-05,S06,P601,67,0,11,56,18,1
2026-09-05,S06,P602,29,0,21,8,33,2
2026-09-05,S06,P603,23,0,15,8,24,3
2026-09-05,S06,P604,37,0,8,29,19,1
2026-09-05,S06,P605,74,0,17,57,31,3
2026-09-05,S06,P701,46,0,16,30,20,1
2026-09-05,S06,P702,29,0,19,10,37,3
2026-09-05,S06,P703,44,0,26,18,32,1
2026-09-05,S06,P704,41,0,17,24,29,2
2026-09-05,S06,P801,58,0,45,13,53,1
2026-09-05,S06,P802,88,0,54,34,76,1
2026-09-05,S06,P803,35,0,35,0,53,4
2026-09-06,S01,P101,327,327,65,262,121,3
2026-09-06,S01,P102,108,0,69,39,98,2
2026-09-06,S01,P103,224,0,104,120,164,4
2026-09-06,S01,P104,262,262,64,198,143,3
2026-09-06,S01,P105,377,377,69,308,124,4
2026-09-06,S01,P106,66,0,66,0,126,3
2026-09-06,S01,P201,210,210,64,146,89,3
2026-09-06,S01,P202,340,0,98,242,150,1
2026-09-06,S01,P203,240,0,83,157,159,3
2026-09-06,S01,P204,254,0,89,165,117,3
2026-09-06,S01,P205,94,75,17,77,27,1
2026-09-06,S01,P206,142,0,54,88,92,3
2026-09-06,S01,P207,72,0,72,0,111,3
2026-09-06,S01,P301,225,0,71,154,139,2
2026-09-06,S01,P302,154,0,74,80,106,2
2026-09-06,S01,P303,286,286,99,187,109,3
2026-09-06,S01,P304,96,0,79,17,74,3
2026-09-06,S01,P305,110,0,68,42,76,2
2026-09-06,S01,P306,218,0,38,180,83,1
2026-09-06,S01,P330,23,0,23,0,93,4
2026-09-06,S01,P401,74,0,47,27,71,2
2026-09-06,S01,P402,42,0,28,14,46,2
2026-09-06,S01,P403,113,113,25,88,46,3
2026-09-06,S01,P404,136,0,32,104,61,4
2026-09-06,S01,P405,110,110,26,84,43,4
2026-09-06,S01,P406,208,208,40,168,71,4
2026-09-06,S01,P407,218,203,36,182,55,1
2026-09-06,S01,P442,211,0,60,151,132,3
2026-09-06,S01,P501,118,118,25,93,41,3
2026-09-06,S01,P502,68,0,17,51,28,1
2026-09-06,S01,P503,113,0,26,87,40,1
2026-09-06,S01,P504,19,0,19,0,30,3
2026-09-06,S01,P505,19,0,19,0,37,4
2026-09-06,S01,P601,100,0,23,77,32,2
2026-09-06,S01,P602,110,103,21,89,37,2
2026-09-06,S01,P603,95,95,19,76,36,4
2026-09-06,S01,P604,73,62,14,59,23,2
2026-09-06,S01,P605,87,0,23,64,33,1
2026-09-06,S01,P701,60,0,18,42,36,2
2026-09-06,S01,P702,0,0,0,0,53,4
2026-09-06,S01,P703,147,120,35,112,47,1
2026-09-06,S01,P704,23,0,16,7,33,3
2026-09-06,S01,P801,107,0,34,73,60,4
2026-09-06,S01,P802,190,185,41,149,90,2
2026-09-06,S01,P803,124,0,40,84,59,2
2026-09-06,S02,P101,908,908,223,685,333,3
2026-09-06,S02,P102,947,0,329,618,347,1
2026-09-06,S02,P103,412,0,271,141,334,1
2026-09-06,S02,P104,755,604,157,598,268,1
2026-09-06,S02,P105,780,780,213,567,300,3
2026-09-06,S02,P106,281,0,191,90,294,2
2026-09-06,S02,P201,805,0,205,600,283,1
2026-09-06,S02,P202,684,0,219,465,316,1
2026-09-06,S02,P203,273,0,204,69,255,1
2026-09-06,S02,P204,0,0,0,0,215,4
2026-09-06,S02,P205,157,0,64,93,116,2
2026-09-06,S02,P206,8,0,8,0,196,3
2026-09-06,S02,P207,625,0,248,377,307,1
2026-09-06,S02,P301,475,0,101,374,177,1
2026-09-06,S02,P302,778,0,179,599,326,2
2026-09-06,S02,P303,866,668,147,719,224,1
2026-09-06,S02,P304,827,0,197,630,325,1
2026-09-06,S02,P305,0,0,0,0,329,4
2026-09-06,S02,P306,739,739,132,607,214,4
2026-09-06,S02,P330,883,883,281,602,277,3
2026-09-06,S02,P401,184,0,87,97,111,3
2026-09-06,S02,P402,77,0,58,19,103,2
2026-09-06,S02,P403,0,0,0,0,114,4
2026-09-06,S02,P404,113,0,93,20,136,3
2026-09-06,S02,P405,449,449,87,362,164,3
2026-09-06,S02,P406,93,0,93,0,151,4
2026-09-06,S02,P407,424,424,90,334,189,2
2026-09-06,S02,P442,354,0,158,196,238,2
2026-09-06,S02,P501,89,0,39,50,80,4
2026-09-06,S02,P502,180,0,66,114,126,4
2026-09-06,S02,P503,144,0,83,61,106,3
2026-09-06,S02,P504,169,0,42,127,72,1
2026-09-06,S02,P505,220,220,43,177,73,4
2026-09-06,S02,P601,89,0,55,34,61,1
2026-09-06,S02,P602,145,0,54,91,99,1
2026-09-06,S02,P603,229,0,44,185,77,1
2026-09-06,S02,P604,0,0,0,0,84,4
2026-09-06,S02,P605,26,0,26,0,56,3
2026-09-06,S02,P701,132,0,70,62,101,2
2026-09-06,S02,P702,273,245,52,221,82,2
2026-09-06,S02,P703,119,0,68,51,78,2
2026-09-06,S02,P704,329,297,66,263,80,1
2026-09-06,S02,P801,54,0,54,0,134,3
2026-09-06,S02,P802,62,0,62,0,129,3
2026-09-06,S02,P803,196,0,103,93,194,2
2026-09-06,S03,P101,134,0,32,102,68,2
2026-09-06,S03,P102,46,0,46,0,93,2
2026-09-06,S03,P103,121,0,63,58,83,4
2026-09-06,S03,P104,121,0,40,81,63,1
2026-09-06,S03,P105,20,0,20,0,63,2
2026-09-06,S03,P106,171,171,60,111,84,4
2026-09-06,S03,P201,251,251,78,173,83,4
2026-09-06,S03,P202,184,184,50,134,75,4
2026-09-06,S03,P203,79,0,37,42,40,3
2026-09-06,S03,P204,80,0,57,23,89,2
2026-09-06,S03,P205,39,39,11,28,22,4
2026-09-06,S03,P206,0,0,0,0,67,4
2026-09-06,S03,P207,89,0,63,26,83,3
2026-09-06,S03,P301,133,0,34,99,59,1
2026-09-06,S03,P302,144,133,58,86,65,2
2026-09-06,S03,P303,91,0,34,57,86,3
2026-09-06,S03,P304,78,0,29,49,51,2
2026-09-06,S03,P305,149,0,46,103,81,1
2026-09-06,S03,P306,51,0,44,7,75,3
2026-09-06,S03,P330,160,132,39,117,66,1
2026-09-06,S03,P401,32,0,19,13,34,4
2026-09-06,S03,P402,57,57,27,30,33,4
2026-09-06,S03,P403,52,0,23,29,33,1
2026-09-06,S03,P404,18,0,17,1,23,2
2026-09-06,S03,P405,61,0,10,51,27,1
2026-09-06,S03,P406,74,0,20,54,35,3
2026-09-06,S03,P407,90,0,17,73,32,2
2026-09-06,S03,P442,205,0,62,143,72,1
2026-09-06,S03,P501,12,0,9,3,14,2
2026-09-06,S03,P502,7,0,7,0,22,4
2026-09-06,S03,P503,11,0,11,0,24,3
2026-09-06,S03,P504,2,0,2,0,16,4
2026-09-06,S03,P505,3,0,3,0,17,2
2026-09-06,S03,P601,19,0,14,5,18,1
2026-09-06,S03,P602,66,54,17,49,16,1
2026-09-06,S03,P603,0,0,0,0,13,4
2026-09-06,S03,P604,10,0,10,0,24,4
2026-09-06,S03,P605,41,0,18,23,19,4
2026-09-06,S03,P701,18,0,15,3,18,3
2026-09-06,S03,P702,62,62,12,50,17,4
2026-09-06,S03,P703,30,0,14,16,17,4
2026-09-06,S03,P704,71,48,18,53,26,1
2026-09-06,S03,P801,111,96,23,93,41,1
2026-09-06,S03,P802,66,0,23,43,36,3
2026-09-06,S03,P803,116,116,31,85,43,3
2026-09-06,S04,P101,116,0,62,54,95,4
2026-09-06,S04,P102,64,0,64,0,113,3
2026-09-06,S04,P103,0,0,0,0,105,4
2026-09-06,S04,P104,46,0,46,0,114,4
2026-09-06,S04,P105,161,0,95,66,145,3
2026-09-06,S04,P106,179,0,50,129,101,1
2026-09-06,S04,P201,201,0,69,132,96,1
2026-09-06,S04,P202,218,0,61,157,98,4
2026-09-06,S04,P203,140,0,57,83,99,3
2026-09-06,S04,P204,231,231,88,143,110,3
2026-09-06,S04,P205,47,0,22,25,27,4
2026-09-06,S04,P206,0,0,0,0,83,4
2026-09-06,S04,P207,307,307,65,242,114,4
2026-09-06,S04,P301,0,0,0,0,62,3
2026-09-06,S04,P302,109,0,78,31,85,1
2026-09-06,S04,P303,8,0,8,0,90,3
2026-09-06,S04,P304,203,0,48,155,79,2
2026-09-06,S04,P305,80,0,52,28,78,4
2026-09-06,S04,P306,35,0,35,0,127,3
2026-09-06,S04,P330,0,0,0,0,86,4
2026-09-06,S04,P401,99,0,40,59,73,1
2026-09-06,S04,P402,194,139,34,160,64,1
2026-09-06,S04,P403,132,0,24,108,44,1
2026-09-06,S04,P404,67,0,40,27,56,3
2026-09-06,S04,P405,114,97,37,77,53,2
2026-09-06,S04,P406,13,0,13,0,46,2
2026-09-06,S04,P407,37,0,26,11,57,3
2026-09-06,S04,P442,216,0,36,180,64,2
2026-09-06,S04,P501,102,102,20,82,29,2
2026-09-06,S04,P502,26,0,14,12,32,3
2026-09-06,S04,P503,34,0,22,12,34,2
2026-09-06,S04,P504,45,0,18,27,28,1
2026-09-06,S04,P505,65,0,17,48,25,1
2026-09-06,S04,P601,69,0,22,47,38,3
2026-09-06,S04,P602,122,97,20,102,30,1
2026-09-06,S04,P603,46,0,14,32,26,1
2026-09-06,S04,P604,64,0,20,44,25,1
2026-09-06,S04,P605,98,98,20,78,34,4
2026-09-06,S04,P701,85,0,25,60,41,2
2026-09-06,S04,P702,0,0,0,0,31,4
2026-09-06,S04,P703,0,0,0,0,45,3
2026-09-06,S04,P704,29,0,16,13,26,1
2026-09-06,S04,P801,16,0,16,0,64,3
2026-09-06,S04,P802,34,0,32,2,55,3
2026-09-06,S04,P803,74,0,27,47,38,3
2026-09-06,S05,P101,78,0,56,22,92,3
2026-09-06,S05,P102,10,0,10,0,72,3
2026-09-06,S05,P103,125,0,51,74,76,2
2026-09-06,S05,P104,114,0,50,64,56,1
2026-09-06,S05,P105,0,0,0,0,63,4
2026-09-06,S05,P106,53,0,53,0,69,3
2026-09-06,S05,P201,91,0,46,45,51,4
2026-09-06,S05,P202,149,149,48,101,69,3
2026-09-06,S05,P203,144,0,49,95,80,2
2026-09-06,S05,P204,51,0,47,4,60,2
2026-09-06,S05,P205,7,0,7,0,19,4
2026-09-06,S05,P206,58,0,36,22,50,2
2026-09-06,S05,P207,0,0,0,0,55,4
2026-09-06,S05,P301,142,131,32,110,63,2
2026-09-06,S05,P302,154,154,44,110,70,3
2026-09-06,S05,P303,121,121,36,85,73,3
2026-09-06,S05,P304,23,0,23,0,53,3
2026-09-06,S05,P305,90,81,27,63,45,2
2026-09-06,S05,P306,229,205,43,186,64,2
2026-09-06,S05,P330,190,149,39,151,49,1
2026-09-06,S05,P401,18,0,18,0,21,3
2026-09-06,S05,P402,38,0,15,23,30,3
2026-09-06,S05,P403,86,0,21,65,39,1
2026-09-06,S05,P404,0,0,0,0,21,3
2026-09-06,S05,P405,32,0,13,19,21,3
2026-09-06,S05,P406,64,0,16,48,31,1
2026-09-06,S05,P407,37,0,21,16,30,1
2026-09-06,S05,P442,0,0,0,0,53,3
2026-09-06,S05,P501,29,29,8,21,13,4
2026-09-06,S05,P502,4,0,4,0,14,3
2026-09-06,S05,P503,19,0,8,11,11,3
2026-09-06,S05,P504,84,65,16,68,24,1
2026-09-06,S05,P505,40,0,10,30,17,2
2026-09-06,S05,P601,40,38,9,31,13,2
2026-09-06,S05,P602,0,0,0,0,15,4
2026-09-06,S05,P603,59,0,12,47,19,1
2026-09-06,S05,P604,29,0,10,19,15,3
2026-09-06,S05,P605,27,23,4,23,11,2
2026-09-06,S05,P701,59,0,17,42,18,1
2026-09-06,S05,P702,65,0,23,42,25,1
2026-09-06,S05,P703,53,47,18,35,21,1
2026-09-06,S05,P704,65,45,16,49,25,1
2026-09-06,S05,P801,23,0,20,3,44,3
2026-09-06,S05,P802,17,0,17,0,32,3
2026-09-06,S05,P803,130,0,23,107,46,1
2026-09-06,S06,P101,233,233,76,157,86,4
2026-09-06,S06,P102,117,0,79,38,101,1
2026-09-06,S06,P103,162,0,91,71,142,2
2026-09-06,S06,P104,0,0,0,0,81,4
2026-09-06,S06,P105,220,220,92,128,98,4
2026-09-06,S06,P106,66,0,66,0,117,3
2026-09-06,S06,P201,156,0,48,108,88,1
2026-09-06,S06,P202,125,0,60,65,65,3
2026-09-06,S06,P203,59,0,43,16,60,2
2026-09-06,S06,P204,142,0,50,92,108,2
2026-09-06,S06,P205,5,0,5,0,29,4
2026-09-06,S06,P206,83,0,70,13,87,4
2026-09-06,S06,P207,178,0,52,126,73,3
2026-09-06,S06,P301,247,0,51,196,96,1
2026-09-06,S06,P302,167,0,61,106,76,1
2026-09-06,S06,P303,57,0,57,0,81,3
2026-09-06,S06,P304,86,0,42,44,72,2
2026-09-06,S06,P305,359,289,51,308,90,1
2026-09-06,S06,P306,102,0,44,58,82,3
2026-09-06,S06,P330,204,0,55,149,85,2
2026-09-06,S06,P401,69,0,24,45,48,1
2026-09-06,S06,P402,68,0,22,46,34,2
2026-09-06,S06,P403,44,0,21,28,42,2
2026-09-06,S06,P404,70,0,40,30,51,3
2026-09-06,S06,P405,43,0,25,18,60,4
2026-09-06,S06,P406,43,0,24,19,34,3
2026-09-06,S06,P407,47,0,22,25,41,3
2026-09-06,S06,P442,141,0,47,94,88,2
2026-09-06,S06,P501,6,0,6,0,25,3
2026-09-06,S06,P502,66,0,24,42,38,2
2026-09-06,S06,P503,69,0,15,54,34,2
2026-09-06,S06,P504,52,52,14,38,20,3
2026-09-06,S06,P505,63,0,20,43,27,3
2026-09-06,S06,P601,56,0,12,44,18,1
2026-09-06,S06,P602,89,81,23,66,33,2
2026-09-06,S06,P603,8,0,8,0,24,3
2026-09-06,S06,P604,29,0,9,20,19,1
2026-09-06,S06,P605,57,0,18,39,31,3
2026-09-06,S06,P701,30,0,15,15,20,1
2026-09-06,S06,P702,10,0,10,0,37,3
2026-09-06,S06,P703,109,91,24,85,32,1
2026-09-06,S06,P704,24,0,15,9,29,2
2026-09-06,S06,P801,177,164,30,147,53,1
2026-09-06,S06,P802,248,214,61,187,76,1
2026-09-06,S06,P803,0,0,0,0,53,4
2026-09-07,S01,P101,262,0,56,206,121,3
2026-09-07,S01,P102,39,0,39,0,98,2
2026-09-07,S01,P103,120,0,46,74,164,4
2026-09-07,S01,P104,198,0,34,164,143,3
2026-09-07,S01,P105,308,0,82,226,124,4
2026-09-07,S01,P106,0,0,0,0,126,3
2026-09-07,S01,P201,146,0,34,112,89,3
2026-09-07,S01,P202,242,0,51,191,150,1
2026-09-07,S01,P203,157,0,60,97,159,3
2026-09-07,S01,P204,165,0,35,128,117,3
2026-09-07,S01,P205,77,0,20,57,27,1
2026-09-07,S01,P206,88,0,41,47,92,3
2026-09-07,S01,P207,0,0,0,0,111,3
2026-09-07,S01,P301,154,0,49,105,139,2
2026-09-07,S01,P302,80,0,53,27,106,2
2026-09-07,S01,P303,187,0,54,133,109,3
2026-09-07,S01,P304,17,0,17,0,74,3
2026-09-07,S01,P305,42,0,39,3,76,2
2026-09-07,S01,P306,180,0,36,144,83,1
2026-09-07,S01,P330,0,0,0,0,93,4
2026-09-07,S01,P401,27,0,27,0,71,2
2026-09-07,S01,P402,115,101,15,100,46,2
2026-09-07,S01,P403,88,0,19,69,46,3
2026-09-07,S01,P404,104,0,23,81,61,4
2026-09-07,S01,P405,84,0,18,66,43,4
2026-09-07,S01,P406,168,0,29,139,71,4
2026-09-07,S01,P407,182,0,20,162,55,1
2026-09-07,S01,P442,151,0,43,108,132,3
2026-09-07,S01,P501,93,0,15,78,41,3
2026-09-07,S01,P502,51,0,11,40,28,1
2026-09-07,S01,P503,87,0,8,79,40,1
2026-09-07,S01,P504,0,0,0,0,30,3
2026-09-07,S01,P505,0,0,0,0,37,4
2026-09-07,S01,P601,77,0,19,58,32,2
2026-09-07,S01,P602,89,0,9,80,37,2
2026-09-07,S01,P603,76,0,12,64,36,4
2026-09-07,S01,P604,59,0,9,50,23,2
2026-09-07,S01,P605,64,0,20,44,33,1
2026-09-07,S01,P701,42,0,15,27,36,2
2026-09-07,S01,P702,148,148,17,131,53,4
2026-09-07,S01,P703,112,0,21,91,47,1
2026-09-07,S01,P704,7,0,7,0,33,3
2026-09-07,S01,P801,73,0,26,47,60,4
2026-09-07,S01,P802,149,0,46,103,90,2
2026-09-07,S01,P803,84,0,26,58,59,2
2026-09-07,S02,P101,685,0,146,539,333,3
2026-09-07,S02,P102,618,0,182,436,347,1
2026-09-07,S02,P103,921,780,172,749,334,1
2026-09-07,S02,P104,598,0,162,436,268,1
2026-09-07,S02,P105,567,0,145,422,300,3
2026-09-07,S02,P106,786,696,125,661,294,2
2026-09-07,S02,P201,600,0,119,481,283,1
2026-09-07,S02,P202,465,0,126,339,316,1
2026-09-07,S02,P203,703,634,172,531,255,1
2026-09-07,S02,P204,395,395,111,284,215,4
2026-09-07,S02,P205,93,0,49,44,116,2
2026-09-07,S02,P206,584,584,105,479,196,3
2026-09-07,S02,P207,377,0,149,228,307,1
2026-09-07,S02,P301,374,0,76,298,177,1
2026-09-07,S02,P302,599,0,125,474,326,2
2026-09-07,S02,P303,719,0,92,627,224,1
2026-09-07,S02,P304,630,0,122,508,325,1
2026-09-07,S02,P305,612,612,187,425,329,4
2026-09-07,S02,P306,607,0,99,508,214,4
2026-09-07,S02,P330,602,0,138,464,277,3
2026-09-07,S02,P401,97,0,53,44,111,3
2026-09-07,S02,P402,218,199,37,181,103,2
2026-09-07,S02,P403,257,257,49,208,114,4
2026-09-07,S02,P404,20,0,20,0,136,3
2026-09-07,S02,P405,362,0,60,302,164,3
2026-09-07,S02,P406,0,0,0,0,151,4
2026-09-07,S02,P407,334,0,35,299,189,2
2026-09-07,S02,P442,196,0,112,84,238,2
2026-09-07,S02,P501,50,0,36,14,80,4
2026-09-07,S02,P502,114,0,32,82,126,4
2026-09-07,S02,P503,61,0,46,15,106,3
2026-09-07,S02,P504,127,0,37,90,72,1
2026-09-07,S02,P505,177,0,29,148,73,4
2026-09-07,S02,P601,208,174,22,186,61,1
2026-09-07,S02,P602,381,290,35,346,99,1
2026-09-07,S02,P603,185,0,19,166,77,1
2026-09-07,S02,P604,0,0,0,0,84,4
2026-09-07,S02,P605,0,0,0,0,56,3
2026-09-07,S02,P701,62,0,58,4,101,2
2026-09-07,S02,P702,221,0,46,175,82,2
2026-09-07,S02,P703,51,0,35,16,78,2
2026-09-07,S02,P704,263,0,60,203,80,1
2026-09-07,S02,P801,0,0,0,0,134,3
2026-09-07,S02,P802,0,0,0,0,129,3
2026-09-07,S02,P803,93,0,72,21,194,2
2026-09-07,S03,P101,102,0,31,71,68,2
2026-09-07,S03,P102,243,243,48,195,93,2
2026-09-07,S03,P103,58,0,44,14,83,4
2026-09-07,S03,P104,81,0,29,52,63,1
2026-09-07,S03,P105,155,155,13,142,63,2
2026-09-07,S03,P106,111,0,37,74,84,4
2026-09-07,S03,P201,173,0,36,137,83,4
2026-09-07,S03,P202,134,0,29,105,75,4
2026-09-07,S03,P203,42,0,24,18,40,3
2026-09-07,S03,P204,242,219,35,212,89,2
2026-09-07,S03,P205,28,0,6,22,22,4
2026-09-07,S03,P206,0,0,0,0,67,4
2026-09-07,S03,P207,26,0,26,0,83,3
2026-09-07,S03,P301,99,0,20,79,59,1
2026-09-07,S03,P302,86,0,24,62,65,2
2026-09-07,S03,P303,57,0,34,23,86,3
2026-09-07,S03,P304,49,0,29,20,51,2
2026-09-07,S03,P305,103,0,27,76,81,1
2026-09-07,S03,P306,7,0,7,0,75,3
2026-09-07,S03,P330,121,0,24,97,66,1
2026-09-07,S03,P401,13,0,12,1,34,4
2026-09-07,S03,P402,30,0,13,17,33,4
2026-09-07,S03,P403,112,83,14,98,33,1
2026-09-07,S03,P404,84,83,11,73,23,2
2026-09-07,S03,P405,51,0,11,40,27,1
2026-09-07,S03,P406,54,0,17,37,35,3
2026-09-07,S03,P407,73,0,10,66,32,2
2026-09-07,S03,P442,143,0,31,112,72,1
2026-09-07,S03,P501,52,49,5,47,14,2
2026-09-07,S03,P502,0,0,0,0,22,4
2026-09-07,S03,P503,0,0,0,0,24,3
2026-09-07,S03,P504,0,0,0,0,16,4
2026-09-07,S03,P505,31,31,6,25,17,2
2026-09-07,S03,P601,52,47,5,47,18,1
2026-09-07,S03,P602,49,0,7,42,16,1
2026-09-07,S03,P603,0,0,0,0,13,4
2026-09-07,S03,P604,0,0,0,0,24,4
2026-09-07,S03,P605,23,0,5,18,19,4
2026-09-07,S03,P701,3,0,3,0,18,3
2026-09-07,S03,P702,50,0,8,47,17,4
2026-09-07,S03,P703,16,0,12,4,17,4
2026-09-07,S03,P704,53,0,12,41,26,1
2026-09-07,S03,P801,88,0,18,70,41,1
2026-09-07,S03,P802,43,0,15,28,36,3
2026-09-07,S03,P803,85,0,12,73,43,3
2026-09-07,S04,P101,54,0,39,15,95,4
2026-09-07,S04,P102,0,0,0,0,113,3
2026-09-07,S04,P103,0,0,0,0,105,4
2026-09-07,S04,P104,0,0,0,0,114,4
2026-09-07,S04,P105,66,0,66,0,145,3
2026-09-07,S04,P106,129,0,38,91,101,1
2026-09-07,S04,P201,132,0,38,94,96,1
2026-09-07,S04,P202,157,0,66,91,98,4
2026-09-07,S04,P203,83,0,45,38,99,3
2026-09-07,S04,P204,143,0,53,90,110,3
2026-09-07,S04,P205,25,0,10,15,27,4
2026-09-07,S04,P206,201,201,35,166,83,4
2026-09-07,S04,P207,242,0,48,194,114,4
2026-09-07,S04,P301,176,176,18,158,62,3
2026-09-07,S04,P302,257,226,37,220,85,1
2026-09-07,S04,P303,275,275,41,234,90,3
2026-09-07,S04,P304,155,0,36,115,79,2
2026-09-07,S04,P305,28,0,28,0,78,4
2026-09-07,S04,P306,317,317,44,273,127,3
2026-09-07,S04,P330,244,244,34,210,86,4
2026-09-07,S04,P401,253,194,21,228,73,1
2026-09-07,S04,P402,160,0,25,135,64,1
2026-09-07,S04,P403,108,0,12,96,44,1
2026-09-07,S04,P404,27,0,26,1,56,3
2026-09-07,S04,P405,77,0,19,58,53,2
2026-09-07,S04,P406,158,158,17,141,46,2
2026-09-07,S04,P407,11,0,11,0,57,3
2026-09-07,S04,P442,180,0,29,151,64,2
2026-09-07,S04,P501,82,0,15,67,29,2
2026-09-07,S04,P502,12,0,11,1,32,3
2026-09-07,S04,P503,12,0,11,1,34,2
2026-09-07,S04,P504,93,66,14,75,28,1
2026-09-07,S04,P505,48,0,9,39,25,1
2026-09-07,S04,P601,47,0,11,36,38,3
2026-09-07,S04,P602,102,0,16,86,30,1
2026-09-07,S04,P603,32,0,8,24,26,1
2026-09-07,S04,P604,44,0,12,32,25,1
2026-09-07,S04,P605,78,0,11,67,34,4
2026-09-07,S04,P701,60,0,11,49,41,2
2026-09-07,S04,P702,82,82,9,73,31,4
2026-09-07,S04,P703,130,130,27,103,45,3
2026-09-07,S04,P704,80,67,7,73,26,1
2026-09-07,S04,P801,167,167,34,133,64,3
2026-09-07,S04,P802,2,0,2,0,55,3
2026-09-07,S04,P803,47,0,19,28,38,3
2026-09-07,S05,P101,22,0,21,1,92,3
2026-09-07,S05,P102,172,172,28,144,72,3
2026-09-07,S05,P103,74,0,37,37,76,2
2026-09-07,S05,P104,64,0,26,38,56,1
2026-09-07,S05,P105,0,0,0,0,63,4
2026-09-07,S05,P106,0,0,0,0,69,3
2026-09-07,S05,P201,45,0,26,19,51,4
2026-09-07,S05,P202,101,0,42,59,69,3
2026-09-07,S05,P203,95,0,27,64,80,2
2026-09-07,S05,P204,213,209,28,185,60,2
2026-09-07,S05,P205,0,0,0,0,19,4
2026-09-07,S05,P206,22,0,15,7,50,2
2026-09-07,S05,P207,134,134,19,115,55,4
2026-09-07,S05,P301,110,0,27,83,63,2
2026-09-07,S05,P302,110,0,25,85,70,3
2026-09-07,S05,P303,85,0,21,64,73,3
2026-09-07,S05,P304,0,0,0,0,53,3
2026-09-07,S05,P305,63,0,17,46,45,2
2026-09-07,S05,P306,186,0,23,163,64,2
2026-09-07,S05,P330,151,0,27,124,49,1
2026-09-07,S05,P401,0,0,0,0,21,3
2026-09-07,S05,P402,23,0,11,12,30,3
2026-09-07,S05,P403,65,0,14,51,39,1
2026-09-07,S05,P404,44,44,7,37,21,3
2026-09-07,S05,P405,19,0,13,6,21,3
2026-09-07,S05,P406,48,0,9,39,31,1
2026-09-07,S05,P407,108,92,14,94,30,1
2026-09-07,S05,P442,137,137,19,118,53,3
2026-09-07,S05,P501,21,0,5,16,13,4
2026-09-07,S05,P502,37,37,7,30,14,3
2026-09-07,S05,P503,11,0,4,7,11,3
2026-09-07,S05,P504,68,0,10,58,24,1
2026-09-07,S05,P505,30,0,6,24,17,2
2026-09-07,S05,P601,31,0,5,26,13,2
2026-09-07,S05,P602,30,30,6,24,15,4
2026-09-07,S05,P603,47,0,8,39,19,1
2026-09-07,S05,P604,19,0,5,14,15,3
2026-09-07,S05,P605,23,0,6,17,11,2
2026-09-07,S05,P701,42,0,9,33,18,1
2026-09-07,S05,P702,42,0,14,28,25,1
2026-09-07,S05,P703,35,0,11,24,21,1
2026-09-07,S05,P704,49,0,8,41,25,1
2026-09-07,S05,P801,3,0,3,0,44,3
2026-09-07,S05,P802,0,0,0,0,32,3
2026-09-07,S05,P803,107,0,18,89,46,1
2026-09-07,S06,P101,157,0,33,124,86,4
2026-09-07,S06,P102,283,245,45,238,101,1
2026-09-07,S06,P103,71,0,39,32,142,2
2026-09-07,S06,P104,0,0,0,0,81,4
2026-09-07,S06,P105,128,0,52,76,98,4
2026-09-07,S06,P106,0,0,0,0,117,3
2026-09-07,S06,P201,108,0,38,70,88,1
2026-09-07,S06,P202,65,0,34,36,65,3
2026-09-07,S06,P203,167,151,26,141,60,2
2026-09-07,S06,P204,92,0,43,49,108,2
2026-09-07,S06,P205,0,0,0,0,29,4
2026-09-07,S06,P206,13,0,13,0,87,4
2026-09-07,S06,P207,126,0,28,98,73,3
2026-09-07,S06,P301,196,0,41,155,96,1
2026-09-07,S06,P302,106,0,28,78,76,1
2026-09-07,S06,P303,0,0,0,0,81,3
2026-09-07,S06,P304,44,0,24,20,72,2
2026-09-07,S06,P305,308,0,42,266,90,1
2026-09-07,S06,P306,58,0,37,21,82,3
2026-09-07,S06,P330,149,0,35,114,85,2
2026-09-07,S06,P401,178,133,15,163,48,1
2026-09-07,S06,P402,46,0,22,24,34,2
2026-09-07,S06,P403,23,0,14,9,42,2
2026-09-07,S06,P404,30,0,17,13,51,3
2026-09-07,S06,P405,18,0,18,0,60,4
2026-09-07,S06,P406,19,0,16,3,34,3
2026-09-07,S06,P407,25,0,19,6,41,3
2026-09-07,S06,P442,94,0,34,60,88,2
2026-09-07,S06,P501,75,75,11,64,25,3
2026-09-07,S06,P502,42,0,11,31,38,2
2026-09-07,S06,P503,54,0,15,39,34,2
2026-09-07,S06,P504,38,0,8,30,20,3
2026-09-07,S06,P505,43,0,15,28,27,3
2026-09-07,S06,P601,44,0,6,38,18,1
2026-09-07,S06,P602,66,0,11,55,33,2
2026-09-07,S06,P603,61,61,9,52,24,3
2026-09-07,S06,P604,20,0,7,13,19,1
2026-09-07,S06,P605,39,0,10,29,31,3
2026-09-07,S06,P701,69,54,7,62,20,1
2026-09-07,S06,P702,87,87,17,70,37,3
2026-09-07,S06,P703,85,0,13,72,32,1
2026-09-07,S06,P704,73,64,14,59,29,2
2026-09-07,S06,P801,147,0,20,127,53,1
2026-09-07,S06,P802,187,0,29,158,76,1
2026-09-07,S06,P803,0,0,0,0,53,4
2026-09-08,S01,P101,206,0,64,142,121,3
2026-09-08,S01,P102,333,333,58,275,98,2
2026-09-08,S01,P103,74,0,74,0,164,4
2026-09-08,S01,P104,164,0,53,111,143,3
2026-09-08,S01,P105,226,0,69,157,124,4
2026-09-08,S01,P106,294,294,60,234,126,3
2026-09-08,S01,P201,112,0,35,77,89,3
2026-09-08,S01,P202,191,0,72,119,150,1
2026-09-08,S01,P203,97,0,59,38,159,3
2026-09-08,S01,P204,130,0,64,66,117,3
2026-09-08,S01,P205,57,0,17,40,27,1
2026-09-08,S01,P206,47,0,37,10,92,3
2026-09-08,S01,P207,343,343,49,294,111,3
2026-09-08,S01,P301,105,0,43,62,139,2
2026-09-08,S01,P302,392,365,59,333,106,2
2026-09-08,S01,P303,133,0,61,72,109,3
2026-09-08,S01,P304,0,0,0,0,74,3
2026-09-08,S01,P305,169,166,49,120,76,2
2026-09-08,S01,P306,144,0,35,109,83,1
2026-09-08,S01,P330,221,221,45,176,93,4
2026-09-08,S01,P401,184,184,34,150,71,2
2026-09-08,S01,P402,100,0,23,77,46,2
2026-09-08,S01,P403,69,0,25,44,46,3
2026-09-08,S01,P404,81,0,24,57,61,4
2026-09-08,S01,P405,66,0,25,41,43,4
2026-09-08,S01,P406,139,0,33,106,71,4
2026-09-08,S01,P407,162,0,31,131,55,1
2026-09-08,S01,P442,108,0,51,57,132,3
2026-09-08,S01,P501,78,0,15,63,41,3
2026-09-08,S01,P502,40,0,14,26,28,1
2026-09-08,S01,P503,79,0,22,57,40,1
2026-09-08,S01,P504,95,95,17,78,30,3
2026-09-08,S01,P505,0,0,0,0,37,4
2026-09-08,S01,P601,58,0,16,42,32,2
2026-09-08,S01,P602,80,0,23,57,37,2
2026-09-08,S01,P603,64,0,17,47,36,4
2026-09-08,S01,P604,50,0,14,36,23,2
2026-09-08,S01,P605,44,0,22,22,33,1
2026-09-08,S01,P701,27,0,19,8,36,2
2026-09-08,S01,P702,131,0,21,110,53,4
2026-09-08,S01,P703,91,0,20,71,47,1
2026-09-08,S01,P704,62,62,11,51,33,3
2026-09-08,S01,P801,47,0,32,15,60,4
2026-09-08,S01,P802,103,0,43,60,90,2
2026-09-08,S01,P803,58,0,27,31,59,2
2026-09-08,S02,P101,539,0,135,404,333,3
2026-09-08,S02,P102,436,0,210,226,347,1
2026-09-08,S02,P103,749,0,151,598,334,1
2026-09-08,S02,P104,436,0,117,319,268,1
2026-09-08,S02,P105,422,0,159,263,300,3
2026-09-08,S02,P106,661,0,149,512,294,2
2026-09-08,S02,P201,481,0,111,370,283,1
2026-09-08,S02,P202,339,0,122,217,316,1
2026-09-08,S02,P203,531,0,169,362,255,1
2026-09-08,S02,P204,284,0,74,210,215,4
2026-09-08,S02,P205,305,261,72,233,116,2
2026-09-08,S02,P206,479,0,135,344,196,3
2026-09-08,S02,P207,764,536,143,621,307,1
2026-09-08,S02,P301,298,0,96,202,177,1
2026-09-08,S02,P302,474,0,161,313,326,2
2026-09-08,S02,P303,627,0,71,556,224,1
2026-09-08,S02,P304,508,0,136,372,325,1
2026-09-08,S02,P305,425,0,177,248,329,4
2026-09-08,S02,P306,508,0,127,381,214,4
2026-09-08,S02,P330,464,0,180,284,277,3
2026-09-08,S02,P401,44,0,44,0,111,3
2026-09-08,S02,P402,181,0,39,142,103,2
2026-09-08,S02,P403,208,0,66,142,114,4
2026-09-08,S02,P404,254,254,76,178,136,3
2026-09-08,S02,P405,302,0,68,234,164,3
2026-09-08,S02,P406,0,0,0,0,151,4
2026-09-08,S02,P407,299,0,63,236,189,2
2026-09-08,S02,P442,816,732,121,695,238,2
2026-09-08,S02,P501,14,0,14,0,80,4
2026-09-08,S02,P502,82,0,47,35,126,4
2026-09-08,S02,P503,15,0,15,0,106,3
2026-09-08,S02,P504,90,0,35,55,72,1
2026-09-08,S02,P505,148,0,28,120,73,4
2026-09-08,S02,P601,186,0,35,151,61,1
2026-09-08,S02,P602,346,0,47,299,99,1
2026-09-08,S02,P603,166,0,38,128,77,1
2026-09-08,S02,P604,216,216,41,175,84,4
2026-09-08,S02,P605,117,117,31,86,56,3
2026-09-08,S02,P701,258,254,47,211,101,2
2026-09-08,S02,P702,175,0,43,132,82,2
2026-09-08,S02,P703,177,161,48,129,78,2
2026-09-08,S02,P704,203,0,43,160,80,1
2026-09-08,S02,P801,404,404,65,339,134,3
2026-09-08,S02,P802,411,411,69,342,129,3
2026-09-08,S02,P803,502,481,92,410,194,2
2026-09-08,S03,P101,71,0,28,43,68,2
2026-09-08,S03,P102,195,0,53,142,93,2
2026-09-08,S03,P103,14,0,14,0,83,4
2026-09-08,S03,P104,198,146,50,148,63,1
2026-09-08,S03,P105,142,0,25,117,63,2
2026-09-08,S03,P106,74,0,41,33,84,4
2026-09-08,S03,P201,137,0,44,93,83,4
2026-09-08,S03,P202,105,0,37,68,75,4
2026-09-08,S03,P203,18,0,18,0,40,3
2026-09-08,S03,P204,207,0,45,162,89,2
2026-09-08,S03,P205,22,0,12,10,22,4
2026-09-08,S03,P206,165,165,41,124,67,4
2026-09-08,S03,P207,0,0,0,0,83,3
2026-09-08,S03,P301,79,0,32,47,59,1
2026-09-08,S03,P302,62,0,33,29,65,2
2026-09-08,S03,P303,23,0,22,1,86,3
2026-09-08,S03,P304,158,138,24,134,51,2
2026-09-08,S03,P305,235,159,34,201,81,1
2026-09-08,S03,P306,225,225,38,187,75,3
2026-09-08,S03,P330,97,0,27,70,66,1
2026-09-08,S03,P401,1,0,1,0,34,4
2026-09-08,S03,P402,17,0,15,2,33,4
2026-09-08,S03,P403,98,0,12,86,33,1
2026-09-08,S03,P404,73,0,15,58,23,2
2026-09-08,S03,P405,40,0,13,27,27,1
2026-09-08,S03,P406,37,0,14,23,35,3
2026-09-08,S03,P407,63,0,13,50,32,2
2026-09-08,S03,P442,112,0,30,82,72,1
2026-09-08,S03,P501,47,0,8,39,14,2
2026-09-08,S03,P502,41,41,6,35,22,4
2026-09-08,S03,P503,57,57,13,44,24,3
2026-09-08,S03,P504,55,55,8,50,16,4
2026-09-08,S03,P505,25,0,8,17,17,2
2026-09-08,S03,P601,47,0,12,35,18,1
2026-09-08,S03,P602,42,0,7,35,16,1
2026-09-08,S03,P603,48,48,7,41,13,4
2026-09-08,S03,P604,42,42,13,34,24,4
2026-09-08,S03,P605,18,0,9,9,19,4
2026-09-08,S03,P701,0,0,0,0,18,3
2026-09-08,S03,P702,42,0,13,29,17,4
2026-09-08,S03,P703,4,0,4,0,17,4
2026-09-08,S03,P704,41,0,19,22,26,1
2026-09-08,S03,P801,70,0,17,53,41,1
2026-09-08,S03,P802,28,0,16,12,36,3
2026-09-08,S03,P803,73,0,23,50,43,3
2026-09-08,S04,P101,15,0,15,0,95,4
2026-09-08,S04,P102,370,370,52,318,113,3
2026-09-08,S04,P103,267,267,45,222,105,4
2026-09-08,S04,P104,0,0,0,0,114,4
2026-09-08,S04,P105,0,0,0,0,145,3
2026-09-08,S04,P106,358,267,41,317,101,1
2026-09-08,S04,P201,329,235,49,280,96,1
2026-09-08,S04,P202,91,0,54,37,98,4
2026-09-08,S04,P203,38,0,38,0,99,3
2026-09-08,S04,P204,90,0,40,50,110,3
2026-09-08,S04,P205,15,0,13,2,27,4
2026-09-08,S04,P206,166,0,31,135,83,4
2026-09-08,S04,P207,194,0,54,140,114,4
2026-09-08,S04,P301,158,0,31,127,62,3
2026-09-08,S04,P302,220,0,32,188,85,1
2026-09-08,S04,P303,234,0,54,180,90,3
2026-09-08,S04,P304,119,0,46,73,79,2
2026-09-08,S04,P305,0,0,0,0,78,4
2026-09-08,S04,P306,273,0,73,200,127,3
2026-09-08,S04,P330,210,0,50,160,86,4
2026-09-08,S04,P401,232,0,34,198,73,1
2026-09-08,S04,P402,135,0,30,105,64,1
2026-09-08,S04,P403,96,0,17,79,44,1
2026-09-08,S04,P404,1,0,1,0,56,3
2026-09-08,S04,P405,58,0,29,29,53,2
2026-09-08,S04,P406,141,0,23,118,46,2
2026-09-08,S04,P407,107,107,27,80,57,3
2026-09-08,S04,P442,151,0,24,127,64,2
2026-09-08,S04,P501,67,0,23,44,29,2
2026-09-08,S04,P502,88,87,13,75,32,3
2026-09-08,S04,P503,78,77,21,57,34,2
2026-09-08,S04,P504,79,0,18,61,28,1
2026-09-08,S04,P505,39,0,14,25,25,1
2026-09-08,S04,P601,36,0,12,24,38,3
2026-09-08,S04,P602,86,0,14,72,30,1
2026-09-08,S04,P603,103,79,14,89,26,1
2026-09-08,S04,P604,32,0,11,21,25,1
2026-09-08,S04,P605,67,0,19,48,34,4
2026-09-08,S04,P701,49,0,18,31,41,2
2026-09-08,S04,P702,73,0,14,59,31,4
2026-09-08,S04,P703,103,0,21,82,45,3
2026-09-08,S04,P704,73,0,13,60,26,1
2026-09-08,S04,P801,133,0,23,110,64,3
2026-09-08,S04,P802,165,165,26,139,55,3
2026-09-08,S04,P803,28,0,24,4,38,3
2026-09-08,S05,P101,213,212,39,174,92,3
2026-09-08,S05,P102,144,0,35,109,72,3
2026-09-08,S05,P103,234,197,40,194,76,2
2026-09-08,S05,P104,224,186,25,199,56,1
2026-09-08,S05,P105,200,200,34,166,63,4
2026-09-08,S05,P106,255,255,38,217,69,3
2026-09-08,S05,P201,19,0,19,0,51,4
2026-09-08,S05,P202,59,0,33,26,69,3
2026-09-08,S05,P203,68,0,37,31,80,2
2026-09-08,S05,P204,185,0,24,161,60,2
2026-09-08,S05,P205,0,0,0,0,19,4
2026-09-08,S05,P206,147,140,24,123,50,2
2026-09-08,S05,P207,115,0,36,79,55,4
2026-09-08,S05,P301,83,0,25,58,63,2
2026-09-08,S05,P302,85,0,26,59,70,3
2026-09-08,S05,P303,64,0,33,31,73,3
2026-09-08,S05,P304,181,181,26,155,53,3
2026-09-08,S05,P305,46,0,21,25,45,2
2026-09-08,S05,P306,163,0,31,132,64,2
2026-09-08,S05,P330,124,0,26,98,49,1
2026-09-08,S05,P401,46,46,9,37,21,3
2026-09-08,S05,P402,12,0,12,0,30,3
2026-09-08,S05,P403,51,0,16,35,39,1
2026-09-08,S05,P404,37,0,6,31,21,3
2026-09-08,S05,P405,6,0,6,0,21,3
2026-09-08,S05,P406,39,0,12,27,31,1
2026-09-08,S05,P407,94,0,21,73,30,1
2026-09-08,S05,P442,118,0,26,92,53,3
2026-09-08,S05,P501,16,0,6,10,13,4
2026-09-08,S05,P502,30,0,8,22,14,3
2026-09-08,S05,P503,7,0,6,1,11,3
2026-09-08,S05,P504,58,0,9,49,24,1
2026-09-08,S05,P505,24,0,9,15,17,2
2026-09-08,S05,P601,26,0,6,20,13,2
2026-09-08,S05,P602,24,0,5,19,15,4
2026-09-08,S05,P603,39,0,11,28,19,1
2026-09-08,S05,P604,14,0,7,7,15,3
2026-09-08,S05,P605,17,0,4,13,11,2
2026-09-08,S05,P701,33,0,10,23,18,1
2026-09-08,S05,P702,28,0,11,17,25,1
2026-09-08,S05,P703,24,0,9,15,21,1
2026-09-08,S05,P704,41,0,11,30,25,1
2026-09-08,S05,P801,109,109,20,89,44,3
2026-09-08,S05,P802,104,104,12,92,32,3
2026-09-08,S05,P803,89,0,19,68,46,1
2026-09-08,S06,P101,124,0,31,93,86,4
2026-09-08,S06,P102,238,0,44,194,101,1
2026-09-08,S06,P103,348,316,54,294,142,2
2026-09-08,S06,P104,246,246,29,217,81,4
2026-09-08,S06,P105,76,0,36,40,98,4
2026-09-08,S06,P106,269,269,53,216,117,3
2026-09-08,S06,P201,226,156,45,181,88,1
2026-09-08,S06,P202,31,0,28,3,65,3
2026-09-08,S06,P203,141,0,27,114,60,2
2026-09-08,S06,P204,361,312,50,311,108,2
2026-09-08,S06,P205,103,103,15,88,29,4
2026-09-08,S06,P206,0,0,0,0,87,4
2026-09-08,S06,P207,98,0,29,69,73,3
2026-09-08,S06,P301,155,0,40,115,96,1
2026-09-08,S06,P302,78,0,37,41,76,1
2026-09-08,S06,P303,195,195,28,167,81,3
2026-09-08,S06,P304,172,152,27,145,72,2
2026-09-08,S06,P305,266,0,74,192,90,1
2026-09-08,S06,P306,21,0,21,0,82,3
2026-09-08,S06,P330,114,0,57,57,85,2
2026-09-08,S06,P401,163,0,23,140,48,1
2026-09-08,S06,P402,24,0,20,7,34,2
2026-09-08,S06,P403,127,118,21,106,42,2
2026-09-08,S06,P404,13,0,13,0,51,3
2026-09-08,S06,P405,0,0,0,0,60,4
2026-09-08,S06,P406,3,0,3,0,34,3
2026-09-08,S06,P407,6,0,6,0,41,3
2026-09-08,S06,P442,60,0,60,0,88,2
2026-09-08,S06,P501,64,0,12,52,25,3
2026-09-08,S06,P502,31,0,14,17,38,2
2026-09-08,S06,P503,39,0,18,21,34,2
2026-09-08,S06,P504,30,0,12,18,20,3
2026-09-08,S06,P505,28,0,15,13,27,3
2026-09-08,S06,P601,38,0,9,29,18,1
2026-09-08,S06,P602,55,0,12,43,33,2
2026-09-08,S06,P603,52,0,13,39,24,3
2026-09-08,S06,P604,66,53,9,57,19,1
2026-09-08,S06,P605,29,0,11,18,31,3
2026-09-08,S06,P701,62,0,13,49,20,1
2026-09-08,S06,P702,70,0,15,55,37,3
2026-09-08,S06,P703,72,0,13,59,32,1
2026-09-08,S06,P704,59,0,11,48,29,2
2026-09-08,S06,P801,127,0,22,105,53,1
2026-09-08,S06,P802,158,0,33,125,76,1
2026-09-08,S06,P803,152,152,18,134,53,4
2026-09-09,S01,P101,142,0,41,101,121,3
2026-09-09,S01,P102,275,0,74,201,98,2
2026-09-09,S01,P103,0,0,0,0,164,4
2026-09-09,S01,P104,111,0,69,42,143,3
2026-09-09,S01,P105,157,0,44,113,124,4
2026-09-09,S01,P106,234,0,55,179,126,3
2026-09-09,S01,P201,77,0,43,34,89,3
2026-09-09,S01,P202,562,443,96,466,150,1
2026-09-09,S01,P203,345,307,95,250,159,3
2026-09-09,S01,P204,66,0,49,17,117,3
2026-09-09,S01,P205,40,0,11,29,27,1
2026-09-09,S01,P206,294,284,52,242,92,3
2026-09-09,S01,P207,294,0,64,230,111,3
2026-09-09,S01,P301,400,338,72,328,139,2
2026-09-09,S01,P302,333,0,54,279,106,2
2026-09-09,S01,P303,72,0,52,20,109,3
2026-09-09,S01,P304,201,201,43,158,74,3
2026-09-09,S01,P305,120,0,43,77,76,2
2026-09-09,S01,P306,109,0,33,76,83,1
2026-09-09,S01,P330,176,0,32,144,93,4
2026-09-09,S01,P401,150,0,27,123,71,2
2026-09-09,S01,P402,77,0,22,55,46,2
2026-09-09,S01,P403,44,0,29,15,46,3
2026-09-09,S01,P404,57,0,29,28,61,4
2026-09-09,S01,P405,41,0,18,28,43,4
2026-09-09,S01,P406,106,0,25,81,71,4
2026-09-09,S01,P407,131,0,35,96,55,1
2026-09-09,S01,P442,57,0,49,8,132,3
2026-09-09,S01,P501,63,0,15,48,41,3
2026-09-09,S01,P502,81,55,11,70,28,1
2026-09-09,S01,P503,57,0,16,41,40,1
2026-09-09,S01,P504,78,0,15,63,30,3
2026-09-09,S01,P505,102,102,18,84,37,4
2026-09-09,S01,P601,42,0,15,27,32,2
2026-09-09,S01,P602,57,0,14,43,37,2
2026-09-09,S01,P603,47,0,15,32,36,4
2026-09-09,S01,P604,36,0,12,24,23,2
2026-09-09,S01,P605,108,86,16,92,33,1
2026-09-09,S01,P701,98,90,14,84,36,2
2026-09-09,S01,P702,110,0,19,91,53,4
2026-09-09,S01,P703,71,0,20,51,47,1
2026-09-09,S01,P704,51,0,15,36,33,3
2026-09-09,S01,P801,15,0,15,0,60,4
2026-09-09,S01,P802,60,0,50,10,90,2
2026-09-09,S01,P803,185,154,34,151,59,2
2026-09-09,S02,P101,404,0,191,209,333,3
2026-09-09,S02,P102,1258,1032,162,1096,347,1
2026-09-09,S02,P103,598,0,146,452,334,1
2026-09-09,S02,P104,319,0,141,178,268,1
2026-09-09,S02,P105,263,0,137,126,300,3
2026-09-09,S02,P106,512,0,139,373,294,2
2026-09-09,S02,P201,370,0,162,208,283,1
2026-09-09,S02,P202,782,565,154,628,316,1
2026-09-09,S02,P203,362,0,200,162,255,1
2026-09-09,S02,P204,210,0,126,84,215,4
2026-09-09,S02,P205,233,0,47,186,116,2
2026-09-09,S02,P206,344,0,107,237,196,3
2026-09-09,S02,P207,621,0,115,506,307,1
2026-09-09,S02,P301,202,0,95,107,177,1
2026-09-09,S02,P302,313,0,152,161,326,2
2026-09-09,S02,P303,556,0,113,443,224,1
2026-09-09,S02,P304,372,0,142,230,325,1
2026-09-09,S02,P305,248,0,157,91,329,4
2026-09-09,S02,P306,381,0,125,256,214,4
2026-09-09,S02,P330,284,0,247,37,277,3
2026-09-09,S02,P401,258,258,46,212,111,3
2026-09-09,S02,P402,142,0,47,95,103,2
2026-09-09,S02,P403,142,0,43,99,114,4
2026-09-09,S02,P404,178,0,67,111,136,3
2026-09-09,S02,P405,234,0,80,154,164,3
2026-09-09,S02,P406,414,414,92,322,151,4
2026-09-09,S02,P407,236,0,82,154,189,2
2026-09-09,S02,P442,695,0,128,567,238,2
2026-09-09,S02,P501,0,0,0,0,80,4
2026-09-09,S02,P502,35,0,35,0,126,4
2026-09-09,S02,P503,225,225,56,169,106,3
2026-09-09,S02,P504,248,193,31,217,72,1
2026-09-09,S02,P505,120,0,38,82,73,4
2026-09-09,S02,P601,151,0,29,122,61,1
2026-09-09,S02,P602,299,0,53,246,99,1
2026-09-09,S02,P603,128,0,31,97,77,1
2026-09-09,S02,P604,175,0,36,139,84,4
2026-09-09,S02,P605,86,0,22,64,56,3
2026-09-09,S02,P701,211,0,42,169,101,2
2026-09-09,S02,P702,132,0,45,87,82,2
2026-09-09,S02,P703,129,0,33,101,78,2
2026-09-09,S02,P704,160,0,51,109,80,1
2026-09-09,S02,P801,339,0,80,259,134,3
2026-09-09,S02,P802,342,0,83,259,129,3
2026-09-09,S02,P803,410,0,85,325,194,2
2026-09-09,S03,P101,43,0,30,13,68,2
2026-09-09,S03,P102,142,0,42,105,93,2
2026-09-09,S03,P103,0,0,0,0,83,4
2026-09-09,S03,P104,148,0,39,109,63,1
2026-09-09,S03,P105,117,0,36,81,63,2
2026-09-09,S03,P106,33,0,33,0,84,4
2026-09-09,S03,P201,93,0,48,45,83,4
2026-09-09,S03,P202,68,0,46,22,75,4
2026-09-09,S03,P203,0,0,0,0,40,3
2026-09-09,S03,P204,162,0,40,122,89,2
2026-09-09,S03,P205,10,0,10,0,22,4
2026-09-09,S03,P206,124,0,34,90,67,4
2026-09-09,S03,P207,185,185,41,144,83,3
2026-09-09,S03,P301,196,149,24,172,59,1
2026-09-09,S03,P302,175,146,36,139,65,2
2026-09-09,S03,P303,198,197,35,163,86,3
2026-09-09,S03,P304,134,0,23,111,51,2
2026-09-09,S03,P305,201,0,28,173,81,1
2026-09-09,S03,P306,187,0,39,148,75,3
2026-09-09,S03,P330,70,0,31,39,66,1
2026-09-09,S03,P401,94,94,13,81,34,4
2026-09-09,S03,P402,2,0,2,0,33,4
2026-09-09,S03,P403,86,0,11,75,33,1
2026-09-09,S03,P404,58,0,12,46,23,2
2026-09-09,S03,P405,27,0,11,16,27,1
2026-09-09,S03,P406,23,0,17,6,35,3
2026-09-09,S03,P407,50,0,12,38,32,2
2026-09-09,S03,P442,82,0,23,59,72,1
2026-09-09,S03,P501,39,0,8,31,14,2
2026-09-09,S03,P502,35,0,11,24,22,4
2026-09-09,S03,P503,44,0,8,36,24,3
2026-09-09,S03,P504,47,0,6,41,16,4
2026-09-09,S03,P505,17,0,5,12,17,2
2026-09-09,S03,P601,35,0,8,27,18,1
2026-09-09,S03,P602,35,0,7,28,16,1
2026-09-09,S03,P603,41,0,7,34,13,4
2026-09-09,S03,P604,29,0,10,19,24,4
2026-09-09,S03,P605,9,0,9,0,19,4
2026-09-09,S03,P701,53,53,9,44,18,3
2026-09-09,S03,P702,29,0,11,18,17,4
2026-09-09,S03,P703,0,0,0,0,17,4
2026-09-09,S03,P704,85,63,15,70,26,1
2026-09-09,S03,P801,53,0,21,32,41,1
2026-09-09,S03,P802,12,0,12,0,36,3
2026-09-09,S03,P803,50,0,20,30,43,3
2026-09-09,S04,P101,0,0,0,0,95,4
2026-09-09,S04,P102,318,0,47,271,113,3
2026-09-09,S04,P103,222,0,42,180,105,4
2026-09-09,S04,P104,200,200,43,157,114,4
2026-09-09,S04,P105,281,281,47,234,145,3
2026-09-09,S04,P106,317,0,41,276,101,1
2026-09-09,S04,P201,280,0,49,231,96,1
2026-09-09,S04,P202,37,0,37,0,98,4
2026-09-09,S04,P203,323,323,36,287,99,3
2026-09-09,S04,P204,50,0,39,11,110,3
2026-09-09,S04,P205,2,0,2,0,27,4
2026-09-09,S04,P206,135,0,32,103,83,4
2026-09-09,S04,P207,140,0,60,80,114,4
2026-09-09,S04,P301,127,0,42,85,62,3
2026-09-09,S04,P302,188,0,34,154,85,1
2026-09-09,S04,P303,180,0,47,133,90,3
2026-09-09,S04,P304,73,0,39,34,79,2
2026-09-09,S04,P305,0,0,0,0,78,4
2026-09-09,S04,P306,200,0,45,155,127,3
2026-09-09,S04,P330,160,0,33,127,86,4
2026-09-09,S04,P401,198,0,33,165,73,1
2026-09-09,S04,P402,105,0,25,80,64,1
2026-09-09,S04,P403,79,0,17,62,44,1
2026-09-09,S04,P404,126,126,15,111,56,3
2026-09-09,S04,P405,29,0,23,6,53,2
2026-09-09,S04,P406,118,0,26,92,46,2
2026-09-09,S04,P407,80,0,24,56,57,3
2026-09-09,S04,P442,127,0,32,95,64,2
2026-09-09,S04,P501,44,0,13,31,29,2
2026-09-09,S04,P502,75,0,12,63,32,3
2026-09-09,S04,P503,57,0,11,46,34,2
2026-09-09,S04,P504,61,0,12,49,28,1
2026-09-09,S04,P505,25,0,11,14,25,1
2026-09-09,S04,P601,24,0,13,11,38,3
2026-09-09,S04,P602,72,0,14,58,30,1
2026-09-09,S04,P603,89,0,10,79,26,1
2026-09-09,S04,P604,78,57,11,67,25,1
2026-09-09,S04,P605,48,0,16,32,34,4
2026-09-09,S04,P701,31,0,16,15,41,2
2026-09-09,S04,P702,59,0,16,43,31,4
2026-09-09,S04,P703,82,0,18,64,45,3
2026-09-09,S04,P704,60,0,10,50,26,1
2026-09-09,S04,P801,110,0,34,76,64,3
2026-09-09,S04,P802,139,0,31,108,55,3
2026-09-09,S04,P803,4,0,4,0,38,3
2026-09-09,S05,P101,174,0,50,124,92,3
2026-09-09,S05,P102,109,0,40,69,72,3
2026-09-09,S05,P103,194,0,39,155,76,2
2026-09-09,S05,P104,199,0,35,164,56,1
2026-09-09,S05,P105,166,0,41,125,63,4
2026-09-09,S05,P106,217,0,53,164,69,3
2026-09-09,S05,P201,0,0,0,0,51,4
2026-09-09,S05,P202,26,0,26,0,69,3
2026-09-09,S05,P203,183,152,51,132,80,2
2026-09-09,S05,P204,161,0,36,125,60,2
2026-09-09,S05,P205,40,40,10,30,19,4
2026-09-09,S05,P206,123,0,25,98,50,2
2026-09-09,S05,P207,79,0,20,59,55,4
2026-09-09,S05,P301,58,0,30,28,63,2
2026-09-09,S05,P302,59,0,27,32,70,3
2026-09-09,S05,P303,31,0,31,0,73,3
2026-09-09,S05,P304,155,0,27,128,53,3
2026-09-09,S05,P305,25,0,22,3,45,2
2026-09-09,S05,P306,132,0,36,96,64,2
2026-09-09,S05,P330,98,0,25,73,49,1
2026-09-09,S05,P401,37,0,8,29,21,3
2026-09-09,S05,P402,76,76,13,63,30,3
2026-09-09,S05,P403,109,74,19,90,39,1
2026-09-09,S05,P404,31,0,9,22,21,3
2026-09-09,S05,P405,65,65,8,57,21,3
2026-09-09,S05,P406,113,86,13,100,31,1
2026-09-09,S05,P407,73,0,15,58,30,1
2026-09-09,S05,P442,92,0,25,67,53,3
2026-09-09,S05,P501,10,0,7,3,13,4
2026-09-09,S05,P502,22,0,7,15,14,3
2026-09-09,S05,P503,1,0,1,0,11,3
2026-09-09,S05,P504,49,0,13,36,24,1
2026-09-09,S05,P505,15,0,10,5,17,2
2026-09-09,S05,P601,20,0,5,15,13,2
2026-09-09,S05,P602,19,0,8,11,15,4
2026-09-09,S05,P603,28,0,9,19,19,1
2026-09-09,S05,P604,7,0,7,0,15,3
2026-09-09,S05,P605,13,0,4,9,11,2
2026-09-09,S05,P701,23,0,12,11,18,1
2026-09-09,S05,P702,68,51,10,58,25,1
2026-09-09,S05,P703,65,50,13,52,21,1
2026-09-09,S05,P704,30,0,12,18,25,1
2026-09-09,S05,P801,89,0,16,73,44,3
2026-09-09,S05,P802,92,0,15,77,32,3
2026-09-09,S05,P803,70,0,21,49,46,1
2026-09-09,S06,P101,93,0,34,59,86,4
2026-09-09,S06,P102,194,0,44,150,101,1
2026-09-09,S06,P103,294,0,54,240,142,2
2026-09-09,S06,P104,217,0,61,152,81,4
2026-09-09,S06,P105,40,0,40,0,98,4
2026-09-09,S06,P106,216,0,55,161,117,3
2026-09-09,S06,P201,181,0,35,146,88,1
2026-09-09,S06,P202,3,0,3,0,65,3
2026-09-09,S06,P203,114,0,24,90,60,2
2026-09-09,S06,P204,311,0,33,278,108,2
2026-09-09,S06,P205,88,0,10,78,29,4
2026-09-09,S06,P206,264,264,47,217,87,4
2026-09-09,S06,P207,69,0,34,35,73,3
2026-09-09,S06,P301,115,0,43,72,96,1
2026-09-09,S06,P302,199,158,28,171,76,1
2026-09-09,S06,P303,167,0,31,136,81,3
2026-09-09,S06,P304,145,0,32,113,72,2
2026-09-09,S06,P305,192,0,46,146,90,1
2026-09-09,S06,P306,188,188,51,137,82,3
2026-09-09,S06,P330,57,0,57,0,85,2
2026-09-09,S06,P401,140,0,21,119,48,1
2026-09-09,S06,P402,90,86,15,75,34,2
2026-09-09,S06,P403,106,0,14,92,42,2
2026-09-09,S06,P404,108,108,19,89,51,3
2026-09-09,S06,P405,127,127,27,100,60,4
2026-09-09,S06,P406,84,84,15,69,34,3
2026-09-09,S06,P407,80,80,17,63,41,3
2026-09-09,S06,P442,236,236,39,197,88,2
2026-09-09,S06,P501,52,0,13,39,25,3
2026-09-09,S06,P502,118,101,14,104,38,2
2026-09-09,S06,P503,21,0,15,6,34,2
2026-09-09,S06,P504,18,0,8,10,20,3
2026-09-09,S06,P505,13,0,13,0,27,3
2026-09-09,S06,P601,29,0,9,18,18,1
2026-09-09,S06,P602,43,0,15,28,33,2
2026-09-09,S06,P603,39,0,13,26,24,3
2026-09-09,S06,P604,57,0,9,48,19,1
2026-09-09,S06,P605,18,0,11,7,31,3
2026-09-09,S06,P701,49,0,10,39,20,1
2026-09-09,S06,P702,55,0,10,48,37,3
2026-09-09,S06,P703,59,0,21,38,32,1
2026-09-09,S06,P704,48,0,12,36,29,2
2026-09-09,S06,P801,105,0,33,72,53,1
2026-09-09,S06,P802,125,0,34,91,76,1
2026-09-09,S06,P803,134,0,41,93,53,4
2026-09-10,S01,P101,101,0,37,64,121,3
2026-09-10,S01,P102,201,0,50,151,98,2
2026-09-10,S01,P103,435,435,73,362,164,4
2026-09-10,S01,P104,42,0,42,0,143,3
2026-09-10,S01,P105,113,0,76,37,124,4
2026-09-10,S01,P106,179,0,51,128,126,3
2026-09-10,S01,P201,34,0,34,0,89,3
2026-09-10,S01,P202,466,0,71,395,150,1
2026-09-10,S01,P203,250,0,61,189,159,3
2026-09-10,S01,P204,17,0,17,0,117,3
2026-09-10,S01,P205,29,0,14,15,27,1
2026-09-10,S01,P206,242,0,43,199,92,3
2026-09-10,S01,P207,230,0,57,173,111,3
2026-09-10,S01,P301,328,0,62,266,139,2
2026-09-10,S01,P302,279,0,72,207,106,2
2026-09-10,S01,P303,20,0,20,0,109,3
2026-09-10,S01,P304,158,0,43,115,74,3
2026-09-10,S01,P305,77,0,43,34,76,2
2026-09-10,S01,P306,297,221,33,264,83,1
2026-09-10,S01,P330,144,0,32,112,93,4
2026-09-10,S01,P401,123,0,33,90,71,2
2026-09-10,S01,P402,55,0,16,39,46,2
2026-09-10,S01,P403,15,0,15,0,46,3
2026-09-10,S01,P404,28,0,27,1,61,4
2026-09-10,S01,P405,23,0,16,7,43,4
2026-09-10,S01,P406,81,0,31,50,71,4
2026-09-10,S01,P407,96,0,29,67,55,1
2026-09-10,S01,P442,318,310,65,253,132,3
2026-09-10,S01,P501,48,0,29,19,41,3
2026-09-10,S01,P502,70,0,13,57,28,1
2026-09-10,S01,P503,41,0,20,21,40,1
2026-09-10,S01,P504,63,0,11,52,30,3
2026-09-10,S01,P505,84,0,14,70,37,4
2026-09-10,S01,P601,27,0,13,14,32,2
2026-09-10,S01,P602,43,0,14,29,37,2
2026-09-10,S01,P603,32,0,16,16,36,4
2026-09-10,S01,P604,24,0,13,11,23,2
2026-09-10,S01,P605,92,0,16,76,33,1
2026-09-10,S01,P701,84,0,26,58,36,2
2026-09-10,S01,P702,91,0,30,61,53,4
2026-09-10,S01,P703,51,0,20,31,47,1
2026-09-10,S01,P704,36,0,14,22,33,3
2026-09-10,S01,P801,0,0,0,0,60,4
2026-09-10,S01,P802,237,227,57,180,90,2
2026-09-10,S01,P803,151,0,28,123,59,2
2026-09-10,S02,P101,213,0,155,58,333,3
2026-09-10,S02,P102,1096,0,176,920,347,1
2026-09-10,S02,P103,452,0,177,275,334,1
2026-09-10,S02,P104,679,501,146,533,268,1
2026-09-10,S02,P105,126,0,126,0,300,3
2026-09-10,S02,P106,373,0,159,214,294,2
2026-09-10,S02,P201,1048,840,147,901,283,1
2026-09-10,S02,P202,628,0,160,468,316,1
2026-09-10,S02,P203,809,647,260,549,255,1
2026-09-10,S02,P204,84,0,84,0,215,4
2026-09-10,S02,P205,186,0,58,128,116,2
2026-09-10,S02,P206,237,0,104,133,196,3
2026-09-10,S02,P207,506,0,172,334,307,1
2026-09-10,S02,P301,684,577,107,577,177,1
2026-09-10,S02,P302,1137,976,142,995,326,2
2026-09-10,S02,P303,443,0,87,356,224,1
2026-09-10,S02,P304,856,626,143,713,325,1
2026-09-10,S02,P305,91,0,91,0,329,4
2026-09-10,S02,P306,256,0,118,138,214,4
2026-09-10,S02,P330,37,0,37,0,277,3
2026-09-10,S02,P401,212,0,58,154,111,3
2026-09-10,S02,P402,95,0,44,51,103,2
2026-09-10,S02,P403,99,0,41,58,114,4
2026-09-10,S02,P404,111,0,69,42,136,3
2026-09-10,S02,P405,154,0,76,78,164,3
2026-09-10,S02,P406,322,0,56,266,151,4
2026-09-10,S02,P407,154,0,92,62,189,2
2026-09-10,S02,P442,567,0,108,459,238,2
2026-09-10,S02,P501,253,253,50,203,80,4
2026-09-10,S02,P502,345,345,42,303,126,4
2026-09-10,S02,P503,169,0,40,129,106,3
2026-09-10,S02,P504,217,0,38,179,72,1
2026-09-10,S02,P505,82,0,45,37,73,4
2026-09-10,S02,P601,122,0,40,82,61,1
2026-09-10,S02,P602,246,0,48,198,99,1
2026-09-10,S02,P603,97,0,43,54,77,1
2026-09-10,S02,P604,139,0,50,89,84,4
2026-09-10,S02,P605,64,0,33,31,56,3
2026-09-10,S02,P701,169,0,53,116,101,2
2026-09-10,S02,P702,87,0,40,45,82,2
2026-09-10,S02,P703,96,0,28,68,78,2
2026-09-10,S02,P704,109,0,55,54,80,1
2026-09-10,S02,P801,259,0,62,197,134,3
2026-09-10,S02,P802,259,0,53,206,129,3
2026-09-10,S02,P803,325,0,115,210,194,2
2026-09-10,S03,P101,190,177,38,152,68,2
2026-09-10,S03,P102,100,0,45,55,93,2
2026-09-10,S03,P103,269,269,47,222,83,4
2026-09-10,S03,P104,109,0,41,68,63,1
2026-09-10,S03,P105,81,0,30,51,63,2
2026-09-10,S03,P106,0,0,0,0,84,4
2026-09-10,S03,P201,45,0,39,6,83,4
2026-09-10,S03,P202,22,0,22,0,75,4
2026-09-10,S03,P203,128,128,22,106,40,3
2026-09-10,S03,P204,122,0,40,82,89,2
2026-09-10,S03,P205,0,0,0,0,22,4
2026-09-10,S03,P206,90,0,33,57,67,4
2026-09-10,S03,P207,144,0,38,106,83,3
2026-09-10,S03,P301,172,0,24,146,59,1
2026-09-10,S03,P302,139,0,37,102,65,2
2026-09-10,S03,P303,163,0,29,134,86,3
2026-09-10,S03,P304,111,0,26,85,51,2
2026-09-10,S03,P305,173,0,33,140,81,1
2026-09-10,S03,P306,148,0,38,110,75,3
2026-09-10,S03,P330,154,115,23,131,66,1
2026-09-10,S03,P401,81,0,10,71,34,4
2026-09-10,S03,P402,85,85,17,68,33,4
2026-09-10,S03,P403,75,0,9,66,33,1
2026-09-10,S03,P404,46,0,14,32,23,2
2026-09-10,S03,P405,67,51,9,58,27,1
2026-09-10,S03,P406,6,0,6,0,35,3
2026-09-10,S03,P407,38,0,15,23,32,2
2026-09-10,S03,P442,289,230,41,248,72,1
2026-09-10,S03,P501,31,0,8,23,14,2
2026-09-10,S03,P502,24,0,9,15,22,4
2026-09-10,S03,P503,36,0,7,27,24,3
2026-09-10,S03,P504,41,0,9,32,16,4
2026-09-10,S03,P505,12,0,6,9,17,2
2026-09-10,S03,P601,27,0,9,18,18,1
2026-09-10,S03,P602,28,0,7,21,16,1
2026-09-10,S03,P603,34,0,7,27,13,4
2026-09-10,S03,P604,19,0,8,11,24,4
2026-09-10,S03,P605,0,0,0,0,19,4
2026-09-10,S03,P701,44,0,8,36,18,3
2026-09-10,S03,P702,18,0,10,13,17,4
2026-09-10,S03,P703,44,44,9,35,17,4
2026-09-10,S03,P704,70,0,15,55,26,1
2026-09-10,S03,P801,161,129,24,137,41,1
2026-09-10,S03,P802,89,89,16,73,36,3
2026-09-10,S03,P803,30,0,22,8,43,3
2026-09-10,S04,P101,182,182,53,129,95,4
2026-09-10,S04,P102,271,0,44,227,113,3
2026-09-10,S04,P103,180,0,44,136,105,4
2026-09-10,S04,P104,157,0,44,113,114,4
2026-09-10,S04,P105,234,0,61,173,145,3
2026-09-10,S04,P106,276,0,34,242,101,1
2026-09-10,S04,P201,231,0,47,184,96,1
2026-09-10,S04,P202,0,0,0,0,98,4
2026-09-10,S04,P203,287,0,53,234,99,3
2026-09-10,S04,P204,257,246,77,180,110,3
2026-09-10,S04,P205,73,73,14,59,27,4
2026-09-10,S04,P206,103,0,48,55,83,4
2026-09-10,S04,P207,80,0,76,4,114,4
2026-09-10,S04,P301,85,0,32,53,62,3
2026-09-10,S04,P302,154,0,35,119,85,1
2026-09-10,S04,P303,133,0,46,87,90,3
2026-09-10,S04,P304,271,237,32,239,79,2
2026-09-10,S04,P305,232,232,45,183,78,4
2026-09-10,S04,P306,155,0,58,97,127,3
2026-09-10,S04,P330,127,0,30,97,86,4
2026-09-10,S04,P401,165,0,26,139,73,1
2026-09-10,S04,P402,80,0,29,51,64,1
2026-09-10,S04,P403,62,0,16,46,44,1
2026-09-10,S04,P404,111,0,26,85,56,3
2026-09-10,S04,P405,161,155,18,143,53,2
2026-09-10,S04,P406,92,0,24,68,46,2
2026-09-10,S04,P407,56,0,28,28,57,3
2026-09-10,S04,P442,95,0,29,66,64,2
2026-09-10,S04,P501,31,0,17,14,29,2
2026-09-10,S04,P502,63,0,14,49,32,3
2026-09-10,S04,P503,46,0,19,27,34,2
2026-09-10,S04,P504,49,0,11,38,28,1
2026-09-10,S04,P505,96,82,11,85,25,1
2026-09-10,S04,P601,77,66,15,62,38,3
2026-09-10,S04,P602,58,0,13,45,30,1
2026-09-10,S04,P603,79,0,18,61,26,1
2026-09-10,S04,P604,67,0,11,56,25,1
2026-09-10,S04,P605,32,0,14,18,34,4
2026-09-10,S04,P701,92,77,20,72,41,2
2026-09-10,S04,P702,43,0,12,31,31,4
2026-09-10,S04,P703,64,0,18,46,45,3
2026-09-10,S04,P704,50,0,12,38,26,1
2026-09-10,S04,P801,76,0,25,51,64,3
2026-09-10,S04,P802,108,0,20,88,55,3
2026-09-10,S04,P803,96,96,22,74,38,3
2026-09-10,S05,P101,124,0,25,99,92,3
2026-09-10,S05,P102,69,0,35,34,72,3
2026-09-10,S05,P103,155,0,27,128,76,2
2026-09-10,S05,P104,164,0,24,140,56,1
2026-09-10,S05,P105,125,0,36,89,63,4
2026-09-10,S05,P106,164,0,36,128,69,3
2026-09-10,S05,P201,167,167,26,141,51,4
2026-09-10,S05,P202,181,181,40,141,69,3
2026-09-10,S05,P203,132,0,26,106,80,2
2026-09-10,S05,P204,125,0,30,95,60,2
2026-09-10,S05,P205,30,0,6,24,19,4
2026-09-10,S05,P206,98,0,16,82,50,2
2026-09-10,S05,P207,59,0,30,29,55,4
2026-09-10,S05,P301,167,139,17,150,63,2
2026-09-10,S05,P302,32,0,31,1,70,3
2026-09-10,S05,P303,173,173,43,130,73,3
2026-09-10,S05,P304,128,0,27,101,53,3
2026-09-10,S05,P305,106,103,15,91,45,2
2026-09-10,S05,P306,96,0,25,71,64,2
2026-09-10,S05,P330,73,0,23,50,49,1
2026-09-10,S05,P401,29,0,12,17,21,3
2026-09-10,S05,P402,63,0,14,49,30,3
2026-09-10,S05,P403,90,0,23,67,39,1
2026-09-10,S05,P404,22,0,11,11,21,3
2026-09-10,S05,P405,57,0,11,46,21,3
2026-09-10,S05,P406,100,0,19,81,31,1
2026-09-10,S05,P407,58,0,15,43,30,1
2026-09-10,S05,P442,67,0,21,46,53,3
2026-09-10,S05,P501,3,0,3,0,13,4
2026-09-10,S05,P502,15,0,5,10,14,3
2026-09-10,S05,P503,31,31,7,24,11,3
2026-09-10,S05,P504,36,0,11,25,24,1
2026-09-10,S05,P505,50,45,8,42,17,2
2026-09-10,S05,P601,15,0,9,6,13,2
2026-09-10,S05,P602,11,0,7,4,15,4
2026-09-10,S05,P603,19,0,8,11,19,1
2026-09-10,S05,P604,33,33,9,24,15,3
2026-09-10,S05,P605,9,0,4,5,11,2
2026-09-10,S05,P701,54,43,9,45,18,1
2026-09-10,S05,P702,58,0,12,46,25,1
2026-09-10,S05,P703,52,0,15,37,21,1
2026-09-10,S05,P704,86,68,10,76,25,1
2026-09-10,S05,P801,73,0,20,53,44,3
2026-09-10,S05,P802,77,0,14,63,32,3
2026-09-10,S05,P803,49,0,22,27,46,1
2026-09-10,S06,P101,59,0,32,27,86,4
2026-09-10,S06,P102,150,0,50,100,101,1
2026-09-10,S06,P103,240,0,61,179,142,2
2026-09-10,S06,P104,156,0,55,101,81,4
2026-09-10,S06,P105,0,0,0,0,98,4
2026-09-10,S06,P106,161,0,72,89,117,3
2026-09-10,S06,P201,146,0,37,109,88,1
2026-09-10,S06,P202,117,117,31,86,65,3
2026-09-10,S06,P203,90,0,54,36,60,2
2026-09-10,S06,P204,278,0,60,218,108,2
2026-09-10,S06,P205,78,0,18,60,29,4
2026-09-10,S06,P206,217,0,50,167,87,4
2026-09-10,S06,P207,35,0,35,0,73,3
2026-09-10,S06,P301,276,204,39,237,96,1
2026-09-10,S06,P302,171,0,39,132,76,1
2026-09-10,S06,P303,136,0,33,103,81,3
2026-09-10,S06,P304,113,0,24,89,72,2
2026-09-10,S06,P305,146,0,36,110,90,1
2026-09-10,S06,P306,137,0,47,90,82,3
2026-09-10,S06,P330,263,263,48,215,85,2
2026-09-10,S06,P401,119,0,20,99,48,1
2026-09-10,S06,P402,75,0,19,56,34,2
2026-09-10,S06,P403,92,0,20,72,42,2
2026-09-10,S06,P404,89,0,23,66,51,3
2026-09-10,S06,P405,100,0,41,59,60,4
2026-09-10,S06,P406,69,0,20,45,34,3
2026-09-10,S06,P407,63,0,19,44,41,3
2026-09-10,S06,P442,197,0,50,147,88,2
2026-09-10,S06,P501,39,0,9,30,25,3
2026-09-10,S06,P502,104,0,11,93,38,2
2026-09-10,S06,P503,85,79,15,70,34,2
2026-09-10,S06,P504,10,0,10,0,20,3
2026-09-10,S06,P505,0,0,0,0,27,3
2026-09-10,S06,P601,20,0,9,11,18,1
2026-09-10,S06,P602,28,0,13,15,33,2
2026-09-10,S06,P603,26,0,12,14,24,3
2026-09-10,S06,P604,48,0,6,42,19,1
2026-09-10,S06,P605,60,53,14,46,31,3
2026-09-10,S06,P701,39,0,13,26,20,1
2026-09-10,S06,P702,45,0,16,29,37,3
2026-09-10,S06,P703,38,0,15,23,32,1
2026-09-10,S06,P704,36,0,18,18,29,2
2026-09-10,S06,P801,72,0,26,46,53,1
2026-09-10,S06,P802,91,0,39,52,76,1
2026-09-10,S06,P803,93,0,20,73,53,4
2026-09-11,S01,P101,64,0,47,17,121,3
2026-09-11,S01,P102,151,0,55,96,98,2
2026-09-11,S01,P103,362,0,67,295,164,4
2026-09-11,S01,P104,337,337,54,283,143,3
2026-09-11,S01,P105,37,0,37,0,124,4
2026-09-11,S01,P106,128,0,59,69,126,3
2026-09-11,S01,P201,211,211,62,149,89,3
2026-09-11,S01,P202,395,0,54,341,150,1
2026-09-11,S01,P203,189,0,90,99,159,3
2026-09-11,S01,P204,361,361,74,287,117,3
2026-09-11,S01,P205,100,85,14,86,27,1
2026-09-11,S01,P206,199,0,45,154,92,3
2026-09-11,S01,P207,173,0,44,129,111,3
2026-09-11,S01,P301,266,0,50,216,139,2
2026-09-11,S01,P302,207,0,44,163,106,2
2026-09-11,S01,P303,265,265,63,202,109,3
2026-09-11,S01,P304,115,0,47,68,74,3
2026-09-11,S01,P305,34,0,34,0,76,2
2026-09-11,S01,P306,264,0,38,226,83,1
2026-09-11,S01,P330,112,0,29,83,93,4
2026-09-11,S01,P401,90,0,25,65,71,2
2026-09-11,S01,P402,39,0,20,19,46,2
2026-09-11,S01,P403,141,141,24,117,46,3
2026-09-11,S01,P404,1,0,1,0,61,4
2026-09-11,S01,P405,7,0,7,0,43,4
2026-09-11,S01,P406,50,0,41,9,71,4
2026-09-11,S01,P407,67,0,26,41,55,1
2026-09-11,S01,P442,253,0,46,207,132,3
2026-09-11,S01,P501,19,0,19,0,41,3
2026-09-11,S01,P502,57,0,10,47,28,1
2026-09-11,S01,P503,124,103,18,106,40,1
2026-09-11,S01,P504,52,0,15,37,30,3
2026-09-11,S01,P505,70,0,19,51,37,4
2026-09-11,S01,P601,74,60,15,59,32,2
2026-09-11,S01,P602,29,0,15,14,37,2
2026-09-11,S01,P603,16,0,14,2,36,4
2026-09-11,S01,P604,11,0,11,0,23,2
2026-09-11,S01,P605,76,0,21,55,33,1
2026-09-11,S01,P701,58,0,21,37,36,2
2026-09-11,S01,P702,61,0,13,48,53,4
2026-09-11,S01,P703,145,114,25,120,47,1
2026-09-11,S01,P704,22,0,11,11,33,3
2026-09-11,S01,P801,127,127,29,98,60,4
2026-09-11,S01,P802,180,0,46,134,90,2
2026-09-11,S01,P803,123,0,34,89,59,2
2026-09-11,S02,P101,58,0,58,0,333,3
2026-09-11,S02,P102,920,0,268,652,347,1
2026-09-11,S02,P103,1129,854,166,963,334,1
2026-09-11,S02,P104,533,0,173,360,268,1
2026-09-11,S02,P105,665,665,173,492,300,3
2026-09-11,S02,P106,214,0,150,64,294,2
2026-09-11,S02,P201,901,0,157,744,283,1
2026-09-11,S02,P202,468,0,253,215,316,1
2026-09-11,S02,P203,549,0,189,360,255,1
2026-09-11,S02,P204,0,0,0,0,215,4
2026-09-11,S02,P205,128,0,62,62,116,2
2026-09-11,S02,P206,133,0,133,0,196,3
2026-09-11,S02,P207,334,0,155,179,307,1
2026-09-11,S02,P301,577,0,122,455,177,1
2026-09-11,S02,P302,995,0,184,811,326,2
2026-09-11,S02,P303,356,0,93,263,224,1
2026-09-11,S02,P304,713,0,156,557,325,1
2026-09-11,S02,P305,0,0,0,0,329,4
2026-09-11,S02,P306,138,0,100,38,214,4
2026-09-11,S02,P330,0,0,0,0,277,3
2026-09-11,S02,P401,154,0,76,78,111,3
2026-09-11,S02,P402,312,261,39,273,103,2
2026-09-11,S02,P403,58,0,45,13,114,4
2026-09-11,S02,P404,42,0,42,0,136,3
2026-09-11,S02,P405,78,0,78,0,164,3
2026-09-11,S02,P406,266,0,79,187,151,4
2026-09-11,S02,P407,519,457,99,420,189,2
2026-09-11,S02,P442,459,0,114,345,238,2
2026-09-11,S02,P501,203,0,37,166,80,4
2026-09-11,S02,P502,303,0,55,244,126,4
2026-09-11,S02,P503,129,0,39,90,106,3
2026-09-11,S02,P504,179,0,26,153,72,1
2026-09-11,S02,P505,37,0,32,5,73,4
2026-09-11,S02,P601,82,0,42,45,61,1
2026-09-11,S02,P602,198,0,38,160,99,1
2026-09-11,S02,P603,282,228,34,248,77,1
2026-09-11,S02,P604,89,0,52,37,84,4
2026-09-11,S02,P605,31,0,18,13,56,3
2026-09-11,S02,P701,116,0,39,77,101,2
2026-09-11,S02,P702,47,0,37,10,82,2
2026-09-11,S02,P703,68,0,42,26,78,2
2026-09-11,S02,P704,251,197,46,205,80,1
2026-09-11,S02,P801,197,0,61,136,134,3
2026-09-11,S02,P802,206,0,62,144,129,3
2026-09-11,S02,P803,210,0,111,99,194,2
2026-09-11,S03,P101,152,0,29,123,68,2
2026-09-11,S03,P102,55,0,50,5,93,2
2026-09-11,S03,P103,222,0,43,179,83,4
2026-09-11,S03,P104,68,0,32,36,63,1
2026-09-11,S03,P105,51,0,28,23,63,2
2026-09-11,S03,P106,198,198,45,153,84,4
2026-09-11,S03,P201,6,0,6,0,83,4
2026-09-11,S03,P202,0,0,0,0,75,4
2026-09-11,S03,P203,106,0,33,73,40,3
2026-09-11,S03,P204,82,0,53,29,89,2
2026-09-11,S03,P205,0,0,0,0,22,4
2026-09-11,S03,P206,57,0,29,28,67,4
2026-09-11,S03,P207,106,0,34,72,83,3
2026-09-11,S03,P301,148,0,23,125,59,1
2026-09-11,S03,P302,102,0,32,70,65,2
2026-09-11,S03,P303,134,0,42,92,86,3
2026-09-11,S03,P304,85,0,24,61,51,2
2026-09-11,S03,P305,140,0,33,107,81,1
2026-09-11,S03,P306,110,0,33,77,75,3
2026-09-11,S03,P330,131,0,40,91,66,1
2026-09-11,S03,P401,71,0,12,59,34,4
2026-09-11,S03,P402,68,0,11,57,33,4
2026-09-11,S03,P403,66,0,16,50,33,1
2026-09-11,S03,P404,32,0,11,21,23,2
2026-09-11,S03,P405,58,0,12,46,27,1
2026-09-11,S03,P406,78,78,17,61,35,3
2026-09-11,S03,P407,23,0,13,10,32,2
2026-09-11,S03,P442,248,0,55,193,72,1
2026-09-11,S03,P501,23,0,9,14,14,2
2026-09-11,S03,P502,15,0,13,2,22,4
2026-09-11,S03,P503,29,0,8,21,24,3
2026-09-11,S03,P504,32,0,7,25,16,4
2026-09-11,S03,P505,46,40,6,40,17,2
2026-09-11,S03,P601,18,0,12,6,18,1
2026-09-11,S03,P602,21,0,7,14,16,1
2026-09-11,S03,P603,27,0,8,19,13,4
2026-09-11,S03,P604,11,0,9,2,24,4
2026-09-11,S03,P605,65,65,9,56,19,4
2026-09-11,S03,P701,36,0,11,25,18,3
2026-09-11,S03,P702,8,0,8,0,17,4
2026-09-11,S03,P703,35,0,12,28,17,4
2026-09-11,S03,P704,55,0,13,42,26,1
2026-09-11,S03,P801,137,0,23,114,41,1
2026-09-11,S03,P802,73,0,16,57,36,3
2026-09-11,S03,P803,8,0,8,0,43,3
2026-09-11,S04,P101,129,0,52,77,95,4
2026-09-11,S04,P102,227,0,66,161,113,3
2026-09-11,S04,P103,136,0,50,86,105,4
2026-09-11,S04,P104,113,0,64,49,114,4
2026-09-11,S04,P105,173,0,73,100,145,3
2026-09-11,S04,P106,242,0,57,185,101,1
2026-09-11,S04,P201,184,0,48,136,96,1
2026-09-11,S04,P202,293,293,54,239,98,4
2026-09-11,S04,P203,234,0,59,175,99,3
2026-09-11,S04,P204,180,0,63,117,110,3
2026-09-11,S04,P205,59,0,15,44,27,4
2026-09-11,S04,P206,55,0,36,19,83,4
2026-09-11,S04,P207,4,0,4,0,114,4
2026-09-11,S04,P301,53,0,25,28,62,3
2026-09-11,S04,P302,119,0,33,86,85,1
2026-09-11,S04,P303,87,0,47,40,90,3
2026-09-11,S04,P304,239,0,37,202,79,2
2026-09-11,S04,P305,187,0,35,152,78,4
2026-09-11,S04,P306,97,0,51,46,127,3
2026-09-11,S04,P330,97,0,31,66,86,4
2026-09-11,S04,P401,139,0,39,100,73,1
2026-09-11,S04,P402,217,166,25,192,64,1
2026-09-11,S04,P403,46,0,12,34,44,1
2026-09-11,S04,P404,85,0,24,61,56,3
2026-09-11,S04,P405,143,0,25,118,53,2
2026-09-11,S04,P406,68,0,16,52,46,2
2026-09-11,S04,P407,28,0,28,0,57,3
2026-09-11,S04,P442,66,0,33,33,64,2
2026-09-11,S04,P501,14,0,14,0,29,2
2026-09-11,S04,P502,49,0,16,33,32,3
2026-09-11,S04,P503,27,0,17,10,34,2
2026-09-11,S04,P504,38,0,14,24,28,1
2026-09-11,S04,P505,85,0,12,73,25,1
2026-09-11,S04,P601,62,0,11,51,38,3
2026-09-11,S04,P602,45,0,11,34,30,1
2026-09-11,S04,P603,61,0,12,49,26,1
2026-09-11,S04,P604,56,0,12,44,25,1
2026-09-11,S04,P605,18,0,16,5,34,4
2026-09-11,S04,P701,72,0,17,55,41,2
2026-09-11,S04,P702,31,0,12,19,31,4
2026-09-11,S04,P703,46,0,24,22,45,3
2026-09-11,S04,P704,38,0,14,24,26,1
2026-09-11,S04,P801,51,0,34,17,64,3
2026-09-11,S04,P802,88,0,20,68,55,3
2026-09-11,S04,P803,74,0,19,55,38,3
2026-09-11,S05,P101,99,0,53,46,92,3
2026-09-11,S05,P102,34,0,34,0,72,3
2026-09-11,S05,P103,128,0,41,87,76,2
2026-09-11,S05,P104,140,0,33,107,56,1
2026-09-11,S05,P105,89,0,36,53,63,4
2026-09-11,S05,P106,128,0,52,76,69,3
2026-09-11,S05,P201,141,0,31,110,51,4
2026-09-11,S05,P202,141,0,36,105,69,3
2026-09-11,S05,P203,106,0,60,46,80,2
2026-09-11,S05,P204,95,0,36,59,60,2
2026-09-11,S05,P205,24,0,7,17,19,4
2026-09-11,S05,P206,82,0,27,55,50,2
2026-09-11,S05,P207,29,0,29,0,55,4
2026-09-11,S05,P301,150,0,29,121,63,2
2026-09-11,S05,P302,152,151,28,124,70,3
2026-09-11,S05,P303,130,0,49,81,73,3
2026-09-11,S05,P304,101,0,31,70,53,3
2026-09-11,S05,P305,91,0,18,73,45,2
2026-09-11,S05,P306,71,0,22,49,64,2
2026-09-11,S05,P330,50,0,23,27,49,1
2026-09-11,S05,P401,17,0,9,8,21,3
2026-09-11,S05,P402,49,0,12,37,30,3
2026-09-11,S05,P403,67,0,18,49,39,1
2026-09-11,S05,P404,11,0,11,0,21,3
2026-09-11,S05,P405,46,0,11,35,21,3
2026-09-11,S05,P406,81,0,13,68,31,1
2026-09-11,S05,P407,43,0,17,26,30,1
2026-09-11,S05,P442,46,0,17,29,53,3
2026-09-11,S05,P501,0,0,0,0,13,4
2026-09-11,S05,P502,10,0,8,2,14,3
2026-09-11,S05,P503,24,0,8,16,11,3
2026-09-11,S05,P504,25,0,8,17,24,1
2026-09-11,S05,P505,42,0,9,33,17,2
2026-09-11,S05,P601,6,0,6,0,13,2
2026-09-11,S05,P602,4,0,4,0,15,4
2026-09-11,S05,P603,61,50,12,49,19,1
2026-09-11,S05,P604,24,0,7,17,15,3
2026-09-11,S05,P605,39,34,4,35,11,2
2026-09-11,S05,P701,45,0,10,35,18,1
2026-09-11,S05,P702,46,0,14,32,25,1
2026-09-11,S05,P703,37,0,14,23,21,1
2026-09-11,S05,P704,76,0,12,64,25,1
2026-09-11,S05,P801,53,0,21,32,44,3
2026-09-11,S05,P802,63,0,16,47,32,3
2026-09-11,S05,P803,147,120,30,117,46,1
2026-09-11,S06,P101,27,0,27,0,86,4
2026-09-11,S06,P102,375,275,50,325,101,1
2026-09-11,S06,P103,179,0,60,119,142,2
2026-09-11,S06,P104,101,0,40,61,81,4
2026-09-11,S06,P105,313,313,66,247,98,4
2026-09-11,S06,P106,89,0,40,49,117,3
2026-09-11,S06,P201,109,0,45,64,88,1
2026-09-11,S06,P202,86,0,27,59,65,3
2026-09-11,S06,P203,36,0,25,11,60,2
2026-09-11,S06,P204,218,0,52,166,108,2
2026-09-11,S06,P205,60,0,13,47,29,4
2026-09-11,S06,P206,167,0,45,122,87,4
2026-09-11,S06,P207,231,231,51,180,73,3
2026-09-11,S06,P301,237,0,50,187,96,1
2026-09-11,S06,P302,132,0,41,91,76,1
2026-09-11,S06,P303,103,0,51,52,81,3
2026-09-11,S06,P304,89,0,38,51,72,2
2026-09-11,S06,P305,110,0,49,61,90,1
2026-09-11,S06,P306,90,0,37,53,82,3
2026-09-11,S06,P330,215,0,50,165,85,2
2026-09-11,S06,P401,99,0,23,76,48,1
2026-09-11,S06,P402,56,0,21,35,34,2
2026-09-11,S06,P403,72,0,24,48,42,2
2026-09-11,S06,P404,66,0,22,44,51,3
2026-09-11,S06,P405,59,0,24,35,60,4
2026-09-11,S06,P406,49,0,15,34,34,3
2026-09-11,S06,P407,44,0,13,31,41,3
2026-09-11,S06,P442,147,0,31,116,88,2
2026-09-11,S06,P501,30,0,10,20,25,3
2026-09-11,S06,P502,93,0,19,74,38,2
2026-09-11,S06,P503,70,0,12,58,34,2
2026-09-11,S06,P504,40,40,7,33,20,3
2026-09-11,S06,P505,98,98,15,83,27,3
2026-09-11,S06,P601,51,40,10,41,18,1
2026-09-11,S06,P602,107,92,16,91,33,2
2026-09-11,S06,P603,14,0,8,6,24,3
2026-09-11,S06,P604,42,0,8,34,19,1
2026-09-11,S06,P605,46,0,9,37,31,3
2026-09-11,S06,P701,26,0,11,15,20,1
2026-09-11,S06,P702,29,0,20,9,37,3
2026-09-11,S06,P703,132,109,19,116,32,1
2026-09-11,S06,P704,18,0,17,1,29,2
2026-09-11,S06,P801,190,144,20,170,53,1
2026-09-11,S06,P802,228,176,38,190,76,1
2026-09-11,S06,P803,73,0,27,46,53,4
2026-09-12,S01,P101,234,217,88,146,121,3
2026-09-12,S01,P102,96,0,83,13,98,2
2026-09-12,S01,P103,295,0,75,220,164,4
2026-09-12,S01,P104,283,0,98,185,143,3
2026-09-12,S01,P105,0,0,0,0,124,4
2026-09-12,S01,P106,69,0,69,0,126,3
2026-09-12,S01,P201,149,0,87,62,89,3
2026-09-12,S01,P202,341,0,128,213,150,1
2026-09-12,S01,P203,99,0,91,8,159,3
2026-09-12,S01,P204,287,0,75,212,117,3
2026-09-12,S01,P205,86,0,16,75,27,1
2026-09-12,S01,P206,154,0,53,101,92,3
2026-09-12,S01,P207,129,0,65,64,111,3
2026-09-12,S01,P301,216,0,66,150,139,2
2026-09-12,S01,P302,163,0,64,99,106,2
2026-09-12,S01,P303,202,0,61,141,109,3
2026-09-12,S01,P304,68,0,56,12,74,3
2026-09-12,S01,P305,169,169,55,114,76,2
2026-09-12,S01,P306,226,0,36,190,83,1
2026-09-12,S01,P330,83,0,50,33,93,4
2026-09-12,S01,P401,65,0,43,22,71,2
2026-09-12,S01,P402,128,109,30,98,46,2
2026-09-12,S01,P403,117,0,32,85,46,3
2026-09-12,S01,P404,183,183,45,138,61,4
2026-09-12,S01,P405,107,107,27,80,43,4
2026-09-12,S01,P406,9,0,9,0,71,4
2026-09-12,S01,P407,248,207,41,207,55,1
2026-09-12,S01,P442,207,0,98,109,132,3
2026-09-12,S01,P501,0,0,0,0,41,3
2026-09-12,S01,P502,47,0,18,29,28,1
2026-09-12,S01,P503,106,0,19,87,40,1
2026-09-12,S01,P504,37,0,21,16,30,3
2026-09-12,S01,P505,51,0,19,32,37,4
2026-09-12,S01,P601,59,0,20,39,32,2
2026-09-12,S01,P602,94,80,20,74,37,2
2026-09-12,S01,P603,2,0,2,0,36,4
2026-09-12,S01,P604,68,68,18,50,23,2
2026-09-12,S01,P605,55,0,21,34,33,1
2026-09-12,S01,P701,37,0,21,16,36,2
2026-09-12,S01,P702,48,0,38,10,53,4
2026-09-12,S01,P703,120,0,32,88,47,1
2026-09-12,S01,P704,11,0,11,0,33,3
2026-09-12,S01,P801,98,0,39,59,60,4
2026-09-12,S01,P802,134,0,54,80,90,2
2026-09-12,S01,P803,89,0,37,52,59,2
2026-09-12,S02,P101,1165,1165,194,971,333,3
2026-09-12,S02,P102,652,0,239,413,347,1
2026-09-12,S02,P103,963,0,155,808,334,1
2026-09-12,S02,P104,360,0,186,174,268,1
2026-09-12,S02,P105,492,0,193,299,300,3
2026-09-12,S02,P106,595,531,252,343,294,2
2026-09-12,S02,P201,744,0,166,578,283,1
2026-09-12,S02,P202,947,732,164,783,316,1
2026-09-12,S02,P203,360,0,215,145,255,1
2026-09-12,S02,P204,568,568,111,457,215,4
2026-09-12,S02,P205,66,0,66,0,116,2
2026-09-12,S02,P206,0,0,0,0,196,3
2026-09-12,S02,P207,902,723,239,663,307,1
2026-09-12,S02,P301,455,0,118,337,177,1
2026-09-12,S02,P302,811,0,169,642,326,2
2026-09-12,S02,P303,263,0,135,128,224,1
2026-09-12,S02,P304,557,0,228,329,325,1
2026-09-12,S02,P305,784,784,165,619,329,4
2026-09-12,S02,P306,38,0,38,0,214,4
2026-09-12,S02,P330,743,743,286,457,277,3
2026-09-12,S02,P401,78,0,63,15,111,3
2026-09-12,S02,P402,273,0,57,216,103,2
2026-09-12,S02,P403,13,0,13,0,114,4
2026-09-12,S02,P404,305,305,69,236,136,3
2026-09-12,S02,P405,441,441,78,363,164,3
2026-09-12,S02,P406,187,0,79,108,151,4
2026-09-12,S02,P407,420,0,123,297,189,2
2026-09-12,S02,P442,345,0,125,220,238,2
2026-09-12,S02,P501,166,0,51,115,80,4
2026-09-12,S02,P502,248,0,65,183,126,4
2026-09-12,S02,P503,90,0,55,35,106,3
2026-09-12,S02,P504,153,0,43,110,72,1
2026-09-12,S02,P505,5,0,5,0,73,4
2026-09-12,S02,P601,212,172,48,164,61,1
2026-09-12,S02,P602,160,0,50,110,99,1
2026-09-12,S02,P603,248,0,66,182,77,1
2026-09-12,S02,P604,37,0,37,0,84,4
2026-09-12,S02,P605,13,0,13,0,56,3
2026-09-12,S02,P701,77,0,57,20,101,2
2026-09-12,S02,P702,214,204,63,151,82,2
2026-09-12,S02,P703,250,224,83,167,78,2
2026-09-12,S02,P704,205,0,76,129,80,1
2026-09-12,S02,P801,136,0,91,45,134,3
2026-09-12,S02,P802,144,0,86,58,129,3
2026-09-12,S02,P803,99,0,99,0,194,2
2026-09-12,S03,P101,123,0,34,89,68,2
2026-09-12,S03,P102,166,161,56,110,93,2
2026-09-12,S03,P103,179,0,51,128,83,4
2026-09-12,S03,P104,229,193,48,181,63,1
2026-09-12,S03,P105,143,120,35,108,63,2
2026-09-12,S03,P106,153,0,53,100,84,4
2026-09-12,S03,P201,0,0,0,0,83,4
2026-09-12,S03,P202,243,243,41,202,75,4
2026-09-12,S03,P203,73,0,32,41,40,3
2026-09-12,S03,P204,185,156,59,126,89,2
2026-09-12,S03,P205,41,41,10,31,22,4
2026-09-12,S03,P206,28,0,28,0,67,4
2026-09-12,S03,P207,72,0,56,16,83,3
2026-09-12,S03,P301,125,0,27,98,59,1
2026-09-12,S03,P302,70,0,45,25,65,2
2026-09-12,S03,P303,92,0,48,44,86,3
2026-09-12,S03,P304,61,0,41,20,51,2
2026-09-12,S03,P305,107,0,59,48,81,1
2026-09-12,S03,P306,77,0,60,17,75,3
2026-09-12,S03,P330,91,0,45,46,66,1
2026-09-12,S03,P401,59,0,20,39,34,4
2026-09-12,S03,P402,57,0,21,36,33,4
2026-09-12,S03,P403,50,0,22,28,33,1
2026-09-12,S03,P404,21,0,17,4,23,2
2026-09-12,S03,P405,46,0,20,26,27,1
2026-09-12,S03,P406,61,0,16,45,35,3
2026-09-12,S03,P407,102,92,21,81,32,2
2026-09-12,S03,P442,193,0,40,153,72,1
2026-09-12,S03,P501,14,0,9,5,14,2
2026-09-12,S03,P502,2,0,2,0,22,4
2026-09-12,S03,P503,21,0,15,6,24,3
2026-09-12,S03,P504,25,0,8,17,16,4
2026-09-12,S03,P505,40,0,7,33,17,2
2026-09-12,S03,P601,47,41,11,41,18,1
2026-09-12,S03,P602,59,45,11,48,16,1
2026-09-12,S03,P603,19,0,9,10,13,4
2026-09-12,S03,P604,2,0,2,0,24,4
2026-09-12,S03,P605,56,0,14,42,19,4
2026-09-12,S03,P701,25,0,14,11,18,3
2026-09-12,S03,P702,0,0,0,0,17,4
2026-09-12,S03,P703,23,0,14,9,17,4
2026-09-12,S03,P704,42,0,17,25,26,1
2026-09-12,S03,P801,114,0,23,91,41,1
2026-09-12,S03,P802,57,0,21,36,36,3
2026-09-12,S03,P803,132,132,25,107,43,3
2026-09-12,S04,P101,77,0,64,13,95,4
2026-09-12,S04,P102,161,0,68,93,113,3
2026-09-12,S04,P103,86,0,71,15,105,4
2026-09-12,S04,P104,49,0,49,0,114,4
2026-09-12,S04,P105,100,0,73,27,145,3
2026-09-12,S04,P106,185,0,52,133,101,1
2026-09-12,S04,P201,136,0,60,76,96,1
2026-09-12,S04,P202,239,0,81,158,98,4
2026-09-12,S04,P203,175,0,88,87,99,3
2026-09-12,S04,P204,117,0,59,58,110,3
2026-09-12,S04,P205,44,0,17,27,27,4
2026-09-12,S04,P206,19,0,19,0,83,4
2026-09-12,S04,P207,0,0,0,0,114,4
2026-09-12,S04,P301,28,0,28,0,62,3
2026-09-12,S04,P302,86,0,51,35,85,1
2026-09-12,S04,P303,40,0,40,0,90,3
2026-09-12,S04,P304,202,0,41,161,79,2
2026-09-12,S04,P305,152,0,46,106,78,4
2026-09-12,S04,P306,46,0,46,0,127,3
2026-09-12,S04,P330,66,0,46,20,86,4
2026-09-12,S04,P401,100,0,43,57,73,1
2026-09-12,S04,P402,192,0,51,141,64,1
2026-09-12,S04,P403,108,74,20,88,44,1
2026-09-12,S04,P404,61,0,33,28,56,3
2026-09-12,S04,P405,118,0,35,83,53,2
2026-09-12,S04,P406,52,0,38,14,46,2
2026-09-12,S04,P407,110,110,31,79,57,3
2026-09-12,S04,P442,33,0,33,0,64,2
2026-09-12,S04,P501,108,108,19,89,29,2
2026-09-12,S04,P502,33,0,16,17,32,3
2026-09-12,S04,P503,114,104,22,92,34,2
2026-09-12,S04,P504,93,69,19,74,28,1
2026-09-12,S04,P505,73,0,13,60,25,1
2026-09-12,S04,P601,51,0,24,27,38,3
2026-09-12,S04,P602,34,0,26,8,30,1
2026-09-12,S04,P603,49,0,14,35,26,1
2026-09-12,S04,P604,44,0,20,24,25,1
2026-09-12,S04,P605,2,0,2,0,34,4
2026-09-12,S04,P701,55,0,19,36,41,2
2026-09-12,S04,P702,19,0,18,1,31,4
2026-09-12,S04,P703,22,0,22,5,45,3
2026-09-12,S04,P704,76,52,15,61,26,1
2026-09-12,S04,P801,17,0,17,0,64,3
2026-09-12,S04,P802,68,0,31,37,55,3
2026-09-12,S04,P803,55,0,27,28,38,3
2026-09-12,S05,P101,46,0,46,0,92,3
2026-09-12,S05,P102,195,195,42,153,72,3
2026-09-12,S05,P103,87,0,39,48,76,2
2026-09-12,S05,P104,107,0,42,65,56,1
2026-09-12,S05,P105,53,0,53,0,63,4
2026-09-12,S05,P106,76,0,55,21,69,3
2026-09-12,S05,P201,110,0,45,65,51,4
2026-09-12,S05,P202,105,0,43,62,69,3
2026-09-12,S05,P203,46,0,41,5,80,2
2026-09-12,S05,P204,59,0,39,20,60,2
2026-09-12,S05,P205,17,0,11,6,19,4
2026-09-12,S05,P206,55,0,30,25,50,2
2026-09-12,S05,P207,0,0,0,0,55,4
2026-09-12,S05,P301,121,0,35,86,63,2
2026-09-12,S05,P302,124,0,37,87,70,3
2026-09-12,S05,P303,81,0,49,32,73,3
2026-09-12,S05,P304,70,0,33,37,53,3
2026-09-12,S05,P305,73,0,26,47,45,2
2026-09-12,S05,P306,49,0,43,6,64,2
2026-09-12,S05,P330,167,140,35,132,49,1
2026-09-12,S05,P401,8,0,8,0,21,3
2026-09-12,S05,P402,37,0,17,20,30,3
2026-09-12,S05,P403,49,0,26,23,39,1
2026-09-12,S05,P404,0,0,0,0,21,3
2026-09-12,S05,P405,35,0,12,28,21,3
2026-09-12,S05,P406,68,0,15,53,31,1
2026-09-12,S05,P407,129,103,29,100,30,1
2026-09-12,S05,P442,29,0,29,0,53,3
2026-09-12,S05,P501,43,43,8,35,13,4
2026-09-12,S05,P502,2,0,2,0,14,3
2026-09-12,S05,P503,16,0,8,8,11,3
2026-09-12,S05,P504,65,48,14,51,24,1
2026-09-12,S05,P505,33,0,10,28,17,2
2026-09-12,S05,P601,35,35,13,22,13,2
2026-09-12,S05,P602,0,0,0,0,15,4
2026-09-12,S05,P603,49,0,15,34,19,1
2026-09-12,S05,P604,17,0,6,11,15,3
2026-09-12,S05,P605,35,0,5,30,11,2
2026-09-12,S05,P701,35,0,13,22,18,1
2026-09-12,S05,P702,32,0,19,13,25,1
2026-09-12,S05,P703,23,0,14,9,21,1
2026-09-12,S05,P704,64,0,16,48,25,1
2026-09-12,S05,P801,32,0,26,6,44,3
2026-09-12,S05,P802,47,0,19,28,32,3
2026-09-12,S05,P803,117,0,31,86,46,1
2026-09-12,S06,P101,0,0,0,0,86,4
2026-09-12,S06,P102,325,0,55,270,101,1
2026-09-12,S06,P103,119,0,80,39,142,2
2026-09-12,S06,P104,61,0,49,12,81,4
2026-09-12,S06,P105,247,0,72,175,98,4
2026-09-12,S06,P106,49,0,49,0,117,3
2026-09-12,S06,P201,281,217,56,225,88,1
2026-09-12,S06,P202,59,0,36,23,65,3
2026-09-12,S06,P203,212,201,37,175,60,2
2026-09-12,S06,P204,166,0,77,89,108,2
2026-09-12,S06,P205,47,0,25,22,29,4
2026-09-12,S06,P206,122,0,52,70,87,4
2026-09-12,S06,P207,180,0,48,132,73,3
2026-09-12,S06,P301,187,0,46,141,96,1
2026-09-12,S06,P302,91,0,49,42,76,1
2026-09-12,S06,P303,52,0,52,0,81,3
2026-09-12,S06,P304,51,0,44,7,72,2
2026-09-12,S06,P305,283,222,56,227,90,1
2026-09-12,S06,P306,53,0,46,7,82,3
2026-09-12,S06,P330,165,0,50,115,85,2
2026-09-12,S06,P401,76,0,31,45,48,1
2026-09-12,S06,P402,35,0,27,8,34,2
2026-09-12,S06,P403,48,0,23,25,42,2
2026-09-12,S06,P404,44,0,29,15,51,3
2026-09-12,S06,P405,35,0,35,0,60,4
2026-09-12,S06,P406,34,0,25,9,34,3
2026-09-12,S06,P407,31,0,22,9,41,3
2026-09-12,S06,P442,116,0,60,56,88,2
2026-09-12,S06,P501,20,0,11,9,25,3
2026-09-12,S06,P502,74,0,25,49,38,2
2026-09-12,S06,P503,58,0,15,43,34,2
2026-09-12,S06,P504,33,0,14,19,20,3
2026-09-12,S06,P505,83,0,22,57,27,3
2026-09-12,S06,P601,41,0,13,28,18,1
2026-09-12,S06,P602,91,0,20,71,33,2
2026-09-12,S06,P603,6,0,6,0,24,3
2026-09-12,S06,P604,34,0,10,24,19,1
2026-09-12,S06,P605,37,0,17,20,31,3
2026-09-12,S06,P701,69,54,16,53,20,1
2026-09-12,S06,P702,9,0,9,0,37,3
2026-09-12,S06,P703,113,0,26,87,32,1
2026-09-12,S06,P704,69,68,14,55,29,2
2026-09-12,S06,P801,170,0,32,138,53,1
2026-09-12,S06,P802,190,0,48,142,76,1
2026-09-12,S06,P803,46,0,38,8,53,4
2026-09-13,S01,P101,146,0,45,101,121,3
2026-09-13,S01,P102,355,342,86,269,98,2
2026-09-13,S01,P103,220,0,94,126,164,4
2026-09-13,S01,P104,185,0,72,113,143,3
2026-09-13,S01,P105,313,313,72,241,124,4
2026-09-13,S01,P106,0,0,0,0,126,3
2026-09-13,S01,P201,62,0,62,0,89,3
2026-09-13,S01,P202,213,0,91,122,150,1
2026-09-13,S01,P203,8,0,8,0,159,3
2026-09-13,S01,P204,212,0,66,146,117,3
2026-09-13,S01,P205,70,0,18,52,27,1
2026-09-13,S01,P206,101,0,69,32,92,3
2026-09-13,S01,P207,64,0,58,6,111,3
2026-09-13,S01,P301,150,0,73,77,139,2
2026-09-13,S01,P302,99,0,82,17,106,2
2026-09-13,S01,P303,141,0,59,82,109,3
2026-09-13,S01,P304,12,0,12,0,74,3
2026-09-13,S01,P305,114,0,50,64,76,2
2026-09-13,S01,P306,190,0,57,133,83,1
2026-09-13,S01,P330,33,0,33,0,93,4
2026-09-13,S01,P401,191,169,33,158,71,2
2026-09-13,S01,P402,98,0,27,71,46,2
2026-09-13,S01,P403,85,0,30,55,46,3
2026-09-13,S01,P404,138,0,33,105,61,4
2026-09-13,S01,P405,80,0,24,56,43,4
2026-09-13,S01,P406,0,0,0,0,71,4
2026-09-13,S01,P407,207,0,41,166,55,1
2026-09-13,S01,P442,109,0,82,30,132,3
2026-09-13,S01,P501,105,105,22,83,41,3
2026-09-13,S01,P502,29,0,15,14,28,1
2026-09-13,S01,P503,87,0,18,69,40,1
2026-09-13,S01,P504,16,0,16,0,30,3
2026-09-13,S01,P505,32,0,32,0,37,4
2026-09-13,S01,P601,39,0,20,19,32,2
2026-09-13,S01,P602,74,0,22,52,37,2
2026-09-13,S01,P603,78,78,20,58,36,4
2026-09-13,S01,P604,50,0,19,31,23,2
2026-09-13,S01,P605,34,0,20,14,33,1
2026-09-13,S01,P701,16,0,15,1,36,2
2026-09-13,S01,P702,10,0,10,0,53,4
2026-09-13,S01,P703,88,0,28,63,47,1
2026-09-13,S01,P704,56,56,16,40,33,3
2026-09-13,S01,P801,59,0,44,15,60,4
2026-09-13,S01,P802,80,0,51,29,90,2
2026-09-13,S01,P803,52,0,35,17,59,2
2026-09-13,S02,P101,971,0,267,704,333,3
2026-09-13,S02,P102,413,0,278,135,347,1
2026-09-13,S02,P103,808,0,229,584,334,1
2026-09-13,S02,P104,953,779,197,756,268,1
2026-09-13,S02,P105,299,0,200,99,300,3
2026-09-13,S02,P106,343,0,168,175,294,2
2026-09-13,S02,P201,578,0,260,318,283,1
2026-09-13,S02,P202,783,0,174,609,316,1
2026-09-13,S02,P203,804,659,211,593,255,1
2026-09-13,S02,P204,457,0,125,332,215,4
2026-09-13,S02,P205,337,337,100,237,116,2
2026-09-13,S02,P206,464,464,158,306,196,3
2026-09-13,S02,P207,663,0,205,458,307,1
2026-09-13,S02,P301,337,0,122,215,177,1
2026-09-13,S02,P302,642,0,143,499,326,2
2026-09-13,S02,P303,858,730,149,709,224,1
2026-09-13,S02,P304,329,0,236,93,325,1
2026-09-13,S02,P305,619,0,208,411,329,4
2026-09-13,S02,P306,0,0,0,0,214,4
2026-09-13,S02,P330,457,0,236,221,277,3
2026-09-13,S02,P401,15,0,15,0,111,3
2026-09-13,S02,P402,216,0,66,150,103,2
2026-09-13,S02,P403,227,227,72,155,114,4
2026-09-13,S02,P404,236,0,73,163,136,3
2026-09-13,S02,P405,363,0,88,275,164,3
2026-09-13,S02,P406,108,0,91,17,151,4
2026-09-13,S02,P407,297,0,108,189,189,2
2026-09-13,S02,P442,220,0,168,52,238,2
2026-09-13,S02,P501,115,0,66,49,80,4
2026-09-13,S02,P502,183,0,78,105,126,4
2026-09-13,S02,P503,35,0,35,0,106,3
2026-09-13,S02,P504,110,0,43,67,72,1
2026-09-13,S02,P505,0,0,0,0,73,4
2026-09-13,S02,P601,164,0,40,124,61,1
2026-09-13,S02,P602,110,0,59,51,99,1
2026-09-13,S02,P603,182,0,55,127,77,1
2026-09-13,S02,P604,0,0,0,0,84,4
2026-09-13,S02,P605,107,107,33,74,56,3
2026-09-13,S02,P701,278,258,66,212,101,2
2026-09-13,S02,P702,151,0,50,101,82,2
2026-09-13,S02,P703,167,0,49,118,78,2
2026-09-13,S02,P704,129,0,56,73,80,1
2026-09-13,S02,P801,45,0,45,0,134,3
2026-09-13,S02,P802,58,0,58,0,129,3
2026-09-13,S02,P803,412,412,90,322,194,2
2026-09-13,S03,P101,89,0,41,48,68,2
2026-09-13,S03,P102,110,0,56,54,93,2
2026-09-13,S03,P103,128,0,61,67,83,4
2026-09-13,S03,P104,181,0,51,130,63,1
2026-09-13,S03,P105,108,0,35,73,63,2
2026-09-13,S03,P106,100,0,53,47,84,4
2026-09-13,S03,P201,220,220,68,152,83,4
2026-09-13,S03,P202,202,0,51,151,75,4
2026-09-13,S03,P203,41,0,28,13,40,3
2026-09-13,S03,P204,126,0,58,68,89,2
2026-09-13,S03,P205,31,0,11,20,22,4
2026-09-13,S03,P206,0,0,0,0,67,4
2026-09-13,S03,P207,16,0,16,0,83,3
2026-09-13,S03,P301,98,0,40,58,59,1
2026-09-13,S03,P302,25,0,25,0,65,2
2026-09-13,S03,P303,44,0,44,0,86,3
2026-09-13,S03,P304,20,0,20,0,51,2
2026-09-13,S03,P305,196,148,40,156,81,1
2026-09-13,S03,P306,17,0,17,0,75,3
2026-09-13,S03,P330,182,136,44,138,66,1
2026-09-13,S03,P401,39,0,19,20,34,4
2026-09-13,S03,P402,36,0,15,21,33,4
2026-09-13,S03,P403,95,67,20,75,33,1
2026-09-13,S03,P404,83,79,15,66,23,2
2026-09-13,S03,P405,72,46,13,59,27,1
2026-09-13,S03,P406,45,0,22,23,35,3
2026-09-13,S03,P407,81,0,18,63,32,2
2026-09-13,S03,P442,153,0,49,104,72,1
2026-09-13,S03,P501,5,0,5,0,14,2
2026-09-13,S03,P502,0,0,0,0,22,4
2026-09-13,S03,P503,6,0,6,0,24,3
2026-09-13,S03,P504,17,0,8,9,16,4
2026-09-13,S03,P505,33,0,7,26,17,2
2026-09-13,S03,P601,36,0,12,24,18,1
2026-09-13,S03,P602,48,0,11,37,16,1
2026-09-13,S03,P603,10,0,8,2,13,4
2026-09-13,S03,P604,66,66,14,52,24,4
2026-09-13,S03,P605,42,0,16,26,19,4
2026-09-13,S03,P701,11,0,11,0,18,3
2026-09-13,S03,P702,0,0,0,0,17,4
2026-09-13,S03,P703,9,0,9,0,17,4
2026-09-13,S03,P704,102,77,26,76,26,1
2026-09-13,S03,P801,91,0,24,67,41,1
2026-09-13,S03,P802,36,0,34,2,36,3
2026-09-13,S03,P803,107,0,22,85,43,3
2026-09-13,S04,P101,13,0,13,0,95,4
2026-09-13,S04,P102,93,0,89,4,113,3
2026-09-13,S04,P103,15,0,15,0,105,4
2026-09-13,S04,P104,0,0,0,0,114,4
2026-09-13,S04,P105,27,0,27,0,145,3
2026-09-13,S04,P106,133,0,46,87,101,1
2026-09-13,S04,P201,311,235,63,248,96,1
2026-09-13,S04,P202,158,0,61,97,98,4
2026-09-13,S04,P203,87,0,52,35,99,3
2026-09-13,S04,P204,58,0,58,0,110,3
2026-09-13,S04,P205,27,0,21,6,27,4
2026-09-13,S04,P206,0,0,0,0,83,4
2026-09-13,S04,P207,301,301,88,213,114,4
2026-09-13,S04,P301,158,158,33,125,62,3
2026-09-13,S04,P302,235,200,49,186,85,1
2026-09-13,S04,P303,226,226,92,134,90,3
2026-09-13,S04,P304,161,0,58,103,79,2
2026-09-13,S04,P305,106,0,53,53,78,4
2026-09-13,S04,P306,296,296,74,222,127,3
2026-09-13,S04,P330,20,0,20,0,86,4
2026-09-13,S04,P401,181,124,49,132,73,1
2026-09-13,S04,P402,141,0,34,107,64,1
2026-09-13,S04,P403,88,0,21,67,44,1
2026-09-13,S04,P404,28,0,28,0,56,3
2026-09-13,S04,P405,83,0,35,48,53,2
2026-09-13,S04,P406,14,0,14,0,46,2
2026-09-13,S04,P407,79,0,34,45,57,3
2026-09-13,S04,P442,139,139,34,105,64,2
2026-09-13,S04,P501,89,0,17,72,29,2
2026-09-13,S04,P502,17,0,17,0,32,3
2026-09-13,S04,P503,92,0,22,70,34,2
2026-09-13,S04,P504,74,0,26,48,28,1
2026-09-13,S04,P505,60,0,13,47,25,1
2026-09-13,S04,P601,27,0,26,1,38,3
2026-09-13,S04,P602,93,85,18,75,30,1
2026-09-13,S04,P603,35,0,14,21,26,1
2026-09-13,S04,P604,108,84,13,95,25,1
2026-09-13,S04,P605,98,98,24,74,34,4
2026-09-13,S04,P701,36,0,20,16,41,2
2026-09-13,S04,P702,1,0,1,0,31,4
2026-09-13,S04,P703,0,0,0,0,45,3
2026-09-13,S04,P704,61,0,14,47,26,1
2026-09-13,S04,P801,152,152,39,113,64,3
2026-09-13,S04,P802,37,0,33,4,55,3
2026-09-13,S04,P803,28,0,27,1,38,3
2026-09-13,S05,P101,0,0,0,0,92,3
2026-09-13,S05,P102,153,0,47,106,72,3
2026-09-13,S05,P103,48,0,39,9,76,2
2026-09-13,S05,P104,65,0,42,23,56,1
2026-09-13,S05,P105,0,0,0,0,63,4
2026-09-13,S05,P106,21,0,21,0,69,3
2026-09-13,S05,P201,65,0,33,30,51,4
2026-09-13,S05,P202,62,0,45,17,69,3
2026-09-13,S05,P203,149,144,34,115,80,2
2026-09-13,S05,P204,208,188,38,170,60,2
2026-09-13,S05,P205,6,0,6,0,19,4
2026-09-13,S05,P206,25,0,24,1,50,2
2026-09-13,S05,P207,0,0,0,0,55,4
2026-09-13,S05,P301,86,0,30,56,63,2
2026-09-13,S05,P302,87,0,45,42,70,3
2026-09-13,S05,P303,32,0,32,0,73,3
2026-09-13,S05,P304,37,0,31,6,53,3
2026-09-13,S05,P305,47,0,23,24,45,2
2026-09-13,S05,P306,136,130,55,81,64,2
2026-09-13,S05,P330,132,0,31,101,49,1
2026-09-13,S05,P401,46,46,15,31,21,3
2026-09-13,S05,P402,20,0,15,5,30,3
2026-09-13,S05,P403,132,109,27,105,39,1
2026-09-13,S05,P404,47,47,11,36,21,3
2026-09-13,S05,P405,23,0,16,7,21,3
2026-09-13,S05,P406,53,0,19,34,31,1
2026-09-13,S05,P407,100,0,21,79,30,1
2026-09-13,S05,P442,112,112,31,81,53,3
2026-09-13,S05,P501,35,0,12,23,13,4
2026-09-13,S05,P502,28,28,10,18,14,3
2026-09-13,S05,P503,8,0,8,0,11,3
2026-09-13,S05,P504,51,0,13,38,24,1
2026-09-13,S05,P505,23,0,10,13,17,2
2026-09-13,S05,P601,22,0,9,13,13,2
2026-09-13,S05,P602,28,28,8,20,15,4
2026-09-13,S05,P603,34,0,13,21,19,1
2026-09-13,S05,P604,11,0,10,1,15,3
2026-09-13,S05,P605,30,0,6,24,11,2
2026-09-13,S05,P701,22,0,18,4,18,1
2026-09-13,S05,P702,82,69,11,71,25,1
2026-09-13,S05,P703,56,47,10,46,21,1
2026-09-13,S05,P704,48,0,14,32,25,1
2026-09-13,S05,P801,6,0,6,0,44,3
2026-09-13,S05,P802,28,0,17,11,32,3
2026-09-13,S05,P803,86,0,32,54,46,1
2026-09-13,S06,P101,171,171,53,118,86,4
2026-09-13,S06,P102,270,0,60,210,101,1
2026-09-13,S06,P103,276,237,110,166,142,2
2026-09-13,S06,P104,12,0,12,0,81,4
2026-09-13,S06,P105,175,0,62,113,98,4
2026-09-13,S06,P106,242,242,68,174,117,3
2026-09-13,S06,P201,225,0,56,169,88,1
2026-09-13,S06,P202,23,0,23,0,65,3
2026-09-13,S06,P203,175,0,52,123,60,2
2026-09-13,S06,P204,89,0,60,29,108,2
2026-09-13,S06,P205,22,0,21,1,29,4
2026-09-13,S06,P206,70,0,70,0,87,4
2026-09-13,S06,P207,132,0,41,91,73,3
2026-09-13,S06,P301,141,0,41,100,96,1
2026-09-13,S06,P302,259,217,52,207,76,1
2026-09-13,S06,P303,0,0,0,0,81,3
2026-09-13,S06,P304,169,162,55,114,72,2
2026-09-13,S06,P305,227,0,61,166,90,1
2026-09-13,S06,P306,7,0,7,0,82,3
2026-09-13,S06,P330,115,0,44,71,85,2
2026-09-13,S06,P401,132,87,32,100,48,1
2026-09-13,S06,P402,8,0,8,0,34,2
2026-09-13,S06,P403,25,0,25,0,42,2
2026-09-13,S06,P404,15,0,15,0,51,3
2026-09-13,S06,P405,0,0,0,0,60,4
2026-09-13,S06,P406,9,0,9,0,34,3
2026-09-13,S06,P407,9,0,9,0,41,3
2026-09-13,S06,P442,56,0,56,0,88,2
2026-09-13,S06,P501,9,0,9,0,25,3
2026-09-13,S06,P502,49,0,19,30,38,2
2026-09-13,S06,P503,43,0,22,21,34,2
2026-09-13,S06,P504,19,0,13,6,20,3
2026-09-13,S06,P505,61,0,16,45,27,3
2026-09-13,S06,P601,28,0,12,16,18,1
2026-09-13,S06,P602,71,0,13,58,33,2
2026-09-13,S06,P603,76,76,21,55,24,3
2026-09-13,S06,P604,24,0,9,15,19,1
2026-09-13,S06,P605,20,0,17,3,31,3
2026-09-13,S06,P701,53,0,16,37,20,1
2026-09-13,S06,P702,72,72,21,51,37,3
2026-09-13,S06,P703,87,0,27,60,32,1
2026-09-13,S06,P704,55,0,15,40,29,2
2026-09-13,S06,P801,138,0,34,104,53,1
2026-09-13,S06,P802,142,0,50,92,76,1
2026-09-13,S06,P803,8,0,8,0,53,4
2026-09-14,S01,P101,101,0,50,51,121,3
2026-09-14,S01,P102,269,0,63,206,98,2
2026-09-14,S01,P103,126,0,54,72,164,4
2026-09-14,S01,P104,113,0,59,54,143,3
2026-09-14,S01,P105,241,0,70,171,124,4
2026-09-14,S01,P106,300,300,41,259,126,3
2026-09-14,S01,P201,0,0,0,0,89,3
2026-09-14,S01,P202,473,351,61,412,150,1
2026-09-14,S01,P203,434,434,61,373,159,3
2026-09-14,S01,P204,146,0,30,116,117,3
2026-09-14,S01,P205,52,0,9,43,27,1
2026-09-14,S01,P206,32,0,28,4,92,3
2026-09-14,S01,P207,6,0,6,0,111,3
2026-09-14,S01,P301,77,0,48,29,139,2
2026-09-14,S01,P302,312,295,74,238,106,2
2026-09-14,S01,P303,82,0,51,31,109,3
2026-09-14,S01,P304,277,277,47,230,74,3
2026-09-14,S01,P305,64,0,38,26,76,2
2026-09-14,S01,P306,133,0,23,110,83,1
2026-09-14,S01,P330,0,0,0,0,93,4
2026-09-14,S01,P401,158,0,31,127,71,2
2026-09-14,S01,P402,71,0,20,51,46,2
2026-09-14,S01,P403,55,0,21,34,46,3
2026-09-14,S01,P404,105,0,23,82,61,4
2026-09-14,S01,P405,56,0,20,36,43,4
2026-09-14,S01,P406,197,197,30,167,71,4
2026-09-14,S01,P407,166,0,23,143,55,1
2026-09-14,S01,P442,27,0,27,0,132,3
2026-09-14,S01,P501,83,0,16,67,41,3
2026-09-14,S01,P502,78,64,12,66,28,1
2026-09-14,S01,P503,69,0,14,55,40,1
2026-09-14,S01,P504,0,0,0,0,30,3
2026-09-14,S01,P505,0,0,0,0,37,4
2026-09-14,S01,P601,19,0,15,4,32,2
2026-09-14,S01,P602,52,0,12,40,37,2
2026-09-14,S01,P603,58,0,16,42,36,4
2026-09-14,S01,P604,31,0,11,20,23,2
2026-09-14,S01,P605,130,116,16,114,33,1
2026-09-14,S01,P701,116,115,14,102,36,2
2026-09-14,S01,P702,0,0,0,0,53,4
2026-09-14,S01,P703,60,0,17,43,47,1
2026-09-14,S01,P704,40,0,11,29,33,3
2026-09-14,S01,P801,15,0,15,0,60,4
2026-09-14,S01,P802,276,247,45,231,90,2
2026-09-14,S01,P803,239,222,28,211,59,2
2026-09-14,S02,P101,704,0,221,483,333,3
2026-09-14,S02,P102,1189,1054,150,1039,347,1
2026-09-14,S02,P103,579,0,108,471,334,1
2026-09-14,S02,P104,756,0,113,643,268,1
2026-09-14,S02,P105,99,0,99,0,300,3
2026-09-14,S02,P106,175,0,119,56,294,2
2026-09-14,S02,P201,318,0,119,199,283,1
2026-09-14,S02,P202,609,0,127,482,316,1
2026-09-14,S02,P203,593,0,135,458,255,1
2026-09-14,S02,P204,332,0,92,240,215,4
2026-09-14,S02,P205,237,0,46,191,116,2
2026-09-14,S02,P206,306,0,93,213,196,3
2026-09-14,S02,P207,458,0,138,320,307,1
2026-09-14,S02,P301,215,0,82,138,177,1
2026-09-14,S02,P302,499,0,133,366,326,2
2026-09-14,S02,P303,709,0,92,617,224,1
2026-09-14,S02,P304,1071,978,117,954,325,1
2026-09-14,S02,P305,411,0,120,291,329,4
2026-09-14,S02,P306,541,541,98,443,214,4
2026-09-14,S02,P330,221,0,130,91,277,3
2026-09-14,S02,P401,376,376,43,333,111,3
2026-09-14,S02,P402,150,0,46,104,103,2
2026-09-14,S02,P403,155,0,48,107,114,4
2026-09-14,S02,P404,163,0,65,98,136,3
2026-09-14,S02,P405,275,0,56,219,164,3
2026-09-14,S02,P406,17,0,17,0,151,4
2026-09-14,S02,P407,189,0,61,128,189,2
2026-09-14,S02,P442,531,479,68,463,238,2
2026-09-14,S02,P501,49,0,36,13,80,4
2026-09-14,S02,P502,105,0,33,72,126,4
2026-09-14,S02,P503,311,311,51,260,106,3
2026-09-14,S02,P504,252,185,30,222,72,1
2026-09-14,S02,P505,179,179,35,144,73,4
2026-09-14,S02,P601,124,0,27,97,61,1
2026-09-14,S02,P602,294,243,41,253,99,1
2026-09-14,S02,P603,127,0,34,93,77,1
2026-09-14,S02,P604,0,0,0,0,84,4
2026-09-14,S02,P605,74,0,16,58,56,3
2026-09-14,S02,P701,212,0,31,181,101,2
2026-09-14,S02,P702,101,0,34,67,82,2
2026-09-14,S02,P703,118,0,35,83,78,2
2026-09-14,S02,P704,299,226,42,257,80,1
2026-09-14,S02,P801,0,0,0,0,134,3
2026-09-14,S02,P802,0,0,0,0,129,3
2026-09-14,S02,P803,322,0,65,257,194,2
2026-09-14,S03,P101,48,0,28,20,68,2
2026-09-14,S03,P102,54,0,32,22,93,2
2026-09-14,S03,P103,67,0,36,31,83,4
2026-09-14,S03,P104,130,0,34,96,63,1
2026-09-14,S03,P105,73,0,20,53,63,2
2026-09-14,S03,P106,47,0,42,5,84,4
2026-09-14,S03,P201,152,0,42,110,83,4
2026-09-14,S03,P202,151,0,27,124,75,4
2026-09-14,S03,P203,13,0,13,0,40,3
2026-09-14,S03,P204,68,0,35,33,89,2
2026-09-14,S03,P205,20,0,5,15,22,4
2026-09-14,S03,P206,168,168,45,123,67,4
2026-09-14,S03,P207,178,178,38,140,83,3
2026-09-14,S03,P301,193,135,17,176,59,1
2026-09-14,S03,P302,195,195,33,162,65,2
2026-09-14,S03,P303,0,0,0,0,86,3
2026-09-14,S03,P304,185,185,14,171,51,2
2026-09-14,S03,P305,156,0,30,126,81,1
2026-09-14,S03,P306,0,0,0,0,75,3
2026-09-14,S03,P330,138,0,26,112,66,1
2026-09-14,S03,P401,20,0,11,9,34,4
2026-09-14,S03,P402,21,0,11,10,33,4
2026-09-14,S03,P403,75,0,15,60,33,1
2026-09-14,S03,P404,68,0,10,58,23,2
2026-09-14,S03,P405,59,0,9,50,27,1
2026-09-14,S03,P406,23,0,14,9,35,3
2026-09-14,S03,P407,63,0,12,51,32,2
2026-09-14,S03,P442,104,0,19,85,72,1
2026-09-14,S03,P501,47,47,7,40,14,2
2026-09-14,S03,P502,64,64,11,51,22,4
2026-09-14,S03,P503,65,65,6,59,24,3
2026-09-14,S03,P504,9,0,7,2,16,4
2026-09-14,S03,P505,26,0,4,22,17,2
2026-09-14,S03,P601,24,0,7,17,18,1
2026-09-14,S03,P602,37,0,6,31,16,1
2026-09-14,S03,P603,2,0,2,0,13,4
2026-09-14,S03,P604,52,0,11,41,24,4
2026-09-14,S03,P605,26,0,9,17,19,4
2026-09-14,S03,P701,0,0,0,0,18,3
2026-09-14,S03,P702,55,55,10,45,17,4
2026-09-14,S03,P703,0,0,0,0,17,4
2026-09-14,S03,P704,76,0,11,65,26,1
2026-09-14,S03,P801,67,0,16,51,41,1
2026-09-14,S03,P802,2,0,2,0,36,3
2026-09-14,S03,P803,85,0,17,68,43,3
2026-09-14,S04,P101,0,0,0,0,95,4
2026-09-14,S04,P102,4,0,4,0,113,3
2026-09-14,S04,P103,0,0,0,0,105,4
2026-09-14,S04,P104,210,210,37,173,114,4
2026-09-14,S04,P105,374,374,47,327,145,3
2026-09-14,S04,P106,262,175,36,226,101,1
2026-09-14,S04,P201,248,0,38,210,96,1
2026-09-14,S04,P202,97,0,42,55,98,4
2026-09-14,S04,P203,35,0,35,0,99,3
2026-09-14,S04,P204,0,0,0,0,110,3
2026-09-14,S04,P205,6,0,6,0,27,4
2026-09-14,S04,P206,171,171,26,145,83,4
2026-09-14,S04,P207,213,0,58,155,114,4
2026-09-14,S04,P301,125,0,29,96,62,3
2026-09-14,S04,P302,186,0,25,161,85,1
2026-09-14,S04,P303,134,0,52,82,90,3
2026-09-14,S04,P304,103,0,29,74,79,2
2026-09-14,S04,P305,53,0,41,12,78,4
2026-09-14,S04,P306,222,0,48,174,127,3
2026-09-14,S04,P330,0,0,0,0,86,4
2026-09-14,S04,P401,132,0,33,99,73,1
2026-09-14,S04,P402,107,0,14,93,64,1
2026-09-14,S04,P403,67,0,18,49,44,1
2026-09-14,S04,P404,0,0,0,0,56,3
2026-09-14,S04,P405,48,0,22,26,53,2
2026-09-14,S04,P406,150,150,19,131,46,2
2026-09-14,S04,P407,45,0,21,24,57,3
2026-09-14,S04,P442,105,0,26,79,64,2
2026-09-14,S04,P501,72,0,15,57,29,2
2026-09-14,S04,P502,0,0,0,0,32,3
2026-09-14,S04,P503,70,0,15,55,34,2
2026-09-14,S04,P504,48,0,14,34,28,1
2026-09-14,S04,P505,47,0,12,35,25,1
2026-09-14,S04,P601,1,0,1,0,38,3
2026-09-14,S04,P602,75,0,13,62,30,1
2026-09-14,S04,P603,79,58,11,68,26,1
2026-09-14,S04,P604,95,0,11,84,25,1
2026-09-14,S04,P605,74,0,18,56,34,4
2026-09-14,S04,P701,125,109,19,106,41,2
2026-09-14,S04,P702,0,0,0,0,31,4
2026-09-14,S04,P703,91,91,17,74,45,3
2026-09-14,S04,P704,47,0,8,39,26,1
2026-09-14,S04,P801,113,0,27,86,64,3
2026-09-14,S04,P802,4,0,4,0,55,3
2026-09-14,S04,P803,1,0,1,0,38,3
2026-09-14,S05,P101,241,241,34,207,92,3
2026-09-14,S05,P102,106,0,27,79,72,3
2026-09-14,S05,P103,160,151,35,125,76,2
2026-09-14,S05,P104,140,117,31,109,56,1
2026-09-14,S05,P105,0,0,0,0,63,4
2026-09-14,S05,P106,0,0,0,0,69,3
2026-09-14,S05,P201,32,0,32,0,51,4
2026-09-14,S05,P202,17,0,17,0,69,3
2026-09-14,S05,P203,115,0,26,89,80,2
2026-09-14,S05,P204,170,0,31,139,60,2
2026-09-14,S05,P205,0,0,0,0,19,4
2026-09-14,S05,P206,91,90,22,69,50,2
2026-09-14,S05,P207,171,171,30,141,55,4
2026-09-14,S05,P301,56,0,27,29,63,2
2026-09-14,S05,P302,42,0,27,15,70,3
2026-09-14,S05,P303,0,0,0,0,73,3
2026-09-14,S05,P304,6,0,6,0,53,3
2026-09-14,S05,P305,24,0,16,8,45,2
2026-09-14,S05,P306,81,0,26,55,64,2
2026-09-14,S05,P330,101,0,24,77,49,1
2026-09-14,S05,P401,31,0,8,23,21,3
2026-09-14,S05,P402,5,0,5,0,30,3
2026-09-14,S05,P403,105,0,12,93,39,1
2026-09-14,S05,P404,36,0,10,26,21,3
2026-09-14,S05,P405,7,0,6,1,21,3
2026-09-14,S05,P406,34,0,11,23,31,1
2026-09-14,S05,P407,79,0,18,61,30,1
2026-09-14,S05,P442,81,0,12,69,53,3
2026-09-14,S05,P501,23,0,8,15,13,4
2026-09-14,S05,P502,18,0,6,12,14,3
2026-09-14,S05,P503,0,0,0,0,11,3
2026-09-14,S05,P504,38,0,11,27,24,1
2026-09-14,S05,P505,13,0,5,8,17,2
2026-09-14,S05,P601,13,0,5,8,13,2
2026-09-14,S05,P602,20,0,4,16,15,4
2026-09-14,S05,P603,21,0,9,12,19,1
2026-09-14,S05,P604,1,0,1,0,15,3
2026-09-14,S05,P605,24,0,3,21,11,2
2026-09-14,S05,P701,60,56,10,50,18,1
2026-09-14,S05,P702,71,0,12,59,25,1
2026-09-14,S05,P703,46,0,8,38,21,1
2026-09-14,S05,P704,34,0,8,26,25,1
2026-09-14,S05,P801,115,115,25,90,44,3
2026-09-14,S05,P802,11,0,11,5,32,3
2026-09-14,S05,P803,54,0,19,35,46,1
2026-09-14,S06,P101,118,0,24,94,86,4
2026-09-14,S06,P102,210,0,39,171,101,1
2026-09-14,S06,P103,166,0,60,106,142,2
2026-09-14,S06,P104,0,0,0,0,81,4
2026-09-14,S06,P105,113,0,42,71,98,4
2026-09-14,S06,P106,174,0,42,132,117,3
2026-09-14,S06,P201,169,0,41,128,88,1
2026-09-14,S06,P202,189,189,27,162,65,3
2026-09-14,S06,P203,123,0,21,102,60,2
2026-09-14,S06,P204,349,320,39,310,108,2
2026-09-14,S06,P205,1,0,1,0,29,4
2026-09-14,S06,P206,0,0,0,0,87,4
2026-09-14,S06,P207,91,0,42,49,73,3
2026-09-14,S06,P301,100,0,24,76,96,1
2026-09-14,S06,P302,207,0,57,150,76,1
2026-09-14,S06,P303,182,182,33,149,81,3
2026-09-14,S06,P304,114,0,29,85,72,2
2026-09-14,S06,P305,166,0,46,120,90,1
2026-09-14,S06,P306,203,203,38,165,82,3
2026-09-14,S06,P330,71,0,36,35,85,2
2026-09-14,S06,P401,100,0,17,83,48,1
2026-09-14,S06,P402,92,92,16,76,34,2
2026-09-14,S06,P403,99,99,11,88,42,2
2026-09-14,S06,P404,88,88,25,63,51,3
2026-09-14,S06,P405,170,170,24,146,60,4
2026-09-14,S06,P406,0,0,0,0,34,3
2026-09-14,S06,P407,84,84,16,68,41,3
2026-09-14,S06,P442,194,194,37,157,88,2
2026-09-14,S06,P501,74,74,12,60,25,3
2026-09-14,S06,P502,30,0,13,17,38,2
2026-09-14,S06,P503,21,0,9,12,34,2
2026-09-14,S06,P504,6,0,6,0,20,3
2026-09-14,S06,P505,45,0,8,37,27,3
2026-09-14,S06,P601,65,49,7,58,18,1
2026-09-14,S06,P602,58,0,12,46,33,2
2026-09-14,S06,P603,55,0,7,48,24,3
2026-09-14,S06,P604,66,51,8,58,19,1
2026-09-14,S06,P605,3,0,3,0,31,3
2026-09-14,S06,P701,37,0,10,27,20,1
2026-09-14,S06,P702,51,0,15,36,37,3
2026-09-14,S06,P703,60,0,9,51,32,1
2026-09-14,S06,P704,40,0,10,30,29,2
2026-09-14,S06,P801,104,0,14,90,53,1
2026-09-14,S06,P802,92,0,29,63,76,1
2026-09-14,S06,P803,0,0,0,0,53,4
2026-09-15,S01,P101,51,0,51,0,121,3
2026-09-15,S01,P102,206,0,77,129,98,2
2026-09-15,S01,P103,72,0,72,0,164,4
2026-09-15,S01,P104,54,0,53,1,143,3
2026-09-15,S01,P105,171,0,56,115,124,4
2026-09-15,S01,P106,259,0,55,204,126,3
2026-09-15,S01,P201,268,268,39,229,89,3
2026-09-15,S01,P202,412,0,52,360,150,1
2026-09-15,S01,P203,373,0,68,305,159,3
2026-09-15,S01,P204,116,0,59,57,117,3
2026-09-15,S01,P205,43,0,11,32,27,1
2026-09-15,S01,P206,4,0,4,0,92,3
2026-09-15,S01,P207,229,229,38,191,111,3
2026-09-15,S01,P301,286,257,56,230,139,2
2026-09-15,S01,P302,238,0,62,176,106,2
2026-09-15,S01,P303,31,0,31,0,109,3
2026-09-15,S01,P304,230,0,47,183,74,3
2026-09-15,S01,P305,248,222,32,216,76,2
2026-09-15,S01,P306,110,0,34,76,83,1
2026-09-15,S01,P330,252,252,36,216,93,4
2026-09-15,S01,P401,127,0,23,104,71,2
2026-09-15,S01,P402,51,0,22,29,46,2
2026-09-15,S01,P403,34,0,26,8,46,3
2026-09-15,S01,P404,82,0,26,56,61,4
2026-09-15,S01,P405,36,0,19,17,43,4
2026-09-15,S01,P406,167,0,29,138,71,4
2026-09-15,S01,P407,143,0,29,114,55,1
2026-09-15,S01,P442,265,265,66,199,132,3
2026-09-15,S01,P501,67,0,23,44,41,3
2026-09-15,S01,P502,66,0,12,54,28,1
2026-09-15,S01,P503,55,0,14,41,40,1
2026-09-15,S01,P504,102,102,15,87,30,3
2026-09-15,S01,P505,0,0,0,0,37,4
2026-09-15,S01,P601,86,82,21,65,32,2
2026-09-15,S01,P602,40,0,17,23,37,2
2026-09-15,S01,P603,42,0,17,25,36,4
2026-09-15,S01,P604,20,0,12,8,23,2
2026-09-15,S01,P605,114,0,17,97,33,1
2026-09-15,S01,P701,102,0,16,86,36,2
2026-09-15,S01,P702,142,142,26,116,53,4
2026-09-15,S01,P703,183,140,28,155,47,1
2026-09-15,S01,P704,29,0,13,16,33,3
2026-09-15,S01,P801,0,0,0,0,60,4
2026-09-15,S01,P802,231,0,30,206,90,2
2026-09-15,S01,P803,211,0,32,179,59,2
2026-09-15,S02,P101,483,0,258,225,333,3
2026-09-15,S02,P102,1039,0,155,884,347,1
2026-09-15,S02,P103,471,0,146,330,334,1
2026-09-15,S02,P104,643,0,140,503,268,1
2026-09-15,S02,P105,547,547,108,439,300,3
2026-09-15,S02,P106,596,540,125,471,294,2
2026-09-15,S02,P201,860,661,138,722,283,1
2026-09-15,S02,P202,482,0,124,358,316,1
2026-09-15,S02,P203,458,0,180,278,255,1
2026-09-15,S02,P204,240,0,108,137,215,4
2026-09-15,S02,P205,191,0,54,137,116,2
2026-09-15,S02,P206,213,0,101,112,196,3
2026-09-15,S02,P207,320,0,117,203,307,1
2026-09-15,S02,P301,733,600,83,650,177,1
2026-09-15,S02,P302,366,0,142,224,326,2
2026-09-15,S02,P303,617,0,172,445,224,1
2026-09-15,S02,P304,954,0,167,787,325,1
2026-09-15,S02,P305,291,0,196,95,329,4
2026-09-15,S02,P306,443,0,118,325,214,4
2026-09-15,S02,P330,91,0,91,0,277,3
2026-09-15,S02,P401,333,0,75,258,111,3
2026-09-15,S02,P402,104,0,27,77,103,2
2026-09-15,S02,P403,107,0,65,42,114,4
2026-09-15,S02,P404,98,0,55,43,136,3
2026-09-15,S02,P405,219,0,63,156,164,3
2026-09-15,S02,P406,0,0,0,0,151,4
2026-09-15,S02,P407,128,0,72,56,189,2
2026-09-15,S02,P442,463,0,101,362,238,2
2026-09-15,S02,P501,13,0,13,0,80,4
2026-09-15,S02,P502,72,0,66,6,126,4
2026-09-15,S02,P503,260,0,46,214,106,3
2026-09-15,S02,P504,222,0,20,205,72,1
2026-09-15,S02,P505,144,0,28,116,73,4
2026-09-15,S02,P601,97,0,32,65,61,1
2026-09-15,S02,P602,253,0,52,201,99,1
2026-09-15,S02,P603,93,0,51,42,77,1
2026-09-15,S02,P604,270,270,46,224,84,4
2026-09-15,S02,P605,58,0,20,38,56,3
2026-09-15,S02,P701,181,0,45,139,101,2
2026-09-15,S02,P702,67,0,36,31,82,2
2026-09-15,S02,P703,83,0,45,38,78,2
2026-09-15,S02,P704,257,0,40,217,80,1
2026-09-15,S02,P801,386,386,65,321,134,3
2026-09-15,S02,P802,456,456,95,361,129,3
2026-09-15,S02,P803,257,0,74,183,194,2
2026-09-15,S03,P101,135,115,34,101,68,2
2026-09-15,S03,P102,284,262,56,228,93,2
2026-09-15,S03,P103,31,0,31,0,83,4
2026-09-15,S03,P104,96,0,54,42,63,1
2026-09-15,S03,P105,53,0,28,25,63,2
2026-09-15,S03,P106,5,0,5,0,84,4
2026-09-15,S03,P201,110,0,44,66,83,4
2026-09-15,S03,P202,124,0,39,85,75,4
2026-09-15,S03,P203,0,0,0,0,40,3
2026-09-15,S03,P204,258,225,36,222,89,2
2026-09-15,S03,P205,15,0,10,5,22,4
2026-09-15,S03,P206,123,0,30,93,67,4
2026-09-15,S03,P207,140,0,39,101,83,3
2026-09-15,S03,P301,176,0,21,155,59,1
2026-09-15,S03,P302,162,0,32,130,65,2
2026-09-15,S03,P303,222,222,37,185,86,3
2026-09-15,S03,P304,171,0,29,142,51,2
2026-09-15,S03,P305,126,0,27,99,81,1
2026-09-15,S03,P306,144,144,33,111,75,3
2026-09-15,S03,P330,112,0,38,74,66,1
2026-09-15,S03,P401,9,0,9,0,34,4
2026-09-15,S03,P402,10,0,10,0,33,4
2026-09-15,S03,P403,60,0,12,48,33,1
2026-09-15,S03,P404,58,0,10,48,23,2
2026-09-15,S03,P405,50,0,7,43,27,1
2026-09-15,S03,P406,9,0,9,0,35,3
2026-09-15,S03,P407,51,0,13,38,32,2
2026-09-15,S03,P442,85,0,29,56,72,1
2026-09-15,S03,P501,40,0,9,31,14,2
2026-09-15,S03,P502,53,0,7,46,22,4
2026-09-15,S03,P503,59,0,10,49,24,3
2026-09-15,S03,P504,2,0,2,0,16,4
2026-09-15,S03,P505,22,0,6,16,17,2
2026-09-15,S03,P601,59,42,6,53,18,1
2026-09-15,S03,P602,31,0,5,26,16,1
2026-09-15,S03,P603,0,0,0,0,13,4
2026-09-15,S03,P604,41,0,8,33,24,4
2026-09-15,S03,P605,17,0,9,8,19,4
2026-09-15,S03,P701,50,50,9,41,18,3
2026-09-15,S03,P702,45,0,6,39,17,4
2026-09-15,S03,P703,0,0,0,0,17,4
2026-09-15,S03,P704,65,0,14,51,26,1
2026-09-15,S03,P801,51,0,20,31,41,1
2026-09-15,S03,P802,0,0,0,0,36,3
2026-09-15,S03,P803,68,0,19,49,43,3
2026-09-15,S04,P101,262,262,55,207,95,4
2026-09-15,S04,P102,362,362,56,306,113,3
2026-09-15,S04,P103,210,210,60,150,105,4
2026-09-15,S04,P104,173,0,36,137,114,4
2026-09-15,S04,P105,327,0,80,247,145,3
2026-09-15,S04,P106,226,0,31,195,101,1
2026-09-15,S04,P201,210,0,54,156,96,1
2026-09-15,S04,P202,55,0,55,0,98,4
2026-09-15,S04,P203,324,324,45,279,99,3
2026-09-15,S04,P204,334,334,49,285,110,3
2026-09-15,S04,P205,0,0,0,0,27,4
2026-09-15,S04,P206,145,0,43,105,83,4
2026-09-15,S04,P207,155,0,72,83,114,4
2026-09-15,S04,P301,96,0,33,63,62,3
2026-09-15,S04,P302,161,0,33,128,85,1
2026-09-15,S04,P303,82,0,50,32,90,3
2026-09-15,S04,P304,74,0,42,32,79,2
2026-09-15,S04,P305,12,0,12,0,78,4
2026-09-15,S04,P306,174,0,55,119,127,3
2026-09-15,S04,P330,241,241,36,205,86,4
2026-09-15,S04,P401,99,0,24,75,73,1
2026-09-15,S04,P402,93,0,38,55,64,1
2026-09-15,S04,P403,49,0,13,36,44,1
2026-09-15,S04,P404,138,138,32,106,56,3
2026-09-15,S04,P405,190,164,22,164,53,2
2026-09-15,S04,P406,131,0,21,110,46,2
2026-09-15,S04,P407,24,0,23,1,57,3
2026-09-15,S04,P442,79,0,26,53,64,2
2026-09-15,S04,P501,57,0,21,36,29,2
2026-09-15,S04,P502,66,66,13,53,32,3
2026-09-15,S04,P503,55,0,14,41,34,2
2026-09-15,S04,P504,34,0,14,20,28,1
2026-09-15,S04,P505,35,0,13,22,25,1
2026-09-15,S04,P601,106,106,8,98,38,3
2026-09-15,S04,P602,62,0,22,40,30,1
2026-09-15,S04,P603,68,0,12,56,26,1
2026-09-15,S04,P604,84,0,11,73,25,1
2026-09-15,S04,P605,56,0,16,40,34,4
2026-09-15,S04,P701,106,0,17,89,41,2
2026-09-15,S04,P702,67,67,14,53,31,4
2026-09-15,S04,P703,74,0,14,60,45,3
2026-09-15,S04,P704,39,0,10,29,26,1
2026-09-15,S04,P801,86,0,39,47,64,3
2026-09-15,S04,P802,148,148,24,124,55,3
2026-09-15,S04,P803,146,146,23,123,38,3
2026-09-15,S05,P101,207,0,37,170,92,3
2026-09-15,S05,P102,79,0,30,45,72,3
2026-09-15,S05,P103,125,0,35,90,76,2
2026-09-15,S05,P104,109,0,32,77,56,1
2026-09-15,S05,P105,222,222,32,190,63,4
2026-09-15,S05,P106,213,213,38,175,69,3
2026-09-15,S05,P201,0,0,0,0,51,4
2026-09-15,S05,P202,218,218,33,185,69,3
2026-09-15,S05,P203,89,0,27,62,80,2
2026-09-15,S05,P204,139,0,32,107,60,2
2026-09-15,S05,P205,42,42,14,28,19,4
2026-09-15,S05,P206,69,0,18,51,50,2
2026-09-15,S05,P207,141,0,35,106,55,4
2026-09-15,S05,P301,176,147,25,151,63,2
2026-09-15,S05,P302,15,0,15,0,70,3
2026-09-15,S05,P303,209,209,42,167,73,3
2026-09-15,S05,P304,173,173,34,139,53,3
2026-09-15,S05,P305,114,106,23,91,45,2
2026-09-15,S05,P306,55,0,31,24,64,2
2026-09-15,S05,P330,77,0,26,51,49,1
2026-09-15,S05,P401,23,0,11,12,21,3
2026-09-15,S05,P402,89,89,12,77,30,3
2026-09-15,S05,P403,93,0,15,78,39,1
2026-09-15,S05,P404,26,0,10,16,21,3
2026-09-15,S05,P405,1,0,1,0,21,3
2026-09-15,S05,P406,94,71,10,84,31,1
2026-09-15,S05,P407,61,0,13,48,30,1
2026-09-15,S05,P442,69,0,19,50,53,3
2026-09-15,S05,P501,15,0,6,9,13,4
2026-09-15,S05,P502,12,0,6,6,14,3
2026-09-15,S05,P503,39,39,6,33,11,3
2026-09-15,S05,P504,27,0,10,17,24,1
2026-09-15,S05,P505,51,43,8,43,17,2
2026-09-15,S05,P601,8,0,7,1,13,2
2026-09-15,S05,P602,16,0,8,8,15,4
2026-09-15,S05,P603,62,50,7,55,19,1
2026-09-15,S05,P604,43,43,6,37,15,3
2026-09-15,S05,P605,21,0,5,16,11,2
2026-09-15,S05,P701,50,0,10,40,18,1
2026-09-15,S05,P702,59,0,11,48,25,1
2026-09-15,S05,P703,38,0,11,27,21,1
2026-09-15,S05,P704,26,0,10,16,25,1
2026-09-15,S05,P801,90,0,16,74,44,3
2026-09-15,S05,P802,101,101,13,88,32,3
2026-09-15,S05,P803,181,146,25,156,46,1
2026-09-15,S06,P101,94,0,40,57,86,4
2026-09-15,S06,P102,171,0,48,123,101,1
2026-09-15,S06,P103,106,0,58,48,142,2
2026-09-15,S06,P104,225,225,42,183,81,4
2026-09-15,S06,P105,71,0,65,6,98,4
2026-09-15,S06,P106,132,0,41,91,117,3
2026-09-15,S06,P201,128,0,36,92,88,1
2026-09-15,S06,P202,162,0,20,142,65,3
2026-09-15,S06,P203,102,0,28,74,60,2
2026-09-15,S06,P204,310,0,40,270,108,2
2026-09-15,S06,P205,0,0,0,0,29,4
2026-09-15,S06,P206,0,0,0,0,87,4
2026-09-15,S06,P207,49,0,29,20,73,3
2026-09-15,S06,P301,346,270,37,309,96,1
2026-09-15,S06,P302,150,0,42,108,76,1
2026-09-15,S06,P303,149,0,54,95,81,3
2026-09-15,S06,P304,85,0,29,56,72,2
2026-09-15,S06,P305,120,0,57,63,90,1
2026-09-15,S06,P306,165,0,30,135,82,3
2026-09-15,S06,P330,221,186,50,171,85,2
2026-09-15,S06,P401,83,0,22,61,48,1
2026-09-15,S06,P402,76,0,19,57,34,2
2026-09-15,S06,P403,88,0,23,65,42,2
2026-09-15,S06,P404,63,0,30,33,51,3
2026-09-15,S06,P405,146,0,28,118,60,4
2026-09-15,S06,P406,122,122,20,102,34,3
2026-09-15,S06,P407,68,0,16,52,41,3
2026-09-15,S06,P442,157,0,38,119,88,2
2026-09-15,S06,P501,62,0,15,47,25,3
2026-09-15,S06,P502,90,73,15,75,38,2
2026-09-15,S06,P503,100,88,20,80,34,2
2026-09-15,S06,P504,48,48,8,36,20,3
2026-09-15,S06,P505,37,0,14,23,27,3
2026-09-15,S06,P601,58,0,9,49,18,1
2026-09-15,S06,P602,46,0,14,32,33,2
2026-09-15,S06,P603,48,0,11,37,24,3
2026-09-15,S06,P604,58,0,5,53,19,1
2026-09-15,S06,P605,56,56,11,45,31,3
2026-09-15,S06,P701,27,0,10,17,20,1
2026-09-15,S06,P702,36,0,13,23,37,3
2026-09-15,S06,P703,51,0,15,36,32,1
2026-09-15,S06,P704,30,0,12,18,29,2
2026-09-15,S06,P801,90,0,22,68,53,1
2026-09-15,S06,P802,212,149,32,180,76,1
2026-09-15,S06,P803,161,161,25,136,53,4
2026-09-16,S01,P101,276,276,50,226,121,3
2026-09-16,S01,P102,129,0,42,87,98,2
2026-09-16,S01,P103,0,0,0,0,164,4
2026-09-16,S01,P104,315,314,52,263,143,3
2026-09-16,S01,P105,115,0,59,56,124,4
2026-09-16,S01,P106,204,0,63,141,126,3
2026-09-16,S01,P201,229,0,50,179,89,3
2026-09-16,S01,P202,360,0,57,303,150,1
2026-09-16,S01,P203,305,0,78,227,159,3
2026-09-16,S01,P204,57,0,34,23,117,3
2026-09-16,S01,P205,32,0,15,17,27,1
2026-09-16,S01,P206,187,187,43,149,92,3
2026-09-16,S01,P207,191,0,54,137,111,3
2026-09-16,S01,P301,230,0,68,162,139,2
2026-09-16,S01,P302,176,0,82,94,106,2
2026-09-16,S01,P303,327,327,58,269,109,3
2026-09-16,S01,P304,183,0,31,152,74,3
2026-09-16,S01,P305,216,0,43,173,76,2
2026-09-16,S01,P306,255,179,36,219,83,1
2026-09-16,S01,P330,216,0,42,174,93,4
2026-09-16,S01,P401,104,0,34,70,71,2
2026-09-16,S01,P402,29,0,19,10,46,2
2026-09-16,S01,P403,8,0,8,0,46,3
2026-09-16,S01,P404,56,0,23,33,61,4
2026-09-16,S01,P405,17,0,17,0,43,4
2026-09-16,S01,P406,138,0,30,108,71,4
2026-09-16,S01,P407,114,0,43,71,55,1
2026-09-16,S01,P442,199,0,75,124,132,3
2026-09-16,S01,P501,44,0,27,17,41,3
2026-09-16,S01,P502,54,0,13,41,28,1
2026-09-16,S01,P503,41,0,30,11,40,1
2026-09-16,S01,P504,87,0,13,74,30,3
2026-09-16,S01,P505,69,69,12,57,37,4
2026-09-16,S01,P601,65,0,13,52,32,2
2026-09-16,S01,P602,23,0,13,10,37,2
2026-09-16,S01,P603,25,0,15,10,36,4
2026-09-16,S01,P604,76,68,13,63,23,2
2026-09-16,S01,P605,97,0,23,74,33,1
2026-09-16,S01,P701,86,0,12,74,36,2
2026-09-16,S01,P702,116,0,19,97,53,4
2026-09-16,S01,P703,155,0,22,133,47,1
2026-09-16,S01,P704,16,0,14,2,33,3
2026-09-16,S01,P801,166,166,24,142,60,4
2026-09-16,S01,P802,201,0,47,154,90,2
2026-09-16,S01,P803,179,0,23,156,59,2
2026-09-16,S02,P101,225,0,177,48,333,3
2026-09-16,S02,P102,884,0,213,671,347,1
2026-09-16,S02,P103,940,615,169,771,334,1
2026-09-16,S02,P104,503,0,138,365,268,1
2026-09-16,S02,P105,439,0,151,288,300,3
2026-09-16,S02,P106,471,0,164,307,294,2
2026-09-16,S02,P201,722,0,123,599,283,1
2026-09-16,S02,P202,358,0,169,189,316,1
2026-09-16,S02,P203,278,0,154,124,255,1
2026-09-16,S02,P204,132,0,124,8,215,4
2026-09-16,S02,P205,137,0,60,77,116,2
2026-09-16,S02,P206,112,0,89,19,196,3
2026-09-16,S02,P207,949,746,153,796,307,1
2026-09-16,S02,P301,650,0,121,529,177,1
2026-09-16,S02,P302,224,0,107,117,326,2
2026-09-16,S02,P303,445,0,116,329,224,1
2026-09-16,S02,P304,787,0,128,659,325,1
2026-09-16,S02,P305,95,0,95,0,329,4
2026-09-16,S02,P306,325,0,171,154,214,4
2026-09-16,S02,P330,858,858,195,663,277,3
2026-09-16,S02,P401,258,0,60,198,111,3
2026-09-16,S02,P402,77,0,42,35,103,2
2026-09-16,S02,P403,42,0,42,0,114,4
2026-09-16,S02,P404,43,0,43,0,136,3
2026-09-16,S02,P405,156,0,89,67,164,3
2026-09-16,S02,P406,345,345,62,283,151,4
2026-09-16,S02,P407,376,320,72,304,189,2
2026-09-16,S02,P442,362,0,122,240,238,2
2026-09-16,S02,P501,0,0,0,0,80,4
2026-09-16,S02,P502,6,0,6,0,126,4
2026-09-16,S02,P503,214,0,49,165,106,3
2026-09-16,S02,P504,202,0,29,173,72,1
2026-09-16,S02,P505,116,0,27,89,73,4
2026-09-16,S02,P601,65,0,29,36,61,1
2026-09-16,S02,P602,201,0,48,153,99,1
2026-09-16,S02,P603,218,176,29,187,77,1
2026-09-16,S02,P604,224,0,66,158,84,4
2026-09-16,S02,P605,38,0,21,17,56,3
2026-09-16,S02,P701,136,0,48,88,101,2
2026-09-16,S02,P702,279,248,65,214,82,2
2026-09-16,S02,P703,38,0,38,0,78,2
2026-09-16,S02,P704,217,0,45,172,80,1
2026-09-16,S02,P801,321,0,64,255,134,3
2026-09-16,S02,P802,361,0,66,295,129,3
2026-09-16,S02,P803,183,0,62,121,194,2
2026-09-16,S03,P101,101,0,33,68,68,2
2026-09-16,S03,P102,228,0,45,183,93,2
2026-09-16,S03,P103,0,0,0,0,83,4
2026-09-16,S03,P104,167,125,46,121,63,1
2026-09-16,S03,P105,170,145,32,138,63,2
2026-09-16,S03,P106,0,0,0,0,84,4
2026-09-16,S03,P201,66,0,44,22,83,4
2026-09-16,S03,P202,85,0,43,42,75,4
2026-09-16,S03,P203,91,91,24,67,40,3
2026-09-16,S03,P204,222,0,42,180,89,2
2026-09-16,S03,P205,5,0,5,0,22,4
2026-09-16,S03,P206,93,0,38,55,67,4
2026-09-16,S03,P207,101,0,48,53,83,3
2026-09-16,S03,P301,155,0,18,137,59,1
2026-09-16,S03,P302,130,0,27,103,65,2
2026-09-16,S03,P303,185,0,36,149,86,3
2026-09-16,S03,P304,142,0,28,114,51,2
2026-09-16,S03,P305,99,0,36,63,81,1
2026-09-16,S03,P306,111,0,39,72,75,3
2026-09-16,S03,P330,74,0,41,33,66,1
2026-09-16,S03,P401,0,0,0,0,34,4
2026-09-16,S03,P402,0,0,0,0,33,4
2026-09-16,S03,P403,48,0,16,32,33,1
2026-09-16,S03,P404,48,0,13,35,23,2
2026-09-16,S03,P405,43,0,8,35,27,1
2026-09-16,S03,P406,60,60,19,41,35,3
2026-09-16,S03,P407,38,0,17,21,32,2
2026-09-16,S03,P442,266,210,40,226,72,1
2026-09-16,S03,P501,31,0,8,23,14,2
2026-09-16,S03,P502,46,0,11,35,22,4
2026-09-16,S03,P503,49,0,11,34,24,3
2026-09-16,S03,P504,0,0,0,0,16,4
2026-09-16,S03,P505,16,0,10,6,17,2
2026-09-16,S03,P601,53,0,8,45,18,1
2026-09-16,S03,P602,26,0,8,18,16,1
2026-09-16,S03,P603,42,42,7,35,13,4
2026-09-16,S03,P604,33,0,8,25,24,4
2026-09-16,S03,P605,8,0,8,0,19,4
2026-09-16,S03,P701,41,0,12,29,18,3
2026-09-16,S03,P702,39,0,11,28,17,4
2026-09-16,S03,P703,38,38,10,28,17,4
2026-09-16,S03,P704,51,0,12,39,26,1
2026-09-16,S03,P801,116,85,23,93,41,1
2026-09-16,S03,P802,87,87,17,70,36,3
2026-09-16,S03,P803,49,0,17,32,43,3
2026-09-16,S04,P101,207,0,43,164,95,4
2026-09-16,S04,P102,306,0,53,253,113,3
2026-09-16,S04,P103,150,0,68,82,105,4
2026-09-16,S04,P104,137,0,49,88,114,4
2026-09-16,S04,P105,247,0,81,166,145,3
2026-09-16,S04,P106,195,0,40,155,101,1
2026-09-16,S04,P201,156,0,53,103,96,1
2026-09-16,S04,P202,0,0,0,0,98,4
2026-09-16,S04,P203,279,0,53,226,99,3
2026-09-16,S04,P204,285,0,49,236,110,3
2026-09-16,S04,P205,0,0,0,0,27,4
2026-09-16,S04,P206,102,0,30,72,83,4
2026-09-16,S04,P207,83,0,52,31,114,4
2026-09-16,S04,P301,63,0,42,21,62,3
2026-09-16,S04,P302,128,0,38,90,85,1
2026-09-16,S04,P303,32,0,32,0,90,3
2026-09-16,S04,P304,207,175,41,166,79,2
2026-09-16,S04,P305,0,0,0,0,78,4
2026-09-16,S04,P306,119,0,59,60,127,3
2026-09-16,S04,P330,205,0,51,154,86,4
2026-09-16,S04,P401,75,0,34,41,73,1
2026-09-16,S04,P402,256,201,33,223,64,1
2026-09-16,S04,P403,153,117,19,134,44,1
2026-09-16,S04,P404,106,0,27,79,56,3
2026-09-16,S04,P405,168,0,21,150,53,2
2026-09-16,S04,P406,110,0,18,92,46,2
2026-09-16,S04,P407,127,126,26,101,57,3
2026-09-16,S04,P442,53,0,35,18,64,2
2026-09-16,S04,P501,36,0,17,19,29,2
2026-09-16,S04,P502,53,0,11,42,32,3
2026-09-16,S04,P503,41,0,21,20,34,2
2026-09-16,S04,P504,77,57,14,63,28,1
2026-09-16,S04,P505,84,62,18,66,25,1
2026-09-16,S04,P601,98,0,16,82,38,3
2026-09-16,S04,P602,40,0,18,22,30,1
2026-09-16,S04,P603,56,0,15,37,26,1
2026-09-16,S04,P604,73,0,10,63,25,1
2026-09-16,S04,P605,40,0,16,24,34,4
2026-09-16,S04,P701,89,0,17,72,41,2
2026-09-16,S04,P702,53,0,17,36,31,4
2026-09-16,S04,P703,60,0,30,30,45,3
2026-09-16,S04,P704,29,0,16,13,26,1
2026-09-16,S04,P801,47,0,29,18,64,3
2026-09-16,S04,P802,124,0,27,97,55,3
2026-09-16,S04,P803,123,0,31,92,38,3
2026-09-16,S05,P101,170,0,45,125,92,3
2026-09-16,S05,P102,49,0,26,23,72,3
2026-09-16,S05,P103,90,0,28,62,76,2
2026-09-16,S05,P104,77,0,30,47,56,1
2026-09-16,S05,P105,190,0,32,158,63,4
2026-09-16,S05,P106,175,0,32,143,69,3
2026-09-16,S05,P201,0,0,0,0,51,4
2026-09-16,S05,P202,185,0,41,144,69,3
2026-09-16,S05,P203,62,0,22,40,80,2
2026-09-16,S05,P204,107,0,25,82,60,2
2026-09-16,S05,P205,28,0,8,20,19,4
2026-09-16,S05,P206,51,0,31,20,50,2
2026-09-16,S05,P207,106,0,32,74,55,4
2026-09-16,S05,P301,151,0,27,124,63,2
2026-09-16,S05,P302,133,133,28,105,70,3
2026-09-16,S05,P303,167,0,22,150,73,3
2026-09-16,S05,P304,139,0,25,114,53,3
2026-09-16,S05,P305,91,0,20,71,45,2
2026-09-16,S05,P306,226,202,57,169,64,2
2026-09-16,S05,P330,51,0,25,26,49,1
2026-09-16,S05,P401,12,0,9,3,21,3
2026-09-16,S05,P402,77,0,13,64,30,3
2026-09-16,S05,P403,78,0,14,64,39,1
2026-09-16,S05,P404,16,0,11,5,21,3
2026-09-16,S05,P405,73,73,14,59,21,3
2026-09-16,S05,P406,84,0,14,70,31,1
2026-09-16,S05,P407,48,0,22,26,30,1
2026-09-16,S05,P442,50,0,28,22,53,3
2026-09-16,S05,P501,9,0,7,2,13,4
2026-09-16,S05,P502,6,0,6,0,14,3
2026-09-16,S05,P503,33,0,5,28,11,3
2026-09-16,S05,P504,85,68,9,76,24,1
2026-09-16,S05,P505,43,0,8,35,17,2
2026-09-16,S05,P601,37,36,10,27,13,2
2026-09-16,S05,P602,8,0,6,2,15,4
2026-09-16,S05,P603,55,0,7,48,19,1
2026-09-16,S05,P604,37,0,8,29,15,3
2026-09-16,S05,P605,16,0,5,11,11,2
2026-09-16,S05,P701,40,0,9,31,18,1
2026-09-16,S05,P702,48,0,14,34,25,1
2026-09-16,S05,P703,27,0,11,16,21,1
2026-09-16,S05,P704,77,61,11,66,25,1
2026-09-16,S05,P801,74,0,17,57,44,3
2026-09-16,S05,P802,88,0,14,74,32,3
2026-09-16,S05,P803,156,0,19,137,46,1
2026-09-16,S06,P101,54,0,39,15,86,4
2026-09-16,S06,P102,123,0,65,58,101,1
2026-09-16,S06,P103,398,350,52,346,142,2
2026-09-16,S06,P104,183,0,47,136,81,4
2026-09-16,S06,P105,6,0,6,0,98,4
2026-09-16,S06,P106,91,0,51,40,117,3
2026-09-16,S06,P201,92,0,42,50,88,1
2026-09-16,S06,P202,142,0,22,120,65,3
2026-09-16,S06,P203,74,0,30,44,60,2
2026-09-16,S06,P204,270,0,51,219,108,2
2026-09-16,S06,P205,87,87,13,74,29,4
2026-09-16,S06,P206,216,216,38,178,87,4
2026-09-16,S06,P207,20,0,20,0,73,3
2026-09-16,S06,P301,309,0,48,261,96,1
2026-09-16,S06,P302,108,0,27,81,76,1
2026-09-16,S06,P303,95,0,37,58,81,3
2026-09-16,S06,P304,56,0,48,8,72,2
2026-09-16,S06,P305,389,326,39,350,90,1
2026-09-16,S06,P306,135,0,41,94,82,3
2026-09-16,S06,P330,171,0,47,124,85,2
2026-09-16,S06,P401,61,0,23,36,48,1
2026-09-16,S06,P402,57,0,17,40,34,2
2026-09-16,S06,P403,65,0,19,46,42,2
2026-09-16,S06,P404,33,0,15,18,51,3
2026-09-16,S06,P405,118,0,35,83,60,4
2026-09-16,S06,P406,102,0,20,82,34,3
2026-09-16,S06,P407,52,0,20,32,41,3
2026-09-16,S06,P442,119,0,38,81,88,2
2026-09-16,S06,P501,47,0,13,34,25,3
2026-09-16,S06,P502,75,0,21,54,38,2
2026-09-16,S06,P503,80,0,16,64,34,2
2026-09-16,S06,P504,40,0,10,30,20,3
2026-09-16,S06,P505,23,0,15,8,27,3
2026-09-16,S06,P601,49,0,8,41,18,1
2026-09-16,S06,P602,32,0,15,17,33,2
2026-09-16,S06,P603,37,0,12,25,24,3
2026-09-16,S06,P604,53,0,7,46,19,1
2026-09-16,S06,P605,45,0,14,31,31,3
2026-09-16,S06,P701,83,66,10,73,20,1
2026-09-16,S06,P702,23,0,15,8,37,3
2026-09-16,S06,P703,36,0,12,24,32,1
2026-09-16,S06,P704,18,0,11,7,29,2
2026-09-16,S06,P801,68,0,26,42,53,1
2026-09-16,S06,P802,180,0,28,152,76,1
2026-09-16,S06,P803,136,0,27,109,53,4
2026-09-17,S01,P101,226,0,96,130,121,3
2026-09-17,S01,P102,87,0,87,0,98,2
2026-09-17,S01,P103,286,286,96,190,164,4
2026-09-17,S01,P104,263,0,80,183,143,3
2026-09-17,S01,P105,56,0,56,5,124,4
2026-09-17,S01,P106,141,0,85,56,126,3
2026-09-17,S01,P201,179,0,81,98,89,3
2026-09-17,S01,P202,303,0,96,207,150,1
2026-09-17,S01,P203,227,0,114,113,159,3
2026-09-17,S01,P204,348,325,87,261,117,3
2026-09-17,S01,P205,92,75,18,74,27,1
2026-09-17,S01,P206,144,0,85,59,92,3
2026-09-17,S01,P207,137,0,85,52,111,3
2026-09-17,S01,P301,162,0,79,83,139,2
2026-09-17,S01,P302,94,0,85,9,106,2
2026-09-17,S01,P303,269,0,106,163,109,3
2026-09-17,S01,P304,152,0,54,98,74,3
2026-09-17,S01,P305,173,0,62,111,76,2
2026-09-17,S01,P306,219,0,55,164,83,1
2026-09-17,S01,P330,174,0,58,116,93,4
2026-09-17,S01,P401,70,0,57,13,71,2
2026-09-17,S01,P402,143,133,23,120,46,2
2026-09-17,S01,P403,129,129,41,88,46,3
2026-09-17,S01,P404,33,0,33,0,61,4
2026-09-17,S01,P405,0,0,0,0,43,4
2026-09-17,S01,P406,108,0,43,65,71,4
2026-09-17,S01,P407,71,0,33,38,55,1
2026-09-17,S01,P442,124,0,78,46,132,3
2026-09-17,S01,P501,17,0,17,0,41,3
2026-09-17,S01,P502,41,0,16,25,28,1
2026-09-17,S01,P503,135,124,33,102,40,1
2026-09-17,S01,P504,74,0,24,50,30,3
2026-09-17,S01,P505,57,0,18,39,37,4
2026-09-17,S01,P601,52,0,35,17,32,2
2026-09-17,S01,P602,114,104,30,84,37,2
2026-09-17,S01,P603,10,0,10,0,36,4
2026-09-17,S01,P604,63,0,18,45,23,2
2026-09-17,S01,P605,74,0,26,48,33,1
2026-09-17,S01,P701,74,0,34,40,36,2
2026-09-17,S01,P702,97,0,43,54,53,4
2026-09-17,S01,P703,133,0,34,99,47,1
2026-09-17,S01,P704,67,65,18,49,33,3
2026-09-17,S01,P801,142,0,61,81,60,4
2026-09-17,S01,P802,154,0,81,73,90,2
2026-09-17,S01,P803,156,0,64,92,59,2
2026-09-17,S02,P101,48,0,48,0,333,3
2026-09-17,S02,P102,671,0,354,317,347,1
2026-09-17,S02,P103,771,0,166,605,334,1
2026-09-17,S02,P104,365,0,345,20,268,1
2026-09-17,S02,P105,288,0,247,41,300,3
2026-09-17,S02,P106,307,0,223,84,294,2
2026-09-17,S02,P201,599,0,212,387,283,1
2026-09-17,S02,P202,793,604,297,496,316,1
2026-09-17,S02,P203,705,581,282,423,255,1
2026-09-17,S02,P204,8,0,8,0,215,4
2026-09-17,S02,P205,77,0,77,0,116,2
2026-09-17,S02,P206,23,0,23,0,196,3
2026-09-17,S02,P207,796,0,221,578,307,1
2026-09-17,S02,P301,529,0,180,349,177,1
2026-09-17,S02,P302,1064,947,202,862,326,2
2026-09-17,S02,P303,329,0,138,191,224,1
2026-09-17,S02,P304,659,0,174,485,325,1
2026-09-17,S02,P305,0,0,0,0,329,4
2026-09-17,S02,P306,154,0,154,0,214,4
2026-09-17,S02,P330,663,0,241,422,277,3
2026-09-17,S02,P401,198,0,79,119,111,3
2026-09-17,S02,P402,270,235,65,205,103,2
2026-09-17,S02,P403,0,0,0,0,114,4
2026-09-17,S02,P404,361,361,69,292,136,3
2026-09-17,S02,P405,67,0,67,0,164,3
2026-09-17,S02,P406,283,0,140,143,151,4
2026-09-17,S02,P407,304,0,110,194,189,2
2026-09-17,S02,P442,240,0,229,11,238,2
2026-09-17,S02,P501,192,192,59,133,80,4
2026-09-17,S02,P502,215,215,87,128,126,4
2026-09-17,S02,P503,165,0,69,96,106,3
2026-09-17,S02,P504,173,0,51,122,72,1
2026-09-17,S02,P505,89,0,45,44,73,4
2026-09-17,S02,P601,190,154,55,135,61,1
2026-09-17,S02,P602,153,0,72,81,99,1
2026-09-17,S02,P603,189,0,74,115,77,1
2026-09-17,S02,P604,158,0,63,95,84,4
2026-09-17,S02,P605,17,0,17,0,56,3
2026-09-17,S02,P701,88,0,60,28,101,2
2026-09-17,S02,P702,214,0,67,147,82,2
2026-09-17,S02,P703,193,193,55,138,78,2
2026-09-17,S02,P704,172,0,63,109,80,1
2026-09-17,S02,P801,257,0,88,169,134,3
2026-09-17,S02,P802,295,0,90,205,129,3
2026-09-17,S02,P803,512,391,95,417,194,2
2026-09-17,S03,P101,68,0,46,22,68,2
2026-09-17,S03,P102,183,0,50,133,93,2
2026-09-17,S03,P103,268,268,66,202,83,4
2026-09-17,S03,P104,121,0,67,54,63,1
2026-09-17,S03,P105,138,0,73,65,63,2
2026-09-17,S03,P106,162,162,89,73,84,4
2026-09-17,S03,P201,22,0,22,0,83,4
2026-09-17,S03,P202,42,0,42,0,75,4
2026-09-17,S03,P203,67,0,63,4,40,3
2026-09-17,S03,P204,180,0,69,111,89,2
2026-09-17,S03,P205,47,47,17,30,22,4
2026-09-17,S03,P206,55,0,37,18,67,4
2026-09-17,S03,P207,53,0,53,0,83,3
2026-09-17,S03,P301,137,0,36,101,59,1
2026-09-17,S03,P302,103,0,51,52,65,2
2026-09-17,S03,P303,149,0,59,90,86,3
2026-09-17,S03,P304,114,0,49,65,51,2
2026-09-17,S03,P305,311,248,69,242,81,1
2026-09-17,S03,P306,72,0,50,22,75,3
2026-09-17,S03,P330,214,181,73,141,66,1
2026-09-17,S03,P401,90,90,24,66,34,4
2026-09-17,S03,P402,86,86,17,69,33,4
2026-09-17,S03,P403,128,96,25,103,33,1
2026-09-17,S03,P404,35,0,18,17,23,2
2026-09-17,S03,P405,35,0,14,21,27,1
2026-09-17,S03,P406,41,0,24,17,35,3
2026-09-17,S03,P407,21,0,14,7,32,2
2026-09-17,S03,P442,226,0,77,149,72,1
2026-09-17,S03,P501,23,0,12,11,14,2
2026-09-17,S03,P502,35,0,16,19,22,4
2026-09-17,S03,P503,38,0,18,20,24,3
2026-09-17,S03,P504,40,40,20,20,16,4
2026-09-17,S03,P505,36,30,12,24,17,2
2026-09-17,S03,P601,45,0,14,31,18,1
2026-09-17,S03,P602,18,0,10,8,16,1
2026-09-17,S03,P603,35,0,9,26,13,4
2026-09-17,S03,P604,25,0,12,13,24,4
2026-09-17,S03,P605,0,0,0,0,19,4
2026-09-17,S03,P701,29,0,11,18,18,3
2026-09-17,S03,P702,28,0,16,12,17,4
2026-09-17,S03,P703,28,0,14,14,17,4
2026-09-17,S03,P704,39,0,23,16,26,1
2026-09-17,S03,P801,93,0,33,60,41,1
2026-09-17,S03,P802,70,0,31,39,36,3
2026-09-17,S03,P803,32,0,32,0,43,3
2026-09-17,S04,P101,164,0,59,105,95,4
2026-09-17,S04,P102,253,0,69,184,113,3
2026-09-17,S04,P103,82,0,82,0,105,4
2026-09-17,S04,P104,88,0,80,8,114,4
2026-09-17,S04,P105,166,0,97,69,145,3
2026-09-17,S04,P106,155,0,88,67,101,1
2026-09-17,S04,P201,103,0,65,38,96,1
2026-09-17,S04,P202,322,322,68,254,98,4
2026-09-17,S04,P203,226,0,85,141,99,3
2026-09-17,S04,P204,236,0,86,150,110,3
2026-09-17,S04,P205,87,87,22,65,27,4
2026-09-17,S04,P206,72,0,61,11,83,4
2026-09-17,S04,P207,31,0,31,0,114,4
2026-09-17,S04,P301,21,0,21,0,62,3
2026-09-17,S04,P302,90,0,46,44,85,1
2026-09-17,S04,P303,263,263,69,194,90,3
2026-09-17,S04,P304,166,0,64,102,79,2
2026-09-17,S04,P305,198,198,52,146,78,4
2026-09-17,S04,P306,60,0,60,0,127,3
2026-09-17,S04,P330,154,0,58,96,86,4
2026-09-17,S04,P401,236,195,43,193,73,1
2026-09-17,S04,P402,223,0,51,172,64,1
2026-09-17,S04,P403,134,0,31,103,44,1
2026-09-17,S04,P404,79,0,37,42,56,3
2026-09-17,S04,P405,147,0,42,105,53,2
2026-09-17,S04,P406,92,0,33,59,46,2
2026-09-17,S04,P407,101,0,42,59,57,3
2026-09-17,S04,P442,217,199,57,160,64,2
2026-09-17,S04,P501,19,0,19,0,29,2
2026-09-17,S04,P502,42,0,21,26,32,3
2026-09-17,S04,P503,20,0,20,0,34,2
2026-09-17,S04,P504,63,0,27,36,28,1
2026-09-17,S04,P505,66,0,14,52,25,1
2026-09-17,S04,P601,82,0,31,51,38,3
2026-09-17,S04,P602,104,82,19,85,30,1
2026-09-17,S04,P603,41,0,19,22,26,1
2026-09-17,S04,P604,63,0,16,47,25,1
2026-09-17,S04,P605,24,0,22,2,34,4
2026-09-17,S04,P701,72,0,26,46,41,2
2026-09-17,S04,P702,36,0,20,16,31,4
2026-09-17,S04,P703,30,0,30,0,45,3
2026-09-17,S04,P704,92,79,18,74,26,1
2026-09-17,S04,P801,18,0,18,0,64,3
2026-09-17,S04,P802,97,0,51,46,55,3
2026-09-17,S04,P803,92,0,29,63,38,3
2026-09-17,S05,P101,125,0,81,44,92,3
2026-09-17,S05,P102,23,0,23,0,72,3
2026-09-17,S05,P103,62,0,54,8,76,2
2026-09-17,S05,P104,202,155,43,159,56,1
2026-09-17,S05,P105,158,0,47,111,63,4
2026-09-17,S05,P106,143,0,77,66,69,3
2026-09-17,S05,P201,138,138,49,89,51,4
2026-09-17,S05,P202,144,0,51,93,69,3
2026-09-17,S05,P203,277,237,59,218,80,2
2026-09-17,S05,P204,82,0,54,28,60,2
2026-09-17,S05,P205,20,0,20,0,19,4
2026-09-17,S05,P206,20,0,20,0,50,2
2026-09-17,S05,P207,74,0,59,15,55,4
2026-09-17,S05,P301,124,0,49,75,63,2
2026-09-17,S05,P302,105,0,46,59,70,3
2026-09-17,S05,P303,145,0,40,105,73,3
2026-09-17,S05,P304,114,0,31,83,53,3
2026-09-17,S05,P305,71,0,33,38,45,2
2026-09-17,S05,P306,169,0,51,118,64,2
2026-09-17,S05,P330,138,112,55,83,49,1
2026-09-17,S05,P401,3,0,3,0,21,3
2026-09-17,S05,P402,64,0,19,45,30,3
2026-09-17,S05,P403,64,0,28,36,39,1
2026-09-17,S05,P404,5,0,5,0,21,3
2026-09-17,S05,P405,59,0,14,48,21,3
2026-09-17,S05,P406,70,0,30,40,31,1
2026-09-17,S05,P407,108,82,28,80,30,1
2026-09-17,S05,P442,22,0,22,0,53,3
2026-09-17,S05,P501,2,0,2,0,13,4
2026-09-17,S05,P502,31,31,10,21,14,3
2026-09-17,S05,P503,28,0,11,17,11,3
2026-09-17,S05,P504,76,0,15,61,24,1
2026-09-17,S05,P505,35,0,11,24,17,2
2026-09-17,S05,P601,27,0,9,18,13,2
2026-09-17,S05,P602,2,0,2,0,15,4
2026-09-17,S05,P603,48,0,14,34,19,1
2026-09-17,S05,P604,29,0,15,14,15,3
2026-09-17,S05,P605,11,0,7,4,11,2
2026-09-17,S05,P701,31,0,18,13,18,1
2026-09-17,S05,P702,34,0,26,8,25,1
2026-09-17,S05,P703,72,56,24,46,21,1
2026-09-17,S05,P704,66,0,18,48,25,1
2026-09-17,S05,P801,57,0,34,23,44,3
2026-09-17,S05,P802,74,0,24,50,32,3
2026-09-17,S05,P803,137,0,27,110,46,1
2026-09-17,S06,P101,15,0,15,0,86,4
2026-09-17,S06,P102,255,197,94,161,101,1
2026-09-17,S06,P103,346,0,89,257,142,2
2026-09-17,S06,P104,136,0,62,74,81,4
2026-09-17,S06,P105,0,0,0,0,98,4
2026-09-17,S06,P106,40,0,40,0,117,3
2026-09-17,S06,P201,268,218,54,214,88,1
2026-09-17,S06,P202,120,0,54,66,65,3
2026-09-17,S06,P203,44,0,44,0,60,2
2026-09-17,S06,P204,219,0,104,115,108,2
2026-09-17,S06,P205,74,0,26,48,29,4
2026-09-17,S06,P206,178,0,76,102,87,4
2026-09-17,S06,P207,243,243,73,170,73,3
2026-09-17,S06,P301,261,0,65,196,96,1
2026-09-17,S06,P302,81,0,62,19,76,1
2026-09-17,S06,P303,58,0,58,0,81,3
2026-09-17,S06,P304,161,153,51,110,72,2
2026-09-17,S06,P305,350,0,61,289,90,1
2026-09-17,S06,P306,94,0,75,19,82,3
2026-09-17,S06,P330,124,0,74,50,85,2
2026-09-17,S06,P401,126,88,30,96,48,1
2026-09-17,S06,P402,40,0,30,10,34,2
2026-09-17,S06,P403,46,0,24,22,42,2
2026-09-17,S06,P404,18,0,18,0,51,3
2026-09-17,S06,P405,83,0,37,46,60,4
2026-09-17,S06,P406,82,0,34,48,34,3
2026-09-17,S06,P407,32,0,27,5,41,3
2026-09-17,S06,P442,81,0,61,18,88,2
2026-09-17,S06,P501,34,0,21,13,25,3
2026-09-17,S06,P502,54,0,22,32,38,2
2026-09-17,S06,P503,64,0,18,46,34,2
2026-09-17,S06,P504,30,0,15,15,20,3
2026-09-17,S06,P505,8,0,8,0,27,3
2026-09-17,S06,P601,41,0,10,31,18,1
2026-09-17,S06,P602,79,62,22,57,33,2
2026-09-17,S06,P603,25,0,13,12,24,3
2026-09-17,S06,P604,46,0,13,33,19,1
2026-09-17,S06,P605,31,0,23,8,31,3
2026-09-17,S06,P701,73,0,13,60,20,1
2026-09-17,S06,P702,86,78,27,59,37,3
2026-09-17,S06,P703,134,110,33,101,32,1
2026-09-17,S06,P704,75,68,18,57,29,2
2026-09-17,S06,P801,159,117,32,127,53,1
2026-09-17,S06,P802,152,0,63,89,76,1
2026-09-17,S06,P803,109,0,40,69,53,4
2026-09-18,S01,P101,130,0,51,79,121,3
2026-09-18,S01,P102,300,300,42,258,98,2
2026-09-18,S01,P103,190,0,60,130,164,4
2026-09-18,S01,P104,183,0,48,135,143,3
2026-09-18,S01,P105,0,0,0,0,124,4
2026-09-18,S01,P106,56,0,56,0,126,3
2026-09-18,S01,P201,98,0,38,60,89,3
2026-09-18,S01,P202,207,0,53,154,150,1
2026-09-18,S01,P203,113,0,67,46,159,3
2026-09-18,S01,P204,261,0,42,219,117,3
2026-09-18,S01,P205,74,0,10,64,27,1
2026-09-18,S01,P206,59,0,57,2,92,3
2026-09-18,S01,P207,52,0,52,0,111,3
2026-09-18,S01,P301,83,0,79,4,139,2
2026-09-18,S01,P302,301,292,45,256,106,2
2026-09-18,S01,P303,163,0,74,89,109,3
2026-09-18,S01,P304,98,0,48,50,74,3
2026-09-18,S01,P305,111,0,40,71,76,2
2026-09-18,S01,P306,164,0,44,120,83,1
2026-09-18,S01,P330,116,0,46,70,93,4
2026-09-18,S01,P401,165,152,27,138,71,2
2026-09-18,S01,P402,120,0,19,101,46,2
2026-09-18,S01,P403,88,0,25,63,46,3
2026-09-18,S01,P404,0,0,0,0,61,4
2026-09-18,S01,P405,103,103,20,83,43,4
2026-09-18,S01,P406,65,0,28,37,71,4
2026-09-18,S01,P407,177,139,32,145,55,1
2026-09-18,S01,P442,46,0,46,0,132,3
2026-09-18,S01,P501,0,0,0,0,41,3
2026-09-18,S01,P502,92,67,11,81,28,1
2026-09-18,S01,P503,102,0,13,89,40,1
2026-09-18,S01,P504,50,0,16,34,30,3
2026-09-18,S01,P505,39,0,19,20,37,4
2026-09-18,S01,P601,17,0,14,3,32,2
2026-09-18,S01,P602,84,0,17,70,37,2
2026-09-18,S01,P603,0,0,0,0,36,4
2026-09-18,S01,P604,45,0,13,32,23,2
2026-09-18,S01,P605,48,0,19,29,33,1
2026-09-18,S01,P701,40,0,17,23,36,2
2026-09-18,S01,P702,54,0,20,34,53,4
2026-09-18,S01,P703,99,0,26,73,47,1
2026-09-18,S01,P704,49,0,9,40,33,3
2026-09-18,S01,P801,81,0,32,49,60,4
2026-09-18,S01,P802,73,0,35,43,90,2
2026-09-18,S01,P803,92,0,28,64,59,2
2026-09-18,S02,P101,800,800,207,593,333,3
2026-09-18,S02,P102,1209,892,271,938,347,1
2026-09-18,S02,P103,605,0,132,473,334,1
2026-09-18,S02,P104,638,618,127,511,268,1
2026-09-18,S02,P105,41,0,41,0,300,3
2026-09-18,S02,P106,84,0,84,0,294,2
2026-09-18,S02,P201,387,0,159,228,283,1
2026-09-18,S02,P202,496,0,174,322,316,1
2026-09-18,S02,P203,423,0,166,257,255,1
2026-09-18,S02,P204,0,0,0,0,215,4
2026-09-18,S02,P205,276,276,55,221,116,2
2026-09-18,S02,P206,567,567,116,451,196,3
2026-09-18,S02,P207,575,0,174,401,307,1
2026-09-18,S02,P301,349,0,111,238,177,1
2026-09-18,S02,P302,862,0,140,722,326,2
2026-09-18,S02,P303,712,521,112,600,224,1
2026-09-18,S02,P304,485,0,130,355,325,1
2026-09-18,S02,P305,699,699,190,509,329,4
2026-09-18,S02,P306,0,0,0,0,214,4
2026-09-18,S02,P330,422,0,184,238,277,3
2026-09-18,S02,P401,119,0,55,64,111,3
2026-09-18,S02,P402,205,0,48,157,103,2
2026-09-18,S02,P403,318,318,67,251,114,4
2026-09-18,S02,P404,292,0,69,223,136,3
2026-09-18,S02,P405,365,365,66,299,164,3
2026-09-18,S02,P406,143,0,63,80,151,4
2026-09-18,S02,P407,194,0,86,108,189,2
2026-09-18,S02,P442,11,0,11,0,238,2
2026-09-18,S02,P501,133,0,45,88,80,4
2026-09-18,S02,P502,128,0,51,77,126,4
2026-09-18,S02,P503,96,0,46,50,106,3
2026-09-18,S02,P504,122,0,25,97,72,1
2026-09-18,S02,P505,44,0,38,6,73,4
2026-09-18,S02,P601,135,0,40,95,61,1
2026-09-18,S02,P602,342,261,49,293,99,1
2026-09-18,S02,P603,115,0,37,78,77,1
2026-09-18,S02,P604,95,0,52,43,84,4
2026-09-18,S02,P605,140,140,26,114,56,3
2026-09-18,S02,P701,274,246,49,225,101,2
2026-09-18,S02,P702,147,0,49,98,82,2
2026-09-18,S02,P703,138,0,44,94,78,2
2026-09-18,S02,P704,109,0,54,55,80,1
2026-09-18,S02,P801,169,0,71,98,134,3
2026-09-18,S02,P802,205,0,88,117,129,3
2026-09-18,S02,P803,417,0,77,340,194,2
2026-09-18,S03,P101,22,0,22,0,68,2
2026-09-18,S03,P102,133,0,40,93,93,2
2026-09-18,S03,P103,202,0,47,155,83,4
2026-09-18,S03,P104,238,184,28,210,63,1
2026-09-18,S03,P105,65,0,26,39,63,2
2026-09-18,S03,P106,73,0,37,36,84,4
2026-09-18,S03,P201,0,0,0,0,83,4
2026-09-18,S03,P202,0,0,0,0,75,4
2026-09-18,S03,P203,4,0,4,0,40,3
2026-09-18,S03,P204,111,0,52,59,89,2
2026-09-18,S03,P205,30,0,9,21,22,4
2026-09-18,S03,P206,18,0,18,0,67,4
2026-09-18,S03,P207,0,0,0,0,83,3
2026-09-18,S03,P301,101,0,32,69,59,1
2026-09-18,S03,P302,52,0,29,23,65,2
2026-09-18,S03,P303,90,0,31,59,86,3
2026-09-18,S03,P304,65,0,27,38,51,2
2026-09-18,S03,P305,242,0,27,215,81,1
2026-09-18,S03,P306,22,0,22,0,75,3
2026-09-18,S03,P330,141,0,33,108,66,1
2026-09-18,S03,P401,66,0,19,47,34,4
2026-09-18,S03,P402,69,0,19,50,33,4
2026-09-18,S03,P403,103,0,15,88,33,1
2026-09-18,S03,P404,17,0,14,3,23,2
2026-09-18,S03,P405,95,74,16,79,27,1
2026-09-18,S03,P406,17,0,12,5,35,3
2026-09-18,S03,P407,71,64,10,61,32,2
2026-09-18,S03,P442,149,0,42,107,72,1
2026-09-18,S03,P501,11,0,6,5,14,2
2026-09-18,S03,P502,19,0,10,9,22,4
2026-09-18,S03,P503,20,0,10,10,24,3
2026-09-18,S03,P504,20,0,7,13,16,4
2026-09-18,S03,P505,24,0,6,18,17,2
2026-09-18,S03,P601,31,0,11,20,18,1
2026-09-18,S03,P602,52,44,7,45,16,1
2026-09-18,S03,P603,26,0,9,17,13,4
2026-09-18,S03,P604,13,0,9,4,24,4
2026-09-18,S03,P605,56,56,9,47,19,4
2026-09-18,S03,P701,18,0,8,10,18,3
2026-09-18,S03,P702,12,0,8,4,17,4
2026-09-18,S03,P703,14,0,9,5,17,4
2026-09-18,S03,P704,78,62,12,66,26,1
2026-09-18,S03,P801,60,0,13,47,41,1
2026-09-18,S03,P802,39,0,17,22,36,3
2026-09-18,S03,P803,0,0,0,0,43,3
2026-09-18,S04,P101,105,0,42,63,95,4
2026-09-18,S04,P102,184,0,54,130,113,3
2026-09-18,S04,P103,0,0,0,0,105,4
2026-09-18,S04,P104,8,0,8,0,114,4
2026-09-18,S04,P105,69,0,47,22,145,3
2026-09-18,S04,P106,329,262,55,274,101,1
2026-09-18,S04,P201,260,222,55,205,96,1
2026-09-18,S04,P202,254,0,47,207,98,4
2026-09-18,S04,P203,141,0,45,96,99,3
2026-09-18,S04,P204,150,0,58,92,110,3
2026-09-18,S04,P205,65,0,12,53,27,4
2026-09-18,S04,P206,11,0,11,0,83,4
2026-09-18,S04,P207,0,0,0,0,114,4
2026-09-18,S04,P301,0,0,0,0,62,3
2026-09-18,S04,P302,233,189,40,193,85,1
2026-09-18,S04,P303,194,0,48,146,90,3
2026-09-18,S04,P304,102,0,47,55,79,2
2026-09-18,S04,P305,146,0,26,120,78,4
2026-09-18,S04,P306,237,237,54,183,127,3
2026-09-18,S04,P330,96,0,39,57,86,4
2026-09-18,S04,P401,193,0,43,150,73,1
2026-09-18,S04,P402,172,0,31,141,64,1
2026-09-18,S04,P403,103,0,18,85,44,1
2026-09-18,S04,P404,42,0,28,14,56,3
2026-09-18,S04,P405,105,0,30,75,53,2
2026-09-18,S04,P406,59,0,26,33,46,2
2026-09-18,S04,P407,59,0,21,41,57,3
2026-09-18,S04,P442,160,0,28,132,64,2
2026-09-18,S04,P501,98,98,20,78,29,2
2026-09-18,S04,P502,21,0,16,5,32,3
2026-09-18,S04,P503,96,96,15,81,34,2
2026-09-18,S04,P504,36,0,13,23,28,1
2026-09-18,S04,P505,52,0,11,41,25,1
2026-09-18,S04,P601,51,0,18,33,38,3
2026-09-18,S04,P602,85,0,13,72,30,1
2026-09-18,S04,P603,101,79,12,89,26,1
2026-09-18,S04,P604,47,0,16,31,25,1
2026-09-18,S04,P605,2,0,2,0,34,4
2026-09-18,S04,P701,46,0,13,33,41,2
2026-09-18,S04,P702,16,0,16,0,31,4
2026-09-18,S04,P703,0,0,0,0,45,3
2026-09-18,S04,P704,74,0,13,61,26,1
2026-09-18,S04,P801,199,199,37,162,64,3
2026-09-18,S04,P802,46,0,24,22,55,3
2026-09-18,S04,P803,63,0,28,35,38,3
2026-09-18,S05,P101,44,0,35,9,92,3
2026-09-18,S05,P102,215,215,30,185,72,3
2026-09-18,S05,P103,185,177,35,150,76,2
2026-09-18,S05,P104,159,0,25,134,56,1
2026-09-18,S05,P105,111,0,25,86,63,4
2026-09-18,S05,P106,66,0,30,36,69,3
2026-09-18,S05,P201,89,0,25,64,51,4
2026-09-18,S05,P202,93,0,28,65,69,3
2026-09-18,S05,P203,218,0,29,189,80,2
2026-09-18,S05,P204,28,0,28,0,60,2
2026-09-18,S05,P205,0,0,0,0,19,4
2026-09-18,S05,P206,145,145,24,121,50,2
2026-09-18,S05,P207,15,0,15,0,55,4
2026-09-18,S05,P301,75,0,25,50,63,2
2026-09-18,S05,P302,59,0,15,44,70,3
2026-09-18,S05,P303,105,0,35,70,73,3
2026-09-18,S05,P304,83,0,34,49,53,3
2026-09-18,S05,P305,38,0,19,19,45,2
2026-09-18,S05,P306,118,0,39,79,64,2
2026-09-18,S05,P330,83,0,26,57,49,1
2026-09-18,S05,P401,57,57,10,47,21,3
2026-09-18,S05,P402,45,0,16,29,30,3
2026-09-18,S05,P403,147,111,23,124,39,1
2026-09-18,S05,P404,53,53,8,45,21,3
2026-09-18,S05,P405,45,0,11,34,21,3
2026-09-18,S05,P406,40,0,14,26,31,1
2026-09-18,S05,P407,80,0,11,69,30,1
2026-09-18,S05,P442,139,139,26,113,53,3
2026-09-18,S05,P501,0,0,0,0,13,4
2026-09-18,S05,P502,21,0,5,16,14,3
2026-09-18,S05,P503,17,0,6,11,11,3
2026-09-18,S05,P504,61,0,13,48,24,1
2026-09-18,S05,P505,24,0,10,14,17,2
2026-09-18,S05,P601,18,0,6,12,13,2
2026-09-18,S05,P602,0,0,0,0,15,4
2026-09-18,S05,P603,34,0,8,26,19,1
2026-09-18,S05,P604,14,0,7,7,15,3
2026-09-18,S05,P605,4,0,3,1,11,2
2026-09-18,S05,P701,62,49,10,52,18,1
2026-09-18,S05,P702,75,67,14,61,25,1
2026-09-18,S05,P703,48,0,8,40,21,1
2026-09-18,S05,P704,48,0,6,42,25,1
2026-09-18,S05,P801,23,0,17,6,44,3
2026-09-18,S05,P802,50,0,16,34,32,3
2026-09-18,S05,P803,110,0,21,89,46,1
2026-09-18,S06,P101,0,0,0,0,86,4
2026-09-18,S06,P102,161,0,46,115,101,1
2026-09-18,S06,P103,257,0,52,205,142,2
2026-09-18,S06,P104,74,0,38,36,81,4
2026-09-18,S06,P105,264,264,56,208,98,4
2026-09-18,S06,P106,243,243,53,190,117,3
2026-09-18,S06,P201,214,0,56,158,88,1
2026-09-18,S06,P202,66,0,27,39,65,3
2026-09-18,S06,P203,188,188,33,155,60,2
2026-09-18,S06,P204,115,0,44,71,108,2
2026-09-18,S06,P205,48,0,18,30,29,4
2026-09-18,S06,P206,102,0,64,38,87,4
2026-09-18,S06,P207,170,0,42,128,73,3
2026-09-18,S06,P301,196,0,44,152,96,1
2026-09-18,S06,P302,281,262,40,241,76,1
2026-09-18,S06,P303,0,0,0,0,81,3
2026-09-18,S06,P304,110,0,24,86,72,2
2026-09-18,S06,P305,289,0,55,234,90,1
2026-09-18,S06,P306,19,0,19,0,82,3
2026-09-18,S06,P330,50,0,39,11,85,2
2026-09-18,S06,P401,96,0,20,76,48,1
2026-09-18,S06,P402,10,0,10,0,34,2
2026-09-18,S06,P403,22,0,14,8,42,2
2026-09-18,S06,P404,133,133,24,109,51,3
2026-09-18,S06,P405,46,0,25,21,60,4
2026-09-18,S06,P406,48,0,25,23,34,3
2026-09-18,S06,P407,5,0,5,0,41,3
2026-09-18,S06,P442,202,182,38,164,88,2
2026-09-18,S06,P501,13,0,13,0,25,3
2026-09-18,S06,P502,32,0,16,16,38,2
2026-09-18,S06,P503,46,0,13,33,34,2
2026-09-18,S06,P504,15,0,9,6,20,3
2026-09-18,S06,P505,82,82,16,66,27,3
2026-09-18,S06,P601,31,0,9,22,18,1
2026-09-18,S06,P602,57,0,12,45,33,2
2026-09-18,S06,P603,12,0,9,3,24,3
2026-09-18,S06,P604,33,0,7,26,19,1
2026-09-18,S06,P605,8,0,8,0,31,3
2026-09-18,S06,P701,60,0,8,52,20,1
2026-09-18,S06,P702,59,0,15,44,37,3
2026-09-18,S06,P703,101,0,12,89,32,1
2026-09-18,S06,P704,57,0,8,49,29,2
2026-09-18,S06,P801,127,0,28,99,53,1
2026-09-18,S06,P802,89,0,30,59,76,1
2026-09-18,S06,P803,69,0,22,47,53,4
2026-09-19,S01,P101,79,0,67,12,121,3
2026-09-19,S01,P102,258,0,79,179,98,2
2026-09-19,S01,P103,130,0,109,21,164,4
2026-09-19,S01,P104,135,0,97,38,143,3
2026-09-19,S01,P105,255,255,73,182,124,4
2026-09-19,S01,P106,0,0,0,0,126,3
2026-09-19,S01,P201,60,0,60,0,89,3
2026-09-19,S01,P202,154,0,81,73,150,1
2026-09-19,S01,P203,46,0,46,0,159,3
2026-09-19,S01,P204,219,0,92,127,117,3
2026-09-19,S01,P205,64,0,19,45,27,1
2026-09-19,S01,P206,2,0,2,0,92,3
2026-09-19,S01,P207,0,0,0,0,111,3
2026-09-19,S01,P301,381,377,70,311,139,2
2026-09-19,S01,P302,256,0,69,187,106,2
2026-09-19,S01,P303,89,0,67,22,109,3
2026-09-19,S01,P304,50,0,50,0,74,3
2026-09-19,S01,P305,71,0,54,17,76,2
2026-09-19,S01,P306,120,0,52,68,83,1
2026-09-19,S01,P330,70,0,58,12,93,4
2026-09-19,S01,P401,138,0,38,100,71,2
2026-09-19,S01,P402,101,0,28,73,46,2
2026-09-19,S01,P403,63,0,45,18,46,3
2026-09-19,S01,P404,140,140,40,100,61,4
2026-09-19,S01,P405,83,0,24,59,43,4
2026-09-19,S01,P406,37,0,34,3,71,4
2026-09-19,S01,P407,145,0,44,101,55,1
2026-09-19,S01,P442,248,248,70,178,132,3
2026-09-19,S01,P501,133,133,34,99,41,3
2026-09-19,S01,P502,81,0,17,64,28,1
2026-09-19,S01,P503,89,0,26,63,40,1
2026-09-19,S01,P504,34,0,28,6,30,3
2026-09-19,S01,P505,20,0,20,0,37,4
2026-09-19,S01,P601,71,68,22,49,32,2
2026-09-19,S01,P602,67,0,31,36,37,2
2026-09-19,S01,P603,71,71,20,51,36,4
2026-09-19,S01,P604,32,0,13,19,23,2
2026-09-19,S01,P605,145,116,27,118,33,1
2026-09-19,S01,P701,23,0,20,3,36,2
2026-09-19,S01,P702,34,0,33,1,53,4
2026-09-19,S01,P703,73,0,30,43,47,1
2026-09-19,S01,P704,40,0,15,25,33,3
2026-09-19,S01,P801,49,0,38,11,60,4
2026-09-19,S01,P802,230,192,60,170,90,2
2026-09-19,S01,P803,64,0,39,25,59,2
2026-09-19,S02,P101,593,0,268,325,333,3
2026-09-19,S02,P102,938,0,307,631,347,1
2026-09-19,S02,P103,473,0,182,291,334,1
2026-09-19,S02,P104,511,0,186,330,268,1
2026-09-19,S02,P105,682,682,201,481,300,3
2026-09-19,S02,P106,514,514,181,333,294,2
2026-09-19,S02,P201,732,504,186,546,283,1
2026-09-19,S02,P202,322,0,225,97,316,1
2026-09-19,S02,P203,257,0,183,74,255,1
2026-09-19,S02,P204,599,599,144,455,215,4
2026-09-19,S02,P205,221,0,63,158,116,2
2026-09-19,S02,P206,451,0,135,316,196,3
2026-09-19,S02,P207,401,0,180,221,307,1
2026-09-19,S02,P301,238,0,180,58,177,1
2026-09-19,S02,P302,722,0,223,499,326,2
2026-09-19,S02,P303,600,0,146,454,224,1
2026-09-19,S02,P304,355,0,185,170,325,1
2026-09-19,S02,P305,509,0,160,349,329,4
2026-09-19,S02,P306,0,0,0,0,214,4
2026-09-19,S02,P330,238,0,238,0,277,3
2026-09-19,S02,P401,64,0,60,4,111,3
2026-09-19,S02,P402,157,0,43,114,103,2
2026-09-19,S02,P403,251,0,60,191,114,4
2026-09-19,S02,P404,223,0,80,143,136,3
2026-09-19,S02,P405,299,0,92,207,164,3
2026-09-19,S02,P406,80,0,80,0,151,4
2026-09-19,S02,P407,108,0,79,29,189,2
2026-09-19,S02,P442,466,466,148,318,238,2
2026-09-19,S02,P501,88,0,59,29,80,4
2026-09-19,S02,P502,77,0,49,28,126,4
2026-09-19,S02,P503,50,0,50,0,106,3
2026-09-19,S02,P504,97,0,46,51,72,1
2026-09-19,S02,P505,6,0,6,0,73,4
2026-09-19,S02,P601,95,0,35,60,61,1
2026-09-19,S02,P602,293,0,34,259,99,1
2026-09-19,S02,P603,78,0,53,25,77,1
2026-09-19,S02,P604,43,0,43,0,84,4
2026-09-19,S02,P605,114,0,28,86,56,3
2026-09-19,S02,P701,225,0,62,163,101,2
2026-09-19,S02,P702,98,0,62,36,82,2
2026-09-19,S02,P703,94,0,50,44,78,2
2026-09-19,S02,P704,324,269,55,269,80,1
2026-09-19,S02,P801,98,0,98,0,134,3
2026-09-19,S02,P802,117,0,84,33,129,3
2026-09-19,S02,P803,340,0,104,236,194,2
2026-09-19,S03,P101,120,120,39,81,68,2
2026-09-19,S03,P102,93,0,59,34,93,2
2026-09-19,S03,P103,155,0,80,75,83,4
2026-09-19,S03,P104,210,0,62,148,63,1
2026-09-19,S03,P105,39,0,37,2,63,2
2026-09-19,S03,P106,36,0,36,0,84,4
2026-09-19,S03,P201,199,199,55,144,83,4
2026-09-19,S03,P202,0,0,0,0,75,4
2026-09-19,S03,P203,0,0,0,0,40,3
2026-09-19,S03,P204,59,0,54,5,89,2
2026-09-19,S03,P205,21,0,13,8,22,4
2026-09-19,S03,P206,0,0,0,0,67,4
2026-09-19,S03,P207,142,142,51,94,83,3
2026-09-19,S03,P301,69,0,41,28,59,1
2026-09-19,S03,P302,157,134,44,113,65,2
2026-09-19,S03,P303,59,0,51,8,86,3
2026-09-19,S03,P304,38,0,38,0,51,2
2026-09-19,S03,P305,215,0,56,159,81,1
2026-09-19,S03,P306,201,201,44,157,75,3
2026-09-19,S03,P330,108,0,41,67,66,1
2026-09-19,S03,P401,47,0,18,29,34,4
2026-09-19,S03,P402,50,0,17,33,33,4
2026-09-19,S03,P403,88,0,16,72,33,1
2026-09-19,S03,P404,86,83,15,71,23,2
2026-09-19,S03,P405,79,0,23,56,27,1
2026-09-19,S03,P406,5,0,5,0,35,3
2026-09-19,S03,P407,61,0,20,41,32,2
2026-09-19,S03,P442,107,0,49,58,72,1
2026-09-19,S03,P501,46,41,8,38,14,2
2026-09-19,S03,P502,9,0,9,0,22,4
2026-09-19,S03,P503,10,0,10,0,24,3
2026-09-19,S03,P504,13,0,12,1,16,4
2026-09-19,S03,P505,18,0,10,8,17,2
2026-09-19,S03,P601,20,0,14,6,18,1
2026-09-19,S03,P602,45,0,11,34,16,1
2026-09-19,S03,P603,17,0,9,8,13,4
2026-09-19,S03,P604,4,0,4,0,24,4
2026-09-19,S03,P605,47,0,9,38,19,4
2026-09-19,S03,P701,10,0,10,0,18,3
2026-09-19,S03,P702,4,0,4,0,17,4
2026-09-19,S03,P703,5,0,5,0,17,4
2026-09-19,S03,P704,66,0,18,48,26,1
2026-09-19,S03,P801,47,0,31,16,41,1
2026-09-19,S03,P802,22,0,22,0,36,3
2026-09-19,S03,P803,77,77,24,53,43,3
2026-09-19,S04,P101,63,0,56,7,95,4
2026-09-19,S04,P102,130,0,87,43,113,3
2026-09-19,S04,P103,0,0,0,0,105,4
2026-09-19,S04,P104,0,0,0,0,114,4
2026-09-19,S04,P105,22,0,22,0,145,3
2026-09-19,S04,P106,274,0,71,203,101,1
2026-09-19,S04,P201,205,0,85,120,96,1
2026-09-19,S04,P202,207,0,85,122,98,4
2026-09-19,S04,P203,96,0,66,30,99,3
2026-09-19,S04,P204,92,0,92,0,110,3
2026-09-19,S04,P205,53,0,16,37,27,4
2026-09-19,S04,P206,0,0,0,0,83,4
2026-09-19,S04,P207,392,392,96,296,114,4
2026-09-19,S04,P301,154,154,40,114,62,3
2026-09-19,S04,P302,193,0,46,147,85,1
2026-09-19,S04,P303,146,0,61,85,90,3
2026-09-19,S04,P304,55,0,53,2,79,2
2026-09-19,S04,P305,120,0,48,72,78,4
2026-09-19,S04,P306,183,0,86,97,127,3
2026-09-19,S04,P330,57,0,57,0,86,4
2026-09-19,S04,P401,150,0,46,104,73,1
2026-09-19,S04,P402,141,0,43,98,64,1
2026-09-19,S04,P403,85,0,30,55,44,1
2026-09-19,S04,P404,14,0,14,0,56,3
2026-09-19,S04,P405,75,0,32,43,53,2
2026-09-19,S04,P406,33,0,28,5,46,2
2026-09-19,S04,P407,38,0,33,5,57,3
2026-09-19,S04,P442,132,0,55,77,64,2
2026-09-19,S04,P501,78,0,21,57,29,2
2026-09-19,S04,P502,5,0,5,0,32,3
2026-09-19,S04,P503,81,0,26,55,34,2
2026-09-19,S04,P504,99,76,18,81,28,1
2026-09-19,S04,P505,41,0,17,24,25,1
2026-09-19,S04,P601,33,0,17,16,38,3
2026-09-19,S04,P602,72,0,18,54,30,1
2026-09-19,S04,P603,89,0,13,76,26,1
2026-09-19,S04,P604,31,0,16,15,25,1
2026-09-19,S04,P605,0,0,0,0,34,4
2026-09-19,S04,P701,33,0,26,7,41,2
2026-09-19,S04,P702,0,0,0,0,31,4
2026-09-19,S04,P703,91,91,40,51,45,3
2026-09-19,S04,P704,61,0,15,46,26,1
2026-09-19,S04,P801,162,0,48,114,64,3
2026-09-19,S04,P802,22,0,22,0,55,3
2026-09-19,S04,P803,35,0,28,7,38,3
2026-09-19,S05,P101,9,0,9,0,92,3
2026-09-19,S05,P102,185,0,50,135,72,3
2026-09-19,S05,P103,150,0,47,103,76,2
2026-09-19,S05,P104,134,0,44,90,56,1
2026-09-19,S05,P105,86,0,47,39,63,4
2026-09-19,S05,P106,36,0,36,0,69,3
2026-09-19,S05,P201,64,0,36,28,51,4
2026-09-19,S05,P202,65,0,49,16,69,3
2026-09-19,S05,P203,189,0,40,149,80,2
2026-09-19,S05,P204,146,146,37,109,60,2
2026-09-19,S05,P205,0,0,0,0,19,4
2026-09-19,S05,P206,121,0,40,81,50,2
2026-09-19,S05,P207,0,0,0,0,55,4
2026-09-19,S05,P301,50,0,32,18,63,2
2026-09-19,S05,P302,44,0,38,11,70,3
2026-09-19,S05,P303,70,0,52,18,73,3
2026-09-19,S05,P304,49,0,32,17,53,3
2026-09-19,S05,P305,119,100,26,93,45,2
2026-09-19,S05,P306,79,0,43,36,64,2
2026-09-19,S05,P330,57,0,33,24,49,1
2026-09-19,S05,P401,47,0,13,34,21,3
2026-09-19,S05,P402,29,0,19,10,30,3
2026-09-19,S05,P403,124,0,25,99,39,1
2026-09-19,S05,P404,45,0,11,34,21,3
2026-09-19,S05,P405,34,0,12,22,21,3
2026-09-19,S05,P406,105,79,14,91,31,1
2026-09-19,S05,P407,69,0,20,49,30,1
2026-09-19,S05,P442,113,0,33,80,53,3
2026-09-19,S05,P501,39,39,9,30,13,4
2026-09-19,S05,P502,16,0,12,4,14,3
2026-09-19,S05,P503,11,0,9,2,11,3
2026-09-19,S05,P504,48,0,12,36,24,1
2026-09-19,S05,P505,14,0,11,3,17,2
2026-09-19,S05,P601,12,0,10,2,13,2
2026-09-19,S05,P602,43,43,9,34,15,4
2026-09-19,S05,P603,26,0,17,9,19,1
2026-09-19,S05,P604,7,0,7,0,15,3
2026-09-19,S05,P605,29,28,6,23,11,2
2026-09-19,S05,P701,52,0,12,40,18,1
2026-09-19,S05,P702,61,0,15,46,25,1
2026-09-19,S05,P703,40,0,15,25,21,1
2026-09-19,S05,P704,42,0,13,29,25,1
2026-09-19,S05,P801,6,0,6,0,44,3
2026-09-19,S05,P802,34,0,17,17,32,3
2026-09-19,S05,P803,89,0,29,60,46,1
2026-09-19,S06,P101,170,170,55,115,86,4
2026-09-19,S06,P102,115,0,92,23,101,1
2026-09-19,S06,P103,205,0,97,108,142,2
2026-09-19,S06,P104,36,0,36,0,81,4
2026-09-19,S06,P105,208,0,88,120,98,4
2026-09-19,S06,P106,190,0,79,111,117,3
2026-09-19,S06,P201,158,0,57,101,88,1
2026-09-19,S06,P202,39,0,39,0,65,3
2026-09-19,S06,P203,155,0,47,108,60,2
2026-09-19,S06,P204,71,0,71,0,108,2
2026-09-19,S06,P205,30,0,17,13,29,4
2026-09-19,S06,P206,38,0,38,0,87,4
2026-09-19,S06,P207,128,0,61,67,73,3
2026-09-19,S06,P301,152,0,60,92,96,1
2026-09-19,S06,P302,241,0,54,187,76,1
2026-09-19,S06,P303,188,188,56,132,81,3
2026-09-19,S06,P304,86,0,37,49,72,2
2026-09-19,S06,P305,234,0,54,180,90,1
2026-09-19,S06,P306,0,0,0,0,82,3
2026-09-19,S06,P330,249,238,79,170,85,2
2026-09-19,S06,P401,76,0,28,48,48,1
2026-09-19,S06,P402,91,91,25,66,34,2
2026-09-19,S06,P403,81,73,32,49,42,2
2026-09-19,S06,P404,109,0,41,68,51,3
2026-09-19,S06,P405,21,0,21,0,60,4
2026-09-19,S06,P406,23,0,23,0,34,3
2026-09-19,S06,P407,113,113,20,93,41,3
2026-09-19,S06,P442,164,0,49,115,88,2
2026-09-19,S06,P501,0,0,0,0,25,3
2026-09-19,S06,P502,98,82,25,73,38,2
2026-09-19,S06,P503,33,0,15,18,34,2
2026-09-19,S06,P504,6,0,6,0,20,3
2026-09-19,S06,P505,66,0,17,49,27,3
2026-09-19,S06,P601,22,0,13,9,18,1
2026-09-19,S06,P602,45,0,19,26,33,2
2026-09-19,S06,P603,3,0,3,0,24,3
2026-09-19,S06,P604,26,0,11,11,19,1
2026-09-19,S06,P605,0,0,0,0,31,3
2026-09-19,S06,P701,52,0,13,39,20,1
2026-09-19,S06,P702,44,0,22,22,37,3
2026-09-19,S06,P703,89,0,24,65,32,1
2026-09-19,S06,P704,49,0,19,30,29,2
2026-09-19,S06,P801,99,0,33,66,53,1
2026-09-19,S06,P802,195,136,40,155,76,1
2026-09-19,S06,P803,47,0,41,6,53,4
2026-09-20,S01,P101,12,0,12,0,121,3
2026-09-20,S01,P102,179,0,81,98,98,2
2026-09-20,S01,P103,21,0,21,0,164,4
2026-09-20,S01,P104,38,0,38,0,143,3
2026-09-20,S01,P105,182,0,93,89,124,4
2026-09-20,S01,P106,253,253,71,182,126,3
2026-09-20,S01,P201,0,0,0,0,89,3
2026-09-20,S01,P202,357,284,85,272,150,1
2026-09-20,S01,P203,321,321,79,242,159,3
2026-09-20,S01,P204,127,0,54,73,117,3
2026-09-20,S01,P205,45,0,18,27,27,1
2026-09-20,S01,P206,296,296,72,224,92,3
2026-09-20,S01,P207,204,204,50,154,111,3
2026-09-20,S01,P301,311,0,77,234,139,2
2026-09-20,S01,P302,187,0,80,107,106,2
2026-09-20,S01,P303,22,0,22,0,109,3
2026-09-20,S01,P304,0,0,0,0,74,3
2026-09-20,S01,P305,240,223,66,174,76,2
2026-09-20,S01,P306,269,201,40,229,83,1
2026-09-20,S01,P330,12,0,12,0,93,4
2026-09-20,S01,P401,100,0,36,64,71,2
2026-09-20,S01,P402,73,0,31,42,46,2
2026-09-20,S01,P403,18,0,18,0,46,3
2026-09-20,S01,P404,100,0,39,61,61,4
2026-09-20,S01,P405,59,0,33,26,43,4
2026-09-20,S01,P406,3,0,3,0,71,4
2026-09-20,S01,P407,101,0,35,66,55,1
2026-09-20,S01,P442,178,0,56,122,132,3
2026-09-20,S01,P501,99,0,27,72,41,3
2026-09-20,S01,P502,64,0,17,47,28,1
2026-09-20,S01,P503,63,0,26,37,40,1
2026-09-20,S01,P504,6,0,6,0,30,3
2026-09-20,S01,P505,0,0,0,0,37,4
2026-09-20,S01,P601,49,0,15,34,32,2
2026-09-20,S01,P602,36,0,20,16,37,2
2026-09-20,S01,P603,51,0,19,32,36,4
2026-09-20,S01,P604,19,0,19,0,23,2
2026-09-20,S01,P605,118,0,25,93,33,1
2026-09-20,S01,P701,92,89,20,72,36,2
2026-09-20,S01,P702,1,0,1,0,53,4
2026-09-20,S01,P703,145,102,29,116,47,1
2026-09-20,S01,P704,25,0,16,7,33,3
2026-09-20,S01,P801,11,0,11,0,60,4
2026-09-20,S01,P802,170,0,60,110,90,2
2026-09-20,S01,P803,25,0,25,0,59,2
2026-09-20,S02,P101,325,0,225,100,333,3
2026-09-20,S02,P102,631,0,322,309,347,1
2026-09-20,S02,P103,945,654,172,773,334,1
2026-09-20,S02,P104,325,0,177,148,268,1
2026-09-20,S02,P105,481,0,158,323,300,3
2026-09-20,S02,P106,333,0,145,188,294,2
2026-09-20,S02,P201,546,0,161,385,283,1
2026-09-20,S02,P202,668,571,155,513,316,1
2026-09-20,S02,P203,795,721,294,501,255,1
2026-09-20,S02,P204,455,0,146,309,215,4
2026-09-20,S02,P205,158,0,65,93,116,2
2026-09-20,S02,P206,316,0,140,176,196,3
2026-09-20,S02,P207,986,765,183,803,307,1
2026-09-20,S02,P301,556,498,126,430,177,1
2026-09-20,S02,P302,499,0,190,309,326,2
2026-09-20,S02,P303,454,0,174,280,224,1
2026-09-20,S02,P304,774,604,214,560,325,1
2026-09-20,S02,P305,349,0,190,159,329,4
2026-09-20,S02,P306,703,703,132,571,214,4
2026-09-20,S02,P330,0,0,0,0,277,3
2026-09-20,S02,P401,4,0,4,0,111,3
2026-09-20,S02,P402,114,0,55,59,103,2
2026-09-20,S02,P403,191,0,66,125,114,4
2026-09-20,S02,P404,143,0,62,81,136,3
2026-09-20,S02,P405,207,0,93,114,164,3
2026-09-20,S02,P406,0,0,0,0,151,4
2026-09-20,S02,P407,490,461,120,370,189,2
2026-09-20,S02,P442,318,0,142,176,238,2
2026-09-20,S02,P501,29,0,29,0,80,4
2026-09-20,S02,P502,28,0,28,0,126,4
2026-09-20,S02,P503,241,241,53,188,106,3
2026-09-20,S02,P504,249,198,56,193,72,1
2026-09-20,S02,P505,0,0,0,0,73,4
2026-09-20,S02,P601,268,208,42,226,61,1
2026-09-20,S02,P602,259,0,51,208,99,1
2026-09-20,S02,P603,294,269,62,232,77,1
2026-09-20,S02,P604,0,0,0,0,84,4
2026-09-20,S02,P605,86,0,38,48,56,3
2026-09-20,S02,P701,163,0,57,106,101,2
2026-09-20,S02,P702,36,0,36,0,82,2
2026-09-20,S02,P703,44,0,44,0,78,2
2026-09-20,S02,P704,269,0,54,215,80,1
2026-09-20,S02,P801,0,0,0,0,134,3
2026-09-20,S02,P802,33,0,33,0,129,3
2026-09-20,S02,P803,236,0,116,120,194,2
2026-09-20,S03,P101,81,0,39,42,68,2
2026-09-20,S03,P102,34,0,34,0,93,2
2026-09-20,S03,P103,75,0,66,9,83,4
2026-09-20,S03,P104,148,0,52,96,63,1
2026-09-20,S03,P105,182,180,40,142,63,2
2026-09-20,S03,P106,0,0,0,0,84,4
2026-09-20,S03,P201,144,0,56,88,83,4
2026-09-20,S03,P202,227,227,55,172,75,4
2026-09-20,S03,P203,127,127,29,98,40,3
2026-09-20,S03,P204,241,236,62,179,89,2
2026-09-20,S03,P205,8,0,8,0,22,4
2026-09-20,S03,P206,166,166,46,120,67,4
2026-09-20,S03,P207,91,0,58,33,83,3
2026-09-20,S03,P301,139,111,41,98,59,1
2026-09-20,S03,P302,113,0,45,68,65,2
2026-09-20,S03,P303,8,0,8,0,86,3
2026-09-20,S03,P304,124,124,38,86,51,2
2026-09-20,S03,P305,159,0,50,109,81,1
2026-09-20,S03,P306,157,0,49,108,75,3
2026-09-20,S03,P330,67,0,42,25,66,1
2026-09-20,S03,P401,29,0,17,12,34,4
2026-09-20,S03,P402,33,0,17,16,33,4
2026-09-20,S03,P403,72,0,25,47,33,1
2026-09-20,S03,P404,71,0,17,54,23,2
2026-09-20,S03,P405,56,0,15,41,27,1
2026-09-20,S03,P406,64,64,19,45,35,3
2026-09-20,S03,P407,41,0,21,20,32,2
2026-09-20,S03,P442,223,165,45,178,72,1
2026-09-20,S03,P501,38,0,10,28,14,2
2026-09-20,S03,P502,0,0,0,0,22,4
2026-09-20,S03,P503,57,57,11,46,24,3
2026-09-20,S03,P504,1,0,1,0,16,4
2026-09-20,S03,P505,8,0,8,0,17,2
2026-09-20,S03,P601,51,45,15,36,18,1
2026-09-20,S03,P602,34,0,9,25,16,1
2026-09-20,S03,P603,8,0,8,0,13,4
2026-09-20,S03,P604,0,0,0,0,24,4
2026-09-20,S03,P605,38,0,13,25,19,4
2026-09-20,S03,P701,0,0,0,0,18,3
2026-09-20,S03,P702,0,0,0,0,17,4
2026-09-20,S03,P703,0,0,0,0,17,4
2026-09-20,S03,P704,48,0,20,28,26,1
2026-09-20,S03,P801,114,98,28,86,41,1
2026-09-20,S03,P802,0,0,0,0,36,3
2026-09-20,S03,P803,53,0,28,25,43,3
2026-09-20,S04,P101,7,0,7,0,95,4
2026-09-20,S04,P102,43,0,43,0,113,3
2026-09-20,S04,P103,257,257,80,177,105,4
2026-09-20,S04,P104,216,216,61,155,114,4
2026-09-20,S04,P105,370,370,72,298,145,3
2026-09-20,S04,P106,203,0,56,147,101,1
2026-09-20,S04,P201,120,0,52,68,96,1
2026-09-20,S04,P202,122,0,67,55,98,4
2026-09-20,S04,P203,30,0,30,0,99,3
2026-09-20,S04,P204,0,0,0,0,110,3
2026-09-20,S04,P205,37,0,18,19,27,4
2026-09-20,S04,P206,164,164,42,122,83,4
2026-09-20,S04,P207,296,0,63,233,114,4
2026-09-20,S04,P301,114,0,35,79,62,3
2026-09-20,S04,P302,147,0,43,104,85,1
2026-09-20,S04,P303,85,0,54,31,90,3
2026-09-20,S04,P304,242,240,40,202,79,2
2026-09-20,S04,P305,72,0,48,24,78,4
2026-09-20,S04,P306,97,0,76,21,127,3
2026-09-20,S04,P330,0,0,0,0,86,4
2026-09-20,S04,P401,104,0,38,66,73,1
2026-09-20,S04,P402,98,0,30,68,64,1
2026-09-20,S04,P403,55,0,24,31,44,1
2026-09-20,S04,P404,176,176,29,147,56,3
2026-09-20,S04,P405,43,0,33,10,53,2
2026-09-20,S04,P406,112,107,26,86,46,2
2026-09-20,S04,P407,5,0,5,0,57,3
2026-09-20,S04,P442,77,0,51,26,64,2
2026-09-20,S04,P501,57,0,22,35,29,2
2026-09-20,S04,P502,73,73,20,53,32,3
2026-09-20,S04,P503,55,0,12,43,34,2
2026-09-20,S04,P504,81,0,17,64,28,1
2026-09-20,S04,P505,87,63,18,69,25,1
2026-09-20,S04,P601,16,0,16,0,38,3
2026-09-20,S04,P602,54,0,19,35,30,1
2026-09-20,S04,P603,76,0,18,58,26,1
2026-09-20,S04,P604,92,77,14,78,25,1
2026-09-20,S04,P605,94,94,16,78,34,4
2026-09-20,S04,P701,99,92,26,73,41,2
2026-09-20,S04,P702,0,0,0,0,31,4
2026-09-20,S04,P703,51,0,29,22,45,3
2026-09-20,S04,P704,46,0,16,30,26,1
2026-09-20,S04,P801,114,0,38,76,64,3
2026-09-20,S04,P802,129,129,35,94,55,3
2026-09-20,S04,P803,7,0,7,0,38,3
2026-09-20,S05,P101,167,167,69,98,92,3
2026-09-20,S05,P102,135,0,39,96,72,3
2026-09-20,S05,P103,103,0,56,47,76,2
2026-09-20,S05,P104,90,0,52,38,56,1
2026-09-20,S05,P105,39,0,39,0,63,4
2026-09-20,S05,P106,209,209,61,148,69,3
2026-09-20,S05,P201,28,0,28,0,51,4
2026-09-20,S05,P202,16,0,16,0,69,3
2026-09-20,S05,P203,149,0,66,83,80,2
2026-09-20,S05,P204,109,0,47,62,60,2
2026-09-20,S05,P205,0,0,0,0,19,4
2026-09-20,S05,P206,81,0,42,39,50,2
2026-09-20,S05,P207,0,0,0,0,55,4
2026-09-20,S05,P301,187,169,41,146,63,2
2026-09-20,S05,P302,130,124,50,80,70,3
2026-09-20,S05,P303,18,0,18,0,73,3
2026-09-20,S05,P304,17,0,17,0,53,3
2026-09-20,S05,P305,93,0,29,64,45,2
2026-09-20,S05,P306,36,0,36,0,64,2
2026-09-20,S05,P330,198,174,37,161,49,1
2026-09-20,S05,P401,34,0,13,21,21,3
2026-09-20,S05,P402,10,0,10,0,30,3
2026-09-20,S05,P403,99,0,27,72,39,1
2026-09-20,S05,P404,34,0,13,21,21,3
2026-09-20,S05,P405,22,0,15,7,21,3
2026-09-20,S05,P406,91,0,19,72,31,1
2026-09-20,S05,P407,49,0,17,32,30,1
2026-09-20,S05,P442,80,0,31,49,53,3
2026-09-20,S05,P501,30,0,8,22,13,4
2026-09-20,S05,P502,4,0,4,0,14,3
2026-09-20,S05,P503,2,0,2,0,11,3
2026-09-20,S05,P504,36,0,12,24,24,1
2026-09-20,S05,P505,40,37,11,29,17,2
2026-09-20,S05,P601,45,43,8,37,13,2
2026-09-20,S05,P602,34,0,11,23,15,4
2026-09-20,S05,P603,53,44,11,42,19,1
2026-09-20,S05,P604,33,33,8,25,15,3
2026-09-20,S05,P605,23,0,8,15,11,2
2026-09-20,S05,P701,40,0,16,24,18,1
2026-09-20,S05,P702,46,0,14,32,25,1
2026-09-20,S05,P703,25,0,19,6,21,1
2026-09-20,S05,P704,29,0,15,14,25,1
2026-09-20,S05,P801,90,90,37,53,44,3
2026-09-20,S05,P802,17,0,17,0,32,3
2026-09-20,S05,P803,60,0,36,24,46,1
2026-09-20,S06,P101,115,0,56,59,86,4
2026-09-20,S06,P102,250,227,95,155,101,1
2026-09-20,S06,P103,108,0,77,31,142,2
2026-09-20,S06,P104,0,0,0,0,81,4
2026-09-20,S06,P105,120,0,65,55,98,4
2026-09-20,S06,P106,111,0,103,8,117,3
2026-09-20,S06,P201,101,0,38,63,88,1
2026-09-20,S06,P202,0,0,0,0,65,3
2026-09-20,S06,P203,108,0,39,69,60,2
2026-09-20,S06,P204,316,316,82,234,108,2
2026-09-20,S06,P205,13,0,13,0,29,4
2026-09-20,S06,P206,0,0,0,0,87,4
2026-09-20,S06,P207,67,0,57,10,73,3
2026-09-20,S06,P301,290,198,57,233,96,1
2026-09-20,S06,P302,187,0,57,130,76,1
2026-09-20,S06,P303,132,0,63,69,81,3
2026-09-20,S06,P304,49,0,33,16,72,2
2026-09-20,S06,P305,180,0,75,105,90,1
2026-09-20,S06,P306,240,240,54,186,82,3
2026-09-20,S06,P330,170,0,59,111,85,2
2026-09-20,S06,P401,48,0,29,19,48,1
2026-09-20,S06,P402,66,0,26,40,34,2
2026-09-20,S06,P403,49,0,22,27,42,2
2026-09-20,S06,P404,68,0,29,39,51,3
2026-09-20,S06,P405,0,0,0,0,60,4
2026-09-20,S06,P406,0,0,0,0,34,3
2026-09-20,S06,P407,93,0,19,74,41,3
2026-09-20,S06,P442,115,0,44,71,88,2
2026-09-20,S06,P501,69,69,17,52,25,3
2026-09-20,S06,P502,73,0,26,47,38,2
2026-09-20,S06,P503,117,99,20,97,34,2
2026-09-20,S06,P504,59,59,14,45,20,3
2026-09-20,S06,P505,49,0,20,29,27,3
2026-09-20,S06,P601,54,45,14,40,18,1
2026-09-20,S06,P602,26,0,19,7,33,2
2026-09-20,S06,P603,50,50,10,40,24,3
2026-09-20,S06,P604,64,49,11,53,19,1
2026-09-20,S06,P605,54,54,14,40,31,3
2026-09-20,S06,P701,39,0,17,22,20,1
2026-09-20,S06,P702,22,0,22,0,37,3
2026-09-20,S06,P703,65,0,29,36,32,1
2026-09-20,S06,P704,30,0,19,11,29,2
2026-09-20,S06,P801,66,0,29,37,53,1
2026-09-20,S06,P802,155,0,45,110,76,1
2026-09-20,S06,P803,6,0,6,0,53,4
2026-09-21,S01,P101,335,335,58,277,121,3
2026-09-21,S01,P102,98,0,39,59,98,2
2026-09-21,S01,P103,0,0,0,0,164,4
2026-09-21,S01,P104,244,244,50,194,143,3
2026-09-21,S01,P105,89,0,44,45,124,4
2026-09-21,S01,P106,182,0,57,125,126,3
2026-09-21,S01,P201,289,289,40,249,89,3
2026-09-21,S01,P202,272,0,54,218,150,1
2026-09-21,S01,P203,242,0,49,193,159,3
2026-09-21,S01,P204,73,0,55,18,117,3
2026-09-21,S01,P205,27,0,12,15,27,1
2026-09-21,S01,P206,224,0,36,193,92,3
2026-09-21,S01,P207,154,0,29,125,111,3
2026-09-21,S01,P301,234,0,53,181,139,2
2026-09-21,S01,P302,107,0,43,64,106,2
2026-09-21,S01,P303,321,321,63,258,109,3
2026-09-21,S01,P304,182,182,37,145,74,3
2026-09-21,S01,P305,174,0,38,136,76,2
2026-09-21,S01,P306,229,0,27,202,83,1
2026-09-21,S01,P330,0,0,0,0,93,4
2026-09-21,S01,P401,64,0,28,36,71,2
2026-09-21,S01,P402,42,0,20,22,46,2
2026-09-21,S01,P403,0,0,0,0,46,3
2026-09-21,S01,P404,61,0,24,37,61,4
2026-09-21,S01,P405,26,0,18,8,43,4
2026-09-21,S01,P406,155,155,24,131,71,4
2026-09-21,S01,P407,66,0,25,41,55,1
2026-09-21,S01,P442,122,0,52,70,132,3
2026-09-21,S01,P501,72,0,17,55,41,3
2026-09-21,S01,P502,47,0,9,38,28,1
2026-09-21,S01,P503,122,85,12,110,40,1
2026-09-21,S01,P504,0,0,0,0,30,3
2026-09-21,S01,P505,0,0,0,0,37,4
2026-09-21,S01,P601,34,0,11,23,32,2
2026-09-21,S01,P602,91,75,14,77,37,2
2026-09-21,S01,P603,32,0,11,21,36,4
2026-09-21,S01,P604,62,62,8,54,23,2
2026-09-21,S01,P605,93,0,16,77,33,1
2026-09-21,S01,P701,72,0,13,59,36,2
2026-09-21,S01,P702,0,0,0,0,53,4
2026-09-21,S01,P703,116,0,25,91,47,1
2026-09-21,S01,P704,9,0,9,0,33,3
2026-09-21,S01,P801,0,0,0,0,60,4
2026-09-21,S01,P802,110,0,41,69,90,2
2026-09-21,S01,P803,173,173,31,142,59,2
2026-09-21,S02,P101,100,0,100,0,333,3
2026-09-21,S02,P102,1302,993,162,1140,347,1
2026-09-21,S02,P103,773,0,142,631,334,1
2026-09-21,S02,P104,848,700,91,757,268,1
2026-09-21,S02,P105,323,0,120,203,300,3
2026-09-21,S02,P106,188,0,128,60,294,2
2026-09-21,S02,P201,385,0,126,259,283,1
2026-09-21,S02,P202,513,0,143,370,316,1
2026-09-21,S02,P203,501,0,146,355,255,1
2026-09-21,S02,P204,309,0,97,212,215,4
2026-09-21,S02,P205,93,0,53,40,116,2
2026-09-21,S02,P206,176,0,106,70,196,3
2026-09-21,S02,P207,803,0,118,685,307,1
2026-09-21,S02,P301,430,0,74,356,177,1
2026-09-21,S02,P302,309,0,146,163,326,2
2026-09-21,S02,P303,280,0,92,188,224,1
2026-09-21,S02,P304,560,0,83,477,325,1
2026-09-21,S02,P305,159,0,159,0,329,4
2026-09-21,S02,P306,571,0,109,462,214,4
2026-09-21,S02,P330,921,921,154,767,277,3
2026-09-21,S02,P401,272,272,56,216,111,3
2026-09-21,S02,P402,59,0,43,16,103,2
2026-09-21,S02,P403,125,0,44,81,114,4
2026-09-21,S02,P404,81,0,60,21,136,3
2026-09-21,S02,P405,114,0,53,66,164,3
2026-09-21,S02,P406,357,357,66,291,151,4
2026-09-21,S02,P407,370,0,84,286,189,2
2026-09-21,S02,P442,176,0,108,68,238,2
2026-09-21,S02,P501,0,0,0,0,80,4
2026-09-21,S02,P502,0,0,0,0,126,4
2026-09-21,S02,P503,188,0,40,148,106,3
2026-09-21,S02,P504,193,0,33,160,72,1
2026-09-21,S02,P505,188,188,25,163,73,4
2026-09-21,S02,P601,226,0,23,203,61,1
2026-09-21,S02,P602,208,0,55,153,99,1
2026-09-21,S02,P603,232,0,46,186,77,1
2026-09-21,S02,P604,0,0,0,0,84,4
2026-09-21,S02,P605,48,0,31,17,56,3
2026-09-21,S02,P701,106,0,30,76,101,2
2026-09-21,S02,P702,258,258,28,230,82,2
2026-09-21,S02,P703,185,185,27,158,78,2
2026-09-21,S02,P704,215,0,39,176,80,1
2026-09-21,S02,P801,291,291,51,240,134,3
2026-09-21,S02,P802,449,449,39,410,129,3
2026-09-21,S02,P803,120,0,79,41,194,2
2026-09-21,S03,P101,42,0,34,8,68,2
2026-09-21,S03,P102,199,199,40,159,93,2
2026-09-21,S03,P103,9,0,9,0,83,4
2026-09-21,S03,P104,96,0,34,62,63,1
2026-09-21,S03,P105,142,0,24,118,63,2
2026-09-21,S03,P106,226,226,33,193,84,4
2026-09-21,S03,P201,88,0,34,54,83,4
2026-09-21,S03,P202,172,0,24,148,75,4
2026-09-21,S03,P203,98,0,18,80,40,3
2026-09-21,S03,P204,179,0,38,141,89,2
2026-09-21,S03,P205,0,0,0,0,22,4
2026-09-21,S03,P206,120,0,36,84,67,4
2026-09-21,S03,P207,33,0,33,0,83,3
2026-09-21,S03,P301,98,0,25,73,59,1
2026-09-21,S03,P302,68,0,33,35,65,2
2026-09-21,S03,P303,212,212,26,186,86,3
2026-09-21,S03,P304,86,0,17,69,51,2
2026-09-21,S03,P305,109,0,38,71,81,1
2026-09-21,S03,P306,108,0,34,74,75,3
2026-09-21,S03,P330,217,192,30,187,66,1
2026-09-21,S03,P401,12,0,12,0,34,4
2026-09-21,S03,P402,16,0,10,6,33,4
2026-09-21,S03,P403,47,0,17,30,33,1
2026-09-21,S03,P404,54,0,14,36,23,2
2026-09-21,S03,P405,41,0,11,30,27,1
2026-09-21,S03,P406,45,0,11,34,35,3
2026-09-21,S03,P407,20,0,10,10,32,2
2026-09-21,S03,P442,178,0,33,145,72,1
2026-09-21,S03,P501,28,0,9,19,14,2
2026-09-21,S03,P502,54,54,11,43,22,4
2026-09-21,S03,P503,46,0,7,39,24,3
2026-09-21,S03,P504,0,0,0,0,16,4
2026-09-21,S03,P505,39,39,5,34,17,2
2026-09-21,S03,P601,36,0,8,28,18,1
2026-09-21,S03,P602,25,0,6,19,16,1
2026-09-21,S03,P603,0,0,0,0,13,4
2026-09-21,S03,P604,58,58,11,47,24,4
2026-09-21,S03,P605,25,0,7,18,19,4
2026-09-21,S03,P701,40,40,7,33,18,3
2026-09-21,S03,P702,52,52,7,45,17,4
2026-09-21,S03,P703,53,53,10,39,17,4
2026-09-21,S03,P704,28,0,11,17,26,1
2026-09-21,S03,P801,86,0,23,63,41,1
2026-09-21,S03,P802,116,116,11,105,36,3
2026-09-21,S03,P803,25,0,15,10,43,3
2026-09-21,S04,P101,0,0,0,0,95,4
2026-09-21,S04,P102,0,0,0,0,113,3
2026-09-21,S04,P103,177,0,65,112,105,4
2026-09-21,S04,P104,155,0,34,121,114,4
2026-09-21,S04,P105,298,0,58,240,145,3
2026-09-21,S04,P106,147,0,36,111,101,1
2026-09-21,S04,P201,334,266,31,303,96,1
2026-09-21,S04,P202,55,0,51,4,98,4
2026-09-21,S04,P203,281,281,43,238,99,3
2026-09-21,S04,P204,304,304,33,271,110,3
2026-09-21,S04,P205,19,0,10,9,27,4
2026-09-21,S04,P206,122,0,36,86,83,4
2026-09-21,S04,P207,233,0,48,185,114,4
2026-09-21,S04,P301,79,0,28,51,62,3
2026-09-21,S04,P302,104,0,31,73,85,1
2026-09-21,S04,P303,31,0,31,0,90,3
2026-09-21,S04,P304,202,0,30,172,79,2
2026-09-21,S04,P305,24,0,24,0,78,4
2026-09-21,S04,P306,21,0,21,0,127,3
2026-09-21,S04,P330,0,0,0,0,86,4
2026-09-21,S04,P401,208,142,36,172,73,1
2026-09-21,S04,P402,68,0,32,36,64,1
2026-09-21,S04,P403,145,114,17,128,44,1
2026-09-21,S04,P404,147,0,23,124,56,3
2026-09-21,S04,P405,155,145,24,131,53,2
2026-09-21,S04,P406,86,0,22,64,46,2
2026-09-21,S04,P407,117,117,18,99,57,3
2026-09-21,S04,P442,26,0,26,0,64,2
2026-09-21,S04,P501,35,0,15,20,29,2
2026-09-21,S04,P502,53,0,10,43,32,3
2026-09-21,S04,P503,43,0,9,34,34,2
2026-09-21,S04,P504,64,0,8,56,28,1
2026-09-21,S04,P505,69,0,8,61,25,1
2026-09-21,S04,P601,94,94,11,83,38,3
2026-09-21,S04,P602,35,0,10,25,30,1
2026-09-21,S04,P603,58,0,16,42,26,1
2026-09-21,S04,P604,78,0,9,69,25,1
2026-09-21,S04,P605,78,0,14,64,34,4
2026-09-21,S04,P701,73,0,12,61,41,2
2026-09-21,S04,P702,80,80,8,72,31,4
2026-09-21,S04,P703,22,0,12,10,45,3
2026-09-21,S04,P704,30,0,7,23,26,1
2026-09-21,S04,P801,76,0,21,55,64,3
2026-09-21,S04,P802,94,0,22,72,55,3
2026-09-21,S04,P803,124,124,14,110,38,3
2026-09-21,S05,P101,98,0,38,60,92,3
2026-09-21,S05,P102,96,0,30,66,72,3
2026-09-21,S05,P103,47,0,37,10,76,2
2026-09-21,S05,P104,202,164,39,163,56,1
2026-09-21,S05,P105,0,0,0,0,63,4
2026-09-21,S05,P106,148,0,42,106,69,3
2026-09-21,S05,P201,0,0,0,0,51,4
2026-09-21,S05,P202,158,158,35,123,69,3
2026-09-21,S05,P203,83,0,33,50,80,2
2026-09-21,S05,P204,62,0,34,28,60,2
2026-09-21,S05,P205,52,52,7,45,19,4
2026-09-21,S05,P206,39,0,29,10,50,2
2026-09-21,S05,P207,177,177,24,153,55,4
2026-09-21,S05,P301,146,0,31,115,63,2
2026-09-21,S05,P302,80,0,23,57,70,3
2026-09-21,S05,P303,203,203,30,173,73,3
2026-09-21,S05,P304,130,130,14,116,53,3
2026-09-21,S05,P305,64,0,13,51,45,2
2026-09-21,S05,P306,204,204,22,182,64,2
2026-09-21,S05,P330,161,0,30,131,49,1
2026-09-21,S05,P401,21,0,11,10,21,3
2026-09-21,S05,P402,59,59,10,49,30,3
2026-09-21,S05,P403,72,0,15,57,39,1
2026-09-21,S05,P404,21,0,11,10,21,3
2026-09-21,S05,P405,7,0,7,0,21,3
2026-09-21,S05,P406,72,0,9,63,31,1
2026-09-21,S05,P407,32,0,14,18,30,1
2026-09-21,S05,P442,49,0,16,33,53,3
2026-09-21,S05,P501,22,0,6,16,13,4
2026-09-21,S05,P502,0,0,0,0,14,3
2026-09-21,S05,P503,0,0,0,0,11,3
2026-09-21,S05,P504,24,0,6,18,24,1
2026-09-21,S05,P505,29,0,4,25,17,2
2026-09-21,S05,P601,37,0,8,29,13,2
2026-09-21,S05,P602,23,0,6,17,15,4
2026-09-21,S05,P603,42,0,7,35,19,1
2026-09-21,S05,P604,25,0,8,17,15,3
2026-09-21,S05,P605,15,0,3,12,11,2
2026-09-21,S05,P701,24,0,11,13,18,1
2026-09-21,S05,P702,32,0,11,21,25,1
2026-09-21,S05,P703,66,60,12,54,21,1
2026-09-21,S05,P704,60,46,9,56,25,1
2026-09-21,S05,P801,53,0,15,38,44,3
2026-09-21,S05,P802,0,0,0,0,32,3
2026-09-21,S05,P803,163,139,20,143,46,1
2026-09-21,S06,P101,59,0,42,17,86,4
2026-09-21,S06,P102,155,0,41,114,101,1
2026-09-21,S06,P103,310,279,56,254,142,2
2026-09-21,S06,P104,161,161,37,124,81,4
2026-09-21,S06,P105,55,0,55,0,98,4
2026-09-21,S06,P106,8,0,8,0,117,3
2026-09-21,S06,P201,263,200,32,231,88,1
2026-09-21,S06,P202,162,162,28,134,65,3
2026-09-21,S06,P203,69,0,21,48,60,2
2026-09-21,S06,P204,234,0,46,188,108,2
2026-09-21,S06,P205,0,0,0,0,29,4
2026-09-21,S06,P206,0,0,0,0,87,4
2026-09-21,S06,P207,10,0,10,0,73,3
2026-09-21,S06,P301,233,0,27,206,96,1
2026-09-21,S06,P302,130,0,37,93,76,1
2026-09-21,S06,P303,69,0,34,35,81,3
2026-09-21,S06,P304,180,164,19,161,72,2
2026-09-21,S06,P305,105,0,52,53,90,1
2026-09-21,S06,P306,186,0,41,145,82,3
2026-09-21,S06,P330,111,0,35,76,85,2
2026-09-21,S06,P401,121,102,15,106,48,1
2026-09-21,S06,P402,40,0,15,25,34,2
2026-09-21,S06,P403,27,0,20,7,42,2
2026-09-21,S06,P404,39,0,18,21,51,3
2026-09-21,S06,P405,144,144,21,119,60,4
2026-09-21,S06,P406,76,76,15,61,34,3
2026-09-21,S06,P407,74,0,12,62,41,3
2026-09-21,S06,P442,71,0,29,42,88,2
2026-09-21,S06,P501,52,0,11,41,25,3
2026-09-21,S06,P502,47,0,17,30,38,2
2026-09-21,S06,P503,97,0,11,86,34,2
2026-09-21,S06,P504,45,0,11,34,20,3
2026-09-21,S06,P505,29,0,13,16,27,3
2026-09-21,S06,P601,40,0,6,34,18,1
2026-09-21,S06,P602,63,56,11,52,33,2
2026-09-21,S06,P603,40,0,9,31,24,3
2026-09-21,S06,P604,53,0,7,46,19,1
2026-09-21,S06,P605,40,0,10,30,31,3
2026-09-21,S06,P701,22,0,5,17,20,1
2026-09-21,S06,P702,0,0,0,0,37,3
2026-09-21,S06,P703,36,0,13,23,32,1
2026-09-21,S06,P704,11,0,11,0,29,2
2026-09-21,S06,P801,150,113,19,131,53,1
2026-09-21,S06,P802,110,0,28,82,76,1
2026-09-21,S06,P803,0,0,0,0,53,4
2026-09-22,S01,P101,277,0,47,230,121,3
2026-09-22,S01,P102,59,0,48,11,98,2
2026-09-22,S01,P103,286,286,61,225,164,4
2026-09-22,S01,P104,194,0,55,139,143,3
2026-09-22,S01,P105,45,0,45,0,124,4
2026-09-22,S01,P106,125,0,47,78,126,3
2026-09-22,S01,P201,249,0,44,205,89,3
2026-09-22,S01,P202,218,0,58,160,150,1
2026-09-22,S01,P203,193,0,50,143,159,3
2026-09-22,S01,P204,18,0,18,0,117,3
2026-09-22,S01,P205,97,82,18,79,27,1
2026-09-22,S01,P206,188,0,49,139,92,3
2026-09-22,S01,P207,125,0,49,76,111,3
2026-09-22,S01,P301,181,0,43,138,139,2
2026-09-22,S01,P302,64,0,64,0,106,2
2026-09-22,S01,P303,258,0,51,207,109,3
2026-09-22,S01,P304,145,0,69,76,74,3
2026-09-22,S01,P305,136,0,43,93,76,2
2026-09-22,S01,P306,202,0,35,167,83,1
2026-09-22,S01,P330,244,244,44,200,93,4
2026-09-22,S01,P401,181,145,26,155,71,2
2026-09-22,S01,P402,111,89,19,92,46,2
2026-09-22,S01,P403,110,110,24,86,46,3
2026-09-22,S01,P404,37,0,29,8,61,4
2026-09-22,S01,P405,8,0,8,0,43,4
2026-09-22,S01,P406,131,0,30,101,71,4
2026-09-22,S01,P407,235,194,23,212,55,1
2026-09-22,S01,P442,70,0,33,37,132,3
2026-09-22,S01,P501,55,0,21,34,41,3
2026-09-22,S01,P502,38,0,10,28,28,1
2026-09-22,S01,P503,110,0,19,91,40,1
2026-09-22,S01,P504,90,90,21,69,30,3
2026-09-22,S01,P505,72,72,25,47,37,4
2026-09-22,S01,P601,23,0,15,8,32,2
2026-09-22,S01,P602,77,0,20,53,37,2
2026-09-22,S01,P603,21,0,18,3,36,4
2026-09-22,S01,P604,54,0,9,45,23,2
2026-09-22,S01,P605,77,0,19,58,33,1
2026-09-22,S01,P701,59,0,15,44,36,2
2026-09-22,S01,P702,126,126,24,102,53,4
2026-09-22,S01,P703,91,0,17,74,47,1
2026-09-22,S01,P704,95,95,13,82,33,3
2026-09-22,S01,P801,207,207,36,171,60,4
2026-09-22,S01,P802,69,0,42,27,90,2
2026-09-22,S01,P803,142,0,25,117,59,2
2026-09-22,S02,P101,957,957,232,725,333,3
2026-09-22,S02,P102,1140,0,224,916,347,1
2026-09-22,S02,P103,631,0,174,457,334,1
2026-09-22,S02,P104,757,0,178,579,268,1
2026-09-22,S02,P105,203,0,109,94,300,3
2026-09-22,S02,P106,934,874,134,800,294,2
2026-09-22,S02,P201,1111,852,126,985,283,1
2026-09-22,S02,P202,370,0,169,201,316,1
2026-09-22,S02,P203,355,0,183,172,255,1
2026-09-22,S02,P204,212,0,85,127,215,4
2026-09-22,S02,P205,289,249,58,231,116,2
2026-09-22,S02,P206,70,0,70,0,196,3
2026-09-22,S02,P207,685,0,105,580,307,1
2026-09-22,S02,P301,356,0,102,254,177,1
2026-09-22,S02,P302,931,768,136,795,326,2
2026-09-22,S02,P303,795,607,94,701,224,1
2026-09-22,S02,P304,477,0,149,328,325,1
2026-09-22,S02,P305,0,0,0,0,329,4
2026-09-22,S02,P306,462,0,98,364,214,4
2026-09-22,S02,P330,767,0,155,612,277,3
2026-09-22,S02,P401,216,0,52,164,111,3
2026-09-22,S02,P402,205,189,50,155,103,2
2026-09-22,S02,P403,81,0,48,33,114,4
2026-09-22,S02,P404,21,0,21,0,136,3
2026-09-22,S02,P405,61,0,61,0,164,3
2026-09-22,S02,P406,291,0,107,184,151,4
2026-09-22,S02,P407,286,0,108,178,189,2
2026-09-22,S02,P442,662,594,131,531,238,2
2026-09-22,S02,P501,0,0,0,0,80,4
2026-09-22,S02,P502,207,207,63,144,126,4
2026-09-22,S02,P503,148,0,54,94,106,3
2026-09-22,S02,P504,160,0,23,137,72,1
2026-09-22,S02,P505,163,0,27,136,73,4
2026-09-22,S02,P601,203,0,34,169,61,1
2026-09-22,S02,P602,153,0,40,113,99,1
2026-09-22,S02,P603,186,0,46,140,77,1
2026-09-22,S02,P604,191,191,46,145,84,4
2026-09-22,S02,P605,17,0,17,0,56,3
2026-09-22,S02,P701,76,0,48,28,101,2
2026-09-22,S02,P702,230,0,50,180,82,2
2026-09-22,S02,P703,158,0,63,95,78,2
2026-09-22,S02,P704,176,0,56,120,80,1
2026-09-22,S02,P801,240,0,66,174,134,3
2026-09-22,S02,P802,410,0,64,346,129,3
2026-09-22,S02,P803,393,352,68,325,194,2
2026-09-22,S03,P101,166,158,30,136,68,2
2026-09-22,S03,P102,159,0,43,116,93,2
2026-09-22,S03,P103,0,0,0,0,83,4
2026-09-22,S03,P104,199,137,43,156,63,1
2026-09-22,S03,P105,118,0,41,77,63,2
2026-09-22,S03,P106,193,0,46,147,84,4
2026-09-22,S03,P201,54,0,46,8,83,4
2026-09-22,S03,P202,148,0,47,101,75,4
2026-09-22,S03,P203,80,0,34,46,40,3
2026-09-22,S03,P204,141,0,43,98,89,2
2026-09-22,S03,P205,36,36,11,25,22,4
2026-09-22,S03,P206,84,0,36,48,67,4
2026-09-22,S03,P207,0,0,0,0,83,3
2026-09-22,S03,P301,73,0,24,49,59,1
2026-09-22,S03,P302,35,0,34,1,65,2
2026-09-22,S03,P303,186,0,30,156,86,3
2026-09-22,S03,P304,69,0,30,39,51,2
2026-09-22,S03,P305,284,213,48,236,81,1
2026-09-22,S03,P306,74,0,35,39,75,3
2026-09-22,S03,P330,187,0,34,153,66,1
2026-09-22,S03,P401,0,0,0,0,34,4
2026-09-22,S03,P402,6,0,6,0,33,4
2026-09-22,S03,P403,133,103,10,123,33,1
2026-09-22,S03,P404,40,0,8,32,23,2
2026-09-22,S03,P405,30,0,8,22,27,1
2026-09-22,S03,P406,34,0,15,19,35,3
2026-09-22,S03,P407,74,64,9,65,32,2
2026-09-22,S03,P442,145,0,26,119,72,1
2026-09-22,S03,P501,19,0,7,12,14,2
2026-09-22,S03,P502,43,0,9,34,22,4
2026-09-22,S03,P503,39,0,10,29,24,3
2026-09-22,S03,P504,35,35,8,27,16,4
2026-09-22,S03,P505,34,0,6,28,17,2
2026-09-22,S03,P601,28,0,8,20,18,1
2026-09-22,S03,P602,19,0,7,12,16,1
2026-09-22,S03,P603,0,0,0,0,13,4
2026-09-22,S03,P604,47,0,6,41,24,4
2026-09-22,S03,P605,18,0,12,6,19,4
2026-09-22,S03,P701,33,0,10,23,18,3
2026-09-22,S03,P702,45,0,11,34,17,4
2026-09-22,S03,P703,43,0,10,33,17,4
2026-09-22,S03,P704,88,71,13,75,26,1
2026-09-22,S03,P801,63,0,18,45,41,1
2026-09-22,S03,P802,105,0,22,83,36,3
2026-09-22,S03,P803,10,0,10,0,43,3
2026-09-22,S04,P101,199,199,44,155,95,4
2026-09-22,S04,P102,250,250,67,183,113,3
2026-09-22,S04,P103,112,0,48,64,105,4
2026-09-22,S04,P104,121,0,46,75,114,4
2026-09-22,S04,P105,240,0,83,157,145,3
2026-09-22,S04,P106,111,0,38,73,101,1
2026-09-22,S04,P201,303,0,44,259,96,1
2026-09-22,S04,P202,4,0,4,0,98,4
2026-09-22,S04,P203,238,0,41,197,99,3
2026-09-22,S04,P204,271,0,63,208,110,3
2026-09-22,S04,P205,9,0,9,0,27,4
2026-09-22,S04,P206,86,0,43,43,83,4
2026-09-22,S04,P207,185,0,56,129,114,4
2026-09-22,S04,P301,51,0,28,23,62,3
2026-09-22,S04,P302,240,167,36,204,85,1
2026-09-22,S04,P303,263,263,48,215,90,3
2026-09-22,S04,P304,172,0,40,132,79,2
2026-09-22,S04,P305,0,0,0,0,78,4
2026-09-22,S04,P306,318,318,50,268,127,3
2026-09-22,S04,P330,257,257,42,215,86,4
2026-09-22,S04,P401,172,0,27,145,73,1
2026-09-22,S04,P402,201,165,29,172,64,1
2026-09-22,S04,P403,128,0,17,111,44,1
2026-09-22,S04,P404,124,0,32,92,56,3
2026-09-22,S04,P405,131,0,21,110,53,2
2026-09-22,S04,P406,64,0,26,38,46,2
2026-09-22,S04,P407,99,0,24,75,57,3
2026-09-22,S04,P442,222,222,44,178,64,2
2026-09-22,S04,P501,20,0,18,2,29,2
2026-09-22,S04,P502,43,0,11,32,32,3
2026-09-22,S04,P503,34,0,18,16,34,2
2026-09-22,S04,P504,56,0,12,44,28,1
2026-09-22,S04,P505,61,0,11,50,25,1
2026-09-22,S04,P601,83,0,13,70,38,3
2026-09-22,S04,P602,129,104,15,114,30,1
2026-09-22,S04,P603,42,0,17,25,26,1
2026-09-22,S04,P604,69,0,21,48,25,1
2026-09-22,S04,P605,64,0,15,49,34,4
2026-09-22,S04,P701,61,0,22,39,41,2
2026-09-22,S04,P702,72,0,11,61,31,4
2026-09-22,S04,P703,10,0,10,0,45,3
2026-09-22,S04,P704,71,48,12,59,26,1
2026-09-22,S04,P801,55,0,26,29,64,3
2026-09-22,S04,P802,72,0,23,49,55,3
2026-09-22,S04,P803,110,0,20,90,38,3
2026-09-22,S05,P101,60,0,31,29,92,3
2026-09-22,S05,P102,66,0,36,30,72,3
2026-09-22,S05,P103,224,214,37,187,76,2
2026-09-22,S05,P104,163,0,29,134,56,1
2026-09-22,S05,P105,0,0,0,0,63,4
2026-09-22,S05,P106,106,0,36,70,69,3
2026-09-22,S05,P201,0,0,0,0,51,4
2026-09-22,S05,P202,123,0,32,91,69,3
2026-09-22,S05,P203,50,0,37,13,80,2
2026-09-22,S05,P204,28,0,28,0,60,2
2026-09-22,S05,P205,45,0,7,38,19,4
2026-09-22,S05,P206,133,123,16,117,50,2
2026-09-22,S05,P207,153,0,22,131,55,4
2026-09-22,S05,P301,115,0,23,92,63,2
2026-09-22,S05,P302,57,0,40,17,70,3
2026-09-22,S05,P303,173,0,28,145,73,3
2026-09-22,S05,P304,116,0,28,88,53,3
2026-09-22,S05,P305,51,0,18,33,45,2
2026-09-22,S05,P306,182,0,39,143,64,2
2026-09-22,S05,P330,131,0,20,111,49,1
2026-09-22,S05,P401,10,0,10,0,21,3
2026-09-22,S05,P402,49,0,12,37,30,3
2026-09-22,S05,P403,57,0,14,43,39,1
2026-09-22,S05,P404,10,0,10,0,21,3
2026-09-22,S05,P405,0,0,0,0,21,3
2026-09-22,S05,P406,63,0,11,52,31,1
2026-09-22,S05,P407,97,79,14,83,30,1
2026-09-22,S05,P442,33,0,23,10,53,3
2026-09-22,S05,P501,16,0,7,9,13,4
2026-09-22,S05,P502,36,36,6,30,14,3
2026-09-22,S05,P503,33,33,5,28,11,3
2026-09-22,S05,P504,83,65,10,73,24,1
2026-09-22,S05,P505,25,0,9,16,17,2
2026-09-22,S05,P601,29,0,9,20,13,2
2026-09-22,S05,P602,17,0,8,9,15,4
2026-09-22,S05,P603,35,0,7,28,19,1
2026-09-22,S05,P604,17,0,5,12,15,3
2026-09-22,S05,P605,12,0,3,9,11,2
2026-09-22,S05,P701,65,52,10,55,18,1
2026-09-22,S05,P702,71,50,15,56,25,1
2026-09-22,S05,P703,54,0,11,43,21,1
2026-09-22,S05,P704,51,0,9,42,25,1
2026-09-22,S05,P801,38,0,20,18,44,3
2026-09-22,S05,P802,74,74,12,62,32,3
2026-09-22,S05,P803,143,0,23,120,46,1
2026-09-22,S06,P101,17,0,17,0,86,4
2026-09-22,S06,P102,114,0,45,69,101,1
2026-09-22,S06,P103,254,0,48,206,142,2
2026-09-22,S06,P104,124,0,27,97,81,4
2026-09-22,S06,P105,0,0,0,0,98,4
2026-09-22,S06,P106,298,298,64,234,117,3
2026-09-22,S06,P201,231,0,26,205,88,1
2026-09-22,S06,P202,134,0,37,97,65,3
2026-09-22,S06,P203,48,0,31,17,60,2
2026-09-22,S06,P204,188,0,51,140,108,2
2026-09-22,S06,P205,0,0,0,0,29,4
2026-09-22,S06,P206,190,190,35,155,87,4
2026-09-22,S06,P207,253,253,43,210,73,3
2026-09-22,S06,P301,206,0,35,171,96,1
2026-09-22,S06,P302,93,0,34,59,76,1
2026-09-22,S06,P303,35,0,35,0,81,3
2026-09-22,S06,P304,161,0,24,137,72,2
2026-09-22,S06,P305,265,212,52,213,90,1
2026-09-22,S06,P306,145,0,40,105,82,3
2026-09-22,S06,P330,76,0,39,37,85,2
2026-09-22,S06,P401,106,0,21,85,48,1
2026-09-22,S06,P402,25,0,12,13,34,2
2026-09-22,S06,P403,80,73,17,63,42,2
2026-09-22,S06,P404,21,0,21,0,51,3
2026-09-22,S06,P405,123,0,29,94,60,4
2026-09-22,S06,P406,61,0,17,44,34,3
2026-09-22,S06,P407,62,0,12,50,41,3
2026-09-22,S06,P442,250,208,56,194,88,2
2026-09-22,S06,P501,41,0,13,28,25,3
2026-09-22,S06,P502,30,0,13,17,38,2
2026-09-22,S06,P503,86,0,18,71,34,2
2026-09-22,S06,P504,34,0,10,24,20,3
2026-09-22,S06,P505,16,0,14,2,27,3
2026-09-22,S06,P601,34,0,9,25,18,1
2026-09-22,S06,P602,52,0,15,37,33,2
2026-09-22,S06,P603,31,0,11,25,24,3
2026-09-22,S06,P604,46,0,8,38,19,1
2026-09-22,S06,P605,30,0,9,21,31,3
2026-09-22,S06,P701,61,44,12,49,20,1
2026-09-22,S06,P702,99,99,15,84,37,3
2026-09-22,S06,P703,102,79,26,76,32,1
2026-09-22,S06,P704,55,55,14,41,29,2
2026-09-22,S06,P801,131,0,23,108,53,1
2026-09-22,S06,P802,82,0,37,45,76,1
2026-09-22,S06,P803,170,170,21,149,53,4
2026-09-23,S01,P101,230,0,54,176,121,3
2026-09-23,S01,P102,227,216,46,181,98,2
2026-09-23,S01,P103,225,0,78,147,164,4
2026-09-23,S01,P104,139,0,42,97,143,3
2026-09-23,S01,P105,0,0,0,0,124,4
2026-09-23,S01,P106,78,0,65,13,126,3
2026-09-23,S01,P201,205,0,43,162,89,3
2026-09-23,S01,P202,160,0,48,112,150,1
2026-09-23,S01,P203,143,0,82,61,159,3
2026-09-23,S01,P204,295,295,92,203,117,3
2026-09-23,S01,P205,79,0,14,65,27,1
2026-09-23,S01,P206,139,0,52,87,92,3
2026-09-23,S01,P207,76,0,44,32,111,3
2026-09-23,S01,P301,138,0,73,65,139,2
2026-09-23,S01,P302,271,271,52,219,106,2
2026-09-23,S01,P303,207,0,49,158,109,3
2026-09-23,S01,P304,76,0,39,37,74,3
2026-09-23,S01,P305,93,0,45,48,76,2
2026-09-23,S01,P306,167,0,47,120,83,1
2026-09-23,S01,P330,200,0,31,169,93,4
2026-09-23,S01,P401,155,0,30,125,71,2
2026-09-23,S01,P402,92,0,24,68,46,2
2026-09-23,S01,P403,86,0,23,63,46,3
2026-09-23,S01,P404,8,0,8,0,61,4
2026-09-23,S01,P405,0,0,0,0,43,4
2026-09-23,S01,P406,101,0,48,53,71,4
2026-09-23,S01,P407,212,0,33,179,55,1
2026-09-23,S01,P442,381,344,53,328,132,3
2026-09-23,S01,P501,34,0,14,20,41,3
2026-09-23,S01,P502,28,0,14,14,28,1
2026-09-23,S01,P503,91,0,16,75,40,1
2026-09-23,S01,P504,69,0,13,56,30,3
2026-09-23,S01,P505,47,0,16,31,37,4
2026-09-23,S01,P601,104,96,16,88,32,2
2026-09-23,S01,P602,57,0,19,38,37,2
2026-09-23,S01,P603,3,0,3,0,36,4
2026-09-23,S01,P604,45,0,15,30,23,2
2026-09-23,S01,P605,58,0,16,42,33,1
2026-09-23,S01,P701,44,0,18,26,36,2
2026-09-23,S01,P702,102,0,23,79,53,4
2026-09-23,S01,P703,74,0,29,45,47,1
2026-09-23,S01,P704,82,0,14,68,33,3
2026-09-23,S01,P801,171,0,33,138,60,4
2026-09-23,S01,P802,304,277,58,246,90,2
2026-09-23,S01,P803,117,0,32,85,59,2
2026-09-23,S02,P101,725,0,248,477,333,3
2026-09-23,S02,P102,916,0,209,707,347,1
2026-09-23,S02,P103,457,0,167,290,334,1
2026-09-23,S02,P104,579,0,119,460,268,1
2026-09-23,S02,P105,94,0,94,0,300,3
2026-09-23,S02,P106,800,0,116,684,294,2
2026-09-23,S02,P201,985,0,129,856,283,1
2026-09-23,S02,P202,808,607,150,658,316,1
2026-09-23,S02,P203,1025,853,221,804,255,1
2026-09-23,S02,P204,127,0,124,3,215,4
2026-09-23,S02,P205,231,0,60,171,116,2
2026-09-23,S02,P206,646,646,110,536,196,3
2026-09-23,S02,P207,580,0,164,416,307,1
2026-09-23,S02,P301,254,0,101,153,177,1
2026-09-23,S02,P302,795,0,153,642,326,2
2026-09-23,S02,P303,701,0,105,596,224,1
2026-09-23,S02,P304,328,0,138,190,325,1
2026-09-23,S02,P305,0,0,0,0,329,4
2026-09-23,S02,P306,364,0,110,254,214,4
2026-09-23,S02,P330,612,0,213,399,277,3
2026-09-23,S02,P401,164,0,56,108,111,3
2026-09-23,S02,P402,155,0,45,110,103,2
2026-09-23,S02,P403,33,0,33,0,114,4
2026-09-23,S02,P404,377,377,69,308,136,3
2026-09-23,S02,P405,340,340,88,252,164,3
2026-09-23,S02,P406,184,0,66,118,151,4
2026-09-23,S02,P407,178,0,114,64,189,2
2026-09-23,S02,P442,531,0,90,441,238,2
2026-09-23,S02,P501,286,286,49,237,80,4
2026-09-23,S02,P502,144,0,59,85,126,4
2026-09-23,S02,P503,94,0,45,49,106,3
2026-09-23,S02,P504,137,0,30,107,72,1
2026-09-23,S02,P505,136,0,32,104,73,4
2026-09-23,S02,P601,169,0,40,129,61,1
2026-09-23,S02,P602,113,0,45,68,99,1
2026-09-23,S02,P603,140,0,44,96,77,1
2026-09-23,S02,P604,145,0,41,104,84,4
2026-09-23,S02,P605,144,144,28,116,56,3
2026-09-23,S02,P701,290,262,41,249,101,2
2026-09-23,S02,P702,180,0,56,124,82,2
2026-09-23,S02,P703,95,0,38,57,78,2
2026-09-23,S02,P704,120,0,48,72,80,1
2026-09-23,S02,P801,174,0,59,115,134,3
2026-09-23,S02,P802,346,0,63,283,129,3
2026-09-23,S02,P803,325,0,72,253,194,2
2026-09-23,S03,P101,136,0,43,93,68,2
2026-09-23,S03,P102,116,0,37,79,93,2
2026-09-23,S03,P103,214,214,50,164,83,4
2026-09-23,S03,P104,156,0,36,120,63,1
2026-09-23,S03,P105,77,0,31,46,63,2
2026-09-23,S03,P106,147,0,39,108,84,4
2026-09-23,S03,P201,8,0,8,0,83,4
2026-09-23,S03,P202,101,0,41,60,75,4
2026-09-23,S03,P203,46,0,26,20,40,3
2026-09-23,S03,P204,98,0,40,58,89,2
2026-09-23,S03,P205,25,0,7,18,22,4
2026-09-23,S03,P206,48,0,32,16,67,4
2026-09-23,S03,P207,140,140,41,99,83,3
2026-09-23,S03,P301,183,134,18,165,59,1
2026-09-23,S03,P302,191,190,35,156,65,2
2026-09-23,S03,P303,156,0,29,127,86,3
2026-09-23,S03,P304,39,0,25,14,51,2
2026-09-23,S03,P305,236,0,31,205,81,1
2026-09-23,S03,P306,39,0,23,16,75,3
2026-09-23,S03,P330,153,0,32,121,66,1
2026-09-23,S03,P401,68,68,11,57,34,4
2026-09-23,S03,P402,0,0,0,0,33,4
2026-09-23,S03,P403,123,0,9,114,33,1
2026-09-23,S03,P404,32,0,13,19,23,2
2026-09-23,S03,P405,88,66,14,74,27,1
2026-09-23,S03,P406,19,0,15,4,35,3
2026-09-23,S03,P407,65,0,19,46,32,2
2026-09-23,S03,P442,119,0,37,82,72,1
2026-09-23,S03,P501,12,0,9,3,14,2
2026-09-23,S03,P502,34,0,9,25,22,4
2026-09-23,S03,P503,29,0,11,18,24,3
2026-09-23,S03,P504,27,0,8,19,16,4
2026-09-23,S03,P505,28,0,6,22,17,2
2026-09-23,S03,P601,20,0,9,11,18,1
2026-09-23,S03,P602,54,42,8,46,16,1
2026-09-23,S03,P603,34,34,7,27,13,4
2026-09-23,S03,P604,41,0,10,31,24,4
2026-09-23,S03,P605,6,0,6,0,19,4
2026-09-23,S03,P701,23,0,12,11,18,3
2026-09-23,S03,P702,34,0,11,23,17,4
2026-09-23,S03,P703,33,0,10,23,17,4
2026-09-23,S03,P704,75,0,13,62,26,1
2026-09-23,S03,P801,45,0,21,24,41,1
2026-09-23,S03,P802,83,0,16,67,36,3
2026-09-23,S03,P803,118,118,16,102,43,3
2026-09-23,S04,P101,155,0,49,111,95,4
2026-09-23,S04,P102,183,0,41,142,113,3
2026-09-23,S04,P103,64,0,62,2,105,4
2026-09-23,S04,P104,75,0,46,29,114,4
2026-09-23,S04,P105,157,0,63,94,145,3
2026-09-23,S04,P106,255,182,48,207,101,1
2026-09-23,S04,P201,259,0,57,202,96,1
2026-09-23,S04,P202,0,0,0,0,98,4
2026-09-23,S04,P203,197,0,65,132,99,3
2026-09-23,S04,P204,208,0,63,145,110,3
2026-09-23,S04,P205,0,0,0,0,27,4
2026-09-23,S04,P206,43,0,43,0,83,4
2026-09-23,S04,P207,129,0,67,62,114,4
2026-09-23,S04,P301,23,0,23,0,62,3
2026-09-23,S04,P302,204,0,32,172,85,1
2026-09-23,S04,P303,215,0,52,163,90,3
2026-09-23,S04,P304,132,0,49,83,79,2
2026-09-23,S04,P305,207,207,32,175,78,4
2026-09-23,S04,P306,268,0,64,204,127,3
2026-09-23,S04,P330,215,0,43,172,86,4
2026-09-23,S04,P401,145,0,25,120,73,1
2026-09-23,S04,P402,172,0,32,140,64,1
2026-09-23,S04,P403,111,0,19,92,44,1
2026-09-23,S04,P404,92,0,33,59,56,3
2026-09-23,S04,P405,110,0,31,79,53,2
2026-09-23,S04,P406,38,0,24,14,46,2
2026-09-23,S04,P407,75,0,31,44,57,3
2026-09-23,S04,P442,178,0,43,135,64,2
2026-09-23,S04,P501,104,102,11,93,29,2
2026-09-23,S04,P502,32,0,17,15,32,3
2026-09-23,S04,P503,16,0,14,2,34,2
2026-09-23,S04,P504,44,0,12,32,28,1
2026-09-23,S04,P505,50,0,10,40,25,1
2026-09-23,S04,P601,70,0,14,56,38,3
2026-09-23,S04,P602,114,0,21,93,30,1
2026-09-23,S04,P603,78,53,9,69,26,1
2026-09-23,S04,P604,48,0,13,35,25,1
2026-09-23,S04,P605,49,0,16,33,34,4
2026-09-23,S04,P701,39,0,22,17,41,2
2026-09-23,S04,P702,61,0,21,40,31,4
2026-09-23,S04,P703,120,120,35,85,45,3
2026-09-23,S04,P704,59,0,13,46,26,1
2026-09-23,S04,P801,29,0,29,0,64,3
2026-09-23,S04,P802,49,0,24,25,55,3
2026-09-23,S04,P803,90,0,16,74,38,3
2026-09-23,S05,P101,29,0,29,0,92,3
2026-09-23,S05,P102,30,0,30,0,72,3
2026-09-23,S05,P103,187,0,43,144,76,2
2026-09-23,S05,P104,134,0,49,85,56,1
2026-09-23,S05,P105,205,205,35,170,63,4
2026-09-23,S05,P106,70,0,64,6,69,3
2026-09-23,S05,P201,125,125,33,92,51,4
2026-09-23,S05,P202,91,0,42,49,69,3
2026-09-23,S05,P203,214,201,36,178,80,2
2026-09-23,S05,P204,134,134,38,96,60,2
2026-09-23,S05,P205,38,0,8,30,19,4
2026-09-23,S05,P206,117,0,33,84,50,2
2026-09-23,S05,P207,131,0,37,94,55,4
2026-09-23,S05,P301,92,0,32,60,63,2
2026-09-23,S05,P302,17,0,17,0,70,3
2026-09-23,S05,P303,145,0,34,111,73,3
2026-09-23,S05,P304,88,0,31,57,53,3
2026-09-23,S05,P305,33,0,21,12,45,2
2026-09-23,S05,P306,143,0,33,110,64,2
2026-09-23,S05,P330,111,0,28,83,49,1
2026-09-23,S05,P401,0,0,0,0,21,3
2026-09-23,S05,P402,37,0,13,24,30,3
2026-09-23,S05,P403,43,0,18,25,39,1
2026-09-23,S05,P404,0,0,0,0,21,3
2026-09-23,S05,P405,55,55,10,45,21,3
2026-09-23,S05,P406,52,0,15,37,31,1
2026-09-23,S05,P407,83,0,16,67,30,1
2026-09-23,S05,P442,102,92,25,77,53,3
2026-09-23,S05,P501,9,0,7,2,13,4
2026-09-23,S05,P502,30,0,5,25,14,3
2026-09-23,S05,P503,28,0,5,23,11,3
2026-09-23,S05,P504,73,0,11,62,24,1
2026-09-23,S05,P505,16,0,7,9,17,2
2026-09-23,S05,P601,20,0,6,14,13,2
2026-09-23,S05,P602,9,0,7,2,15,4
2026-09-23,S05,P603,28,0,8,20,19,1
2026-09-23,S05,P604,12,0,7,5,15,3
2026-09-23,S05,P605,9,0,4,5,11,2
2026-09-23,S05,P701,55,0,11,44,18,1
2026-09-23,S05,P702,56,0,16,40,25,1
2026-09-23,S05,P703,43,0,13,30,21,1
2026-09-23,S05,P704,42,0,15,27,25,1
2026-09-23,S05,P801,18,0,16,2,44,3
2026-09-23,S05,P802,62,0,20,42,32,3
2026-09-23,S05,P803,120,0,15,105,46,1
2026-09-23,S06,P101,0,0,0,0,86,4
2026-09-23,S06,P102,266,197,55,211,101,1
2026-09-23,S06,P103,206,0,56,150,142,2
2026-09-23,S06,P104,97,0,63,30,81,4
2026-09-23,S06,P105,0,0,0,0,98,4
2026-09-23,S06,P106,234,0,66,168,117,3
2026-09-23,S06,P201,205,0,39,166,88,1
2026-09-23,S06,P202,97,0,34,63,65,3
2026-09-23,S06,P203,208,191,38,170,60,2
2026-09-23,S06,P204,137,0,56,81,108,2
2026-09-23,S06,P205,97,97,17,80,29,4
2026-09-23,S06,P206,155,0,47,108,87,4
2026-09-23,S06,P207,210,0,33,177,73,3
2026-09-23,S06,P301,171,0,37,134,96,1
2026-09-23,S06,P302,238,179,40,198,76,1
2026-09-23,S06,P303,173,173,58,115,81,3
2026-09-23,S06,P304,137,0,37,100,72,2
2026-09-23,S06,P305,213,0,51,162,90,1
2026-09-23,S06,P306,105,0,38,67,82,3
2026-09-23,S06,P330,286,249,47,239,85,2
2026-09-23,S06,P401,85,0,19,66,48,1
2026-09-23,S06,P402,137,124,15,122,34,2
2026-09-23,S06,P403,63,0,17,46,42,2
2026-09-23,S06,P404,106,106,24,82,51,3
2026-09-23,S06,P405,94,0,23,71,60,4
2026-09-23,S06,P406,44,0,17,27,34,3
2026-09-23,S06,P407,50,0,25,25,41,3
2026-09-23,S06,P442,194,0,46,148,88,2
2026-09-23,S06,P501,28,0,11,17,25,3
2026-09-23,S06,P502,97,80,16,81,38,2
2026-09-23,S06,P503,68,0,17,51,34,2
2026-09-23,S06,P504,24,0,8,16,20,3
2026-09-23,S06,P505,2,0,2,0,27,3
2026-09-23,S06,P601,25,0,9,16,18,1
2026-09-23,S06,P602,37,0,15,22,33,2
2026-09-23,S06,P603,20,0,10,10,24,3
2026-09-23,S06,P604,38,0,7,31,19,1
2026-09-23,S06,P605,21,0,17,4,31,3
2026-09-23,S06,P701,49,0,9,40,20,1
2026-09-23,S06,P702,84,0,24,60,37,3
2026-09-23,S06,P703,76,0,18,58,32,1
2026-09-23,S06,P704,41,0,14,27,29,2
2026-09-23,S06,P801,108,0,23,85,53,1
2026-09-23,S06,P802,219,174,45,174,76,1
2026-09-23,S06,P803,149,0,22,127,53,4
2026-09-24,S01,P101,176,0,53,123,121,3
2026-09-24,S01,P102,181,0,52,129,98,2
2026-09-24,S01,P103,147,0,81,66,164,4
2026-09-24,S01,P104,97,0,56,39,143,3
2026-09-24,S01,P105,337,337,69,268,124,4
2026-09-24,S01,P106,381,368,53,328,126,3
2026-09-24,S01,P201,162,0,66,96,89,3
2026-09-24,S01,P202,508,396,84,424,150,1
2026-09-24,S01,P203,61,0,61,0,159,3
2026-09-24,S01,P204,203,0,57,146,117,3
2026-09-24,S01,P205,65,0,13,52,27,1
2026-09-24,S01,P206,87,0,56,31,92,3
2026-09-24,S01,P207,32,0,32,0,111,3
2026-09-24,S01,P301,305,240,51,254,139,2
2026-09-24,S01,P302,219,0,73,146,106,2
2026-09-24,S01,P303,158,0,56,102,109,3
2026-09-24,S01,P304,37,0,37,0,74,3
2026-09-24,S01,P305,48,0,44,4,76,2
2026-09-24,S01,P306,120,0,42,78,83,1
2026-09-24,S01,P330,169,0,34,135,93,4
2026-09-24,S01,P401,125,0,29,96,71,2
2026-09-24,S01,P402,68,0,25,43,46,2
2026-09-24,S01,P403,63,0,20,43,46,3
2026-09-24,S01,P404,0,0,0,0,61,4
2026-09-24,S01,P405,113,113,21,92,43,4
2026-09-24,S01,P406,53,0,21,32,71,4
2026-09-24,S01,P407,179,0,23,156,55,1
2026-09-24,S01,P442,328,0,42,286,132,3
2026-09-24,S01,P501,20,0,20,0,41,3
2026-09-24,S01,P502,78,64,14,64,28,1
2026-09-24,S01,P503,75,0,16,59,40,1
2026-09-24,S01,P504,56,0,15,44,30,3
2026-09-24,S01,P505,31,0,17,14,37,4
2026-09-24,S01,P601,88,0,13,75,32,2
2026-09-24,S01,P602,38,0,18,20,37,2
2026-09-24,S01,P603,91,91,17,74,36,4
2026-09-24,S01,P604,30,0,10,20,23,2
2026-09-24,S01,P605,42,0,17,25,33,1
2026-09-24,S01,P701,26,0,12,14,36,2
2026-09-24,S01,P702,79,0,30,49,53,4
2026-09-24,S01,P703,156,111,20,136,47,1
2026-09-24,S01,P704,68,0,12,56,33,3
2026-09-24,S01,P801,138,0,28,110,60,4
2026-09-24,S01,P802,246,0,47,199,90,2
2026-09-24,S01,P803,85,0,39,46,59,2
2026-09-24,S02,P101,477,0,123,354,333,3
2026-09-24,S02,P102,707,0,181,526,347,1
2026-09-24,S02,P103,1225,935,145,1080,334,1
2026-09-24,S02,P104,460,0,117,343,268,1
2026-09-24,S02,P105,898,898,155,743,300,3
2026-09-24,S02,P106,684,0,105,579,294,2
2026-09-24,S02,P201,856,0,154,702,283,1
2026-09-24,S02,P202,658,0,80,578,316,1
2026-09-24,S02,P203,804,0,167,637,255,1
2026-09-24,S02,P204,3,0,3,0,215,4
2026-09-24,S02,P205,171,0,56,115,116,2
2026-09-24,S02,P206,536,0,126,408,196,3
2026-09-24,S02,P207,416,0,129,287,307,1
2026-09-24,S02,P301,578,425,96,482,177,1
2026-09-24,S02,P302,642,0,158,484,326,2
2026-09-24,S02,P303,596,0,119,477,224,1
2026-09-24,S02,P304,1009,819,152,857,325,1
2026-09-24,S02,P305,834,834,143,691,329,4
2026-09-24,S02,P306,254,0,98,156,214,4
2026-09-24,S02,P330,399,0,143,256,277,3
2026-09-24,S02,P401,108,0,61,45,111,3
2026-09-24,S02,P402,110,0,43,67,103,2
2026-09-24,S02,P403,0,0,0,0,114,4
2026-09-24,S02,P404,308,0,57,251,136,3
2026-09-24,S02,P405,252,0,79,173,164,3
2026-09-24,S02,P406,118,0,73,45,151,4
2026-09-24,S02,P407,562,498,69,493,189,2
2026-09-24,S02,P442,441,0,120,321,238,2
2026-09-24,S02,P501,237,0,42,195,80,4
2026-09-24,S02,P502,85,0,46,39,126,4
2026-09-24,S02,P503,49,0,44,5,106,3
2026-09-24,S02,P504,107,0,36,71,72,1
2026-09-24,S02,P505,104,0,42,62,73,4
2026-09-24,S02,P601,129,0,41,88,61,1
2026-09-24,S02,P602,270,202,43,227,99,1
2026-09-24,S02,P603,96,0,55,41,77,1
2026-09-24,S02,P604,104,0,47,57,84,4
2026-09-24,S02,P605,116,0,30,86,56,3
2026-09-24,S02,P701,249,0,34,215,101,2
2026-09-24,S02,P702,124,0,34,90,82,2
2026-09-24,S02,P703,57,0,32,25,78,2
2026-09-24,S02,P704,308,236,47,261,80,1
2026-09-24,S02,P801,115,0,75,40,134,3
2026-09-24,S02,P802,283,0,70,213,129,3
2026-09-24,S02,P803,253,0,99,154,194,2
2026-09-24,S03,P101,93,0,33,60,68,2
2026-09-24,S03,P102,79,0,50,29,93,2
2026-09-24,S03,P103,164,0,51,113,83,4
2026-09-24,S03,P104,120,0,25,95,63,1
2026-09-24,S03,P105,46,0,27,19,63,2
2026-09-24,S03,P106,108,0,37,71,84,4
2026-09-24,S03,P201,0,0,0,0,83,4
2026-09-24,S03,P202,60,0,60,0,75,4
2026-09-24,S03,P203,20,0,20,0,40,3
2026-09-24,S03,P204,58,0,42,16,89,2
2026-09-24,S03,P205,18,0,7,11,22,4
2026-09-24,S03,P206,16,0,16,0,67,4
2026-09-24,S03,P207,99,0,45,54,83,3
2026-09-24,S03,P301,165,0,24,141,59,1
2026-09-24,S03,P302,156,0,27,129,65,2
2026-09-24,S03,P303,127,0,37,90,86,3
2026-09-24,S03,P304,192,178,41,151,51,2
2026-09-24,S03,P305,205,0,34,171,81,1
2026-09-24,S03,P306,191,175,40,151,75,3
2026-09-24,S03,P330,121,0,30,91,66,1
2026-09-24,S03,P401,57,0,17,40,34,4
2026-09-24,S03,P402,94,94,14,80,33,4
2026-09-24,S03,P403,114,0,22,92,33,1
2026-09-24,S03,P404,19,0,12,7,23,2
2026-09-24,S03,P405,74,0,11,63,27,1
2026-09-24,S03,P406,105,101,17,88,35,3
2026-09-24,S03,P407,46,0,18,28,32,2
2026-09-24,S03,P442,82,0,48,34,72,1
2026-09-24,S03,P501,58,55,9,49,14,2
2026-09-24,S03,P502,25,0,15,10,22,4
2026-09-24,S03,P503,18,0,10,8,24,3
2026-09-24,S03,P504,19,0,8,11,16,4
2026-09-24,S03,P505,22,0,4,18,17,2
2026-09-24,S03,P601,73,62,5,68,18,1
2026-09-24,S03,P602,46,0,6,40,16,1
2026-09-24,S03,P603,27,0,5,22,13,4
2026-09-24,S03,P604,31,0,7,24,24,4
2026-09-24,S03,P605,0,0,0,0,19,4
2026-09-24,S03,P701,11,0,9,2,18,3
2026-09-24,S03,P702,23,0,9,14,17,4
2026-09-24,S03,P703,23,0,10,13,17,4
2026-09-24,S03,P704,62,0,13,49,26,1
2026-09-24,S03,P801,112,88,25,87,41,1
2026-09-24,S03,P802,67,0,18,49,36,3
2026-09-24,S03,P803,102,0,19,83,43,3
2026-09-24,S04,P101,106,0,41,65,95,4
2026-09-24,S04,P102,142,0,49,93,113,3
2026-09-24,S04,P103,2,0,2,0,105,4
2026-09-24,S04,P104,29,0,29,0,114,4
2026-09-24,S04,P105,94,0,74,20,145,3
2026-09-24,S04,P106,207,0,45,162,101,1
2026-09-24,S04,P201,202,0,49,153,96,1
2026-09-24,S04,P202,307,307,64,243,98,4
2026-09-24,S04,P203,132,0,58,74,99,3
2026-09-24,S04,P204,145,0,62,83,110,3
2026-09-24,S04,P205,82,82,16,66,27,4
2026-09-24,S04,P206,0,0,0,0,83,4
2026-09-24,S04,P207,62,0,62,0,114,4
2026-09-24,S04,P301,155,155,24,131,62,3
2026-09-24,S04,P302,172,0,38,134,85,1
2026-09-24,S04,P303,163,0,62,101,90,3
2026-09-24,S04,P304,83,0,37,46,79,2
2026-09-24,S04,P305,175,0,43,132,78,4
2026-09-24,S04,P306,204,0,61,143,127,3
2026-09-24,S04,P330,172,0,25,147,86,4
2026-09-24,S04,P401,120,0,28,92,73,1
2026-09-24,S04,P402,140,0,28,112,64,1
2026-09-24,S04,P403,92,0,19,73,44,1
2026-09-24,S04,P404,59,0,42,17,56,3
2026-09-24,S04,P405,79,0,22,57,53,2
2026-09-24,S04,P406,123,109,23,100,46,2
2026-09-24,S04,P407,44,0,32,12,57,3
2026-09-24,S04,P442,135,0,41,94,64,2
2026-09-24,S04,P501,93,0,13,80,29,2
2026-09-24,S04,P502,15,0,12,3,32,3
2026-09-24,S04,P503,76,74,13,63,34,2
2026-09-24,S04,P504,32,0,11,21,28,1
2026-09-24,S04,P505,40,0,12,28,25,1
2026-09-24,S04,P601,56,0,9,47,38,3
2026-09-24,S04,P602,93,0,14,79,30,1
2026-09-24,S04,P603,69,0,10,59,26,1
2026-09-24,S04,P604,35,0,19,16,25,1
2026-09-24,S04,P605,33,0,15,18,34,4
2026-09-24,S04,P701,106,89,23,83,41,2
2026-09-24,S04,P702,40,0,14,26,31,4
2026-09-24,S04,P703,85,0,18,67,45,3
2026-09-24,S04,P704,46,0,14,32,26,1
2026-09-24,S04,P801,178,178,47,131,64,3
2026-09-24,S04,P802,25,0,23,2,55,3
2026-09-24,S04,P803,74,0,26,48,38,3
2026-09-24,S05,P101,197,197,51,146,92,3
2026-09-24,S05,P102,148,148,26,122,72,3
2026-09-24,S05,P103,144,0,34,110,76,2
2026-09-24,S05,P104,85,0,26,59,56,1
2026-09-24,S05,P105,170,0,40,130,63,4
2026-09-24,S05,P106,6,0,6,0,69,3
2026-09-24,S05,P201,92,0,32,60,51,4
2026-09-24,S05,P202,49,0,26,23,69,3
2026-09-24,S05,P203,178,0,42,136,80,2
2026-09-24,S05,P204,96,0,32,64,60,2
2026-09-24,S05,P205,30,0,13,17,19,4
2026-09-24,S05,P206,84,0,23,61,50,2
2026-09-24,S05,P207,94,0,22,72,55,4
2026-09-24,S05,P301,60,0,25,35,63,2
2026-09-24,S05,P302,155,155,25,130,70,3
2026-09-24,S05,P303,111,0,37,74,73,3
2026-09-24,S05,P304,57,0,26,31,53,3
2026-09-24,S05,P305,95,83,24,71,45,2
2026-09-24,S05,P306,110,0,37,73,64,2
2026-09-24,S05,P330,83,0,22,61,49,1
2026-09-24,S05,P401,53,53,11,42,21,3
2026-09-24,S05,P402,24,0,15,9,30,3
2026-09-24,S05,P403,121,96,20,101,39,1
2026-09-24,S05,P404,64,64,9,55,21,3
2026-09-24,S05,P405,45,0,10,35,21,3
2026-09-24,S05,P406,37,0,15,22,31,1
2026-09-24,S05,P407,67,0,20,47,30,1
2026-09-24,S05,P442,77,0,27,50,53,3
2026-09-24,S05,P501,2,0,2,0,13,4
2026-09-24,S05,P502,25,0,8,17,14,3
2026-09-24,S05,P503,23,0,7,16,11,3
2026-09-24,S05,P504,62,0,7,55,24,1
2026-09-24,S05,P505,55,46,10,45,17,2
2026-09-24,S05,P601,14,0,7,7,13,2
2026-09-24,S05,P602,2,0,2,0,15,4
2026-09-24,S05,P603,20,0,8,12,19,1
2026-09-24,S05,P604,5,0,5,0,15,3
2026-09-24,S05,P605,39,34,6,33,11,2
2026-09-24,S05,P701,44,0,9,35,18,1
2026-09-24,S05,P702,40,0,13,27,25,1
2026-09-24,S05,P703,30,0,11,19,21,1
2026-09-24,S05,P704,27,0,12,15,25,1
2026-09-24,S05,P801,103,101,25,78,44,3
2026-09-24,S05,P802,42,0,12,30,32,3
2026-09-24,S05,P803,105,0,23,82,46,1
2026-09-24,S06,P101,146,146,28,118,86,4
2026-09-24,S06,P102,211,0,42,169,101,1
2026-09-24,S06,P103,150,0,71,79,142,2
2026-09-24,S06,P104,34,0,34,0,81,4
2026-09-24,S06,P105,234,234,41,193,98,4
2026-09-24,S06,P106,168,0,55,113,117,3
2026-09-24,S06,P201,166,0,29,137,88,1
2026-09-24,S06,P202,63,0,25,38,65,3
2026-09-24,S06,P203,170,0,31,139,60,2
2026-09-24,S06,P204,81,0,50,31,108,2
2026-09-24,S06,P205,80,0,15,65,29,4
2026-09-24,S06,P206,108,0,47,66,87,4
2026-09-24,S06,P207,177,0,45,132,73,3
2026-09-24,S06,P301,134,0,38,96,96,1
2026-09-24,S06,P302,198,0,39,159,76,1
2026-09-24,S06,P303,115,0,46,69,81,3
2026-09-24,S06,P304,100,0,34,66,72,2
2026-09-24,S06,P305,162,0,54,108,90,1
2026-09-24,S06,P306,67,0,32,35,82,3
2026-09-24,S06,P330,239,0,38,201,85,2
2026-09-24,S06,P401,66,0,16,50,48,1
2026-09-24,S06,P402,122,0,22,100,34,2
2026-09-24,S06,P403,46,0,18,28,42,2
2026-09-24,S06,P404,82,0,22,60,51,3
2026-09-24,S06,P405,71,0,27,44,60,4
2026-09-24,S06,P406,27,0,15,12,34,3
2026-09-24,S06,P407,25,0,16,9,41,3
2026-09-24,S06,P442,148,0,35,113,88,2
2026-09-24,S06,P501,17,0,12,5,25,3
2026-09-24,S06,P502,81,0,16,65,38,2
2026-09-24,S06,P503,51,0,16,35,34,2
2026-09-24,S06,P504,16,0,11,5,20,3
2026-09-24,S06,P505,66,66,13,53,27,3
2026-09-24,S06,P601,63,47,9,54,18,1
2026-09-24,S06,P602,22,0,11,11,33,2
2026-09-24,S06,P603,10,0,10,0,24,3
2026-09-24,S06,P604,31,0,9,22,19,1
2026-09-24,S06,P605,90,86,11,79,31,3
2026-09-24,S06,P701,40,0,10,30,20,1
2026-09-24,S06,P702,60,0,13,47,37,3
2026-09-24,S06,P703,58,0,18,40,32,1
2026-09-24,S06,P704,27,0,10,17,29,2
2026-09-24,S06,P801,85,0,28,57,53,1
2026-09-24,S06,P802,174,0,37,137,76,1
2026-09-24,S06,P803,127,0,31,96,53,4
2026-09-25,S01,P101,123,0,47,76,121,3
2026-09-25,S01,P102,129,0,57,72,98,2
2026-09-25,S01,P103,66,0,66,0,164,4
2026-09-25,S01,P104,320,279,50,270,143,3
2026-09-25,S01,P105,268,0,68,200,124,4
2026-09-25,S01,P106,328,0,71,257,126,3
2026-09-25,S01,P201,96,0,42,54,89,3
2026-09-25,S01,P202,424,0,53,371,150,1
2026-09-25,S01,P203,287,287,63,224,159,3
2026-09-25,S01,P204,146,0,49,97,117,3
2026-09-25,S01,P205,52,0,10,42,27,1
2026-09-25,S01,P206,31,0,31,0,92,3
2026-09-25,S01,P207,324,324,40,284,111,3
2026-09-25,S01,P301,254,0,48,206,139,2
2026-09-25,S01,P302,146,0,50,96,106,2
2026-09-25,S01,P303,102,0,69,33,109,3
2026-09-25,S01,P304,0,0,0,0,74,3
2026-09-25,S01,P305,269,265,51,218,76,2
2026-09-25,S01,P306,257,179,31,226,83,1
2026-09-25,S01,P330,135,0,35,100,93,4
2026-09-25,S01,P401,96,0,41,55,71,2
2026-09-25,S01,P402,43,0,20,23,46,2
2026-09-25,S01,P403,43,0,23,20,46,3
2026-09-25,S01,P404,181,181,22,159,61,4
2026-09-25,S01,P405,92,0,23,69,43,4
2026-09-25,S01,P406,32,0,32,0,71,4
2026-09-25,S01,P407,156,0,32,124,55,1
2026-09-25,S01,P442,286,0,58,228,132,3
2026-09-25,S01,P501,95,95,24,71,41,3
2026-09-25,S01,P502,64,0,11,53,28,1
2026-09-25,S01,P503,59,0,22,37,40,1
2026-09-25,S01,P504,41,0,17,24,30,3
2026-09-25,S01,P505,14,0,14,0,37,4
2026-09-25,S01,P601,75,0,12,63,32,2
2026-09-25,S01,P602,20,0,13,7,37,2
2026-09-25,S01,P603,74,0,17,57,36,4
2026-09-25,S01,P604,20,0,10,10,23,2
2026-09-25,S01,P605,109,84,21,88,33,1
2026-09-25,S01,P701,129,115,16,113,36,2
2026-09-25,S01,P702,49,0,25,24,53,4
2026-09-25,S01,P703,136,0,30,106,47,1
2026-09-25,S01,P704,56,0,15,41,33,3
2026-09-25,S01,P801,110,0,26,84,60,4
2026-09-25,S01,P802,199,0,56,143,90,2
2026-09-25,S01,P803,46,0,21,25,59,2
2026-09-25,S02,P101,354,0,182,172,333,3
2026-09-25,S02,P102,526,0,155,371,347,1
2026-09-25,S02,P103,1080,0,194,886,334,1
2026-09-25,S02,P104,343,0,177,166,268,1
2026-09-25,S02,P105,743,0,171,572,300,3
2026-09-25,S02,P106,579,0,132,447,294,2
2026-09-25,S02,P201,702,0,206,496,283,1
2026-09-25,S02,P202,578,0,115,463,316,1
2026-09-25,S02,P203,637,0,149,488,255,1
2026-09-25,S02,P204,436,436,106,326,215,4
2026-09-25,S02,P205,115,0,47,68,116,2
2026-09-25,S02,P206,410,0,97,313,196,3
2026-09-25,S02,P207,965,678,194,771,307,1
2026-09-25,S02,P301,482,0,96,386,177,1
2026-09-25,S02,P302,484,0,146,338,326,2
2026-09-25,S02,P303,477,0,88,389,224,1
2026-09-25,S02,P304,857,0,110,747,325,1
2026-09-25,S02,P305,691,0,181,510,329,4
2026-09-25,S02,P306,156,0,114,42,214,4
2026-09-25,S02,P330,256,0,179,77,277,3
2026-09-25,S02,P401,47,0,47,0,111,3
2026-09-25,S02,P402,67,0,48,19,103,2
2026-09-25,S02,P403,331,331,57,274,114,4
2026-09-25,S02,P404,251,0,51,200,136,3
2026-09-25,S02,P405,173,0,69,104,164,3
2026-09-25,S02,P406,45,0,45,0,151,4
2026-09-25,S02,P407,493,0,61,432,189,2
2026-09-25,S02,P442,321,0,89,232,238,2
2026-09-25,S02,P501,195,0,35,160,80,4
2026-09-25,S02,P502,39,0,39,0,126,4
2026-09-25,S02,P503,245,240,42,203,106,3
2026-09-25,S02,P504,238,167,30,208,72,1
2026-09-25,S02,P505,62,0,30,32,73,4
2026-09-25,S02,P601,88,0,29,59,61,1
2026-09-25,S02,P602,227,0,44,183,99,1
2026-09-25,S02,P603,243,202,49,194,77,1
2026-09-25,S02,P604,57,0,53,4,84,4
2026-09-25,S02,P605,86,0,25,61,56,3
2026-09-25,S02,P701,215,0,45,170,101,2
2026-09-25,S02,P702,90,0,37,53,82,2
2026-09-25,S02,P703,247,222,37,210,78,2
2026-09-25,S02,P704,261,0,40,221,80,1
2026-09-25,S02,P801,40,0,40,0,134,3
2026-09-25,S02,P802,213,0,69,144,129,3
2026-09-25,S02,P803,154,0,73,81,194,2
2026-09-25,S03,P101,60,0,29,31,68,2
2026-09-25,S03,P102,292,263,38,254,93,2
2026-09-25,S03,P103,113,0,37,76,83,4
2026-09-25,S03,P104,95,0,29,66,63,1
2026-09-25,S03,P105,156,137,30,126,63,2
2026-09-25,S03,P106,71,0,39,32,84,4
2026-09-25,S03,P201,190,190,51,139,83,4
2026-09-25,S03,P202,0,0,0,0,75,4
2026-09-25,S03,P203,0,0,0,0,40,3
2026-09-25,S03,P204,253,237,33,220,89,2
2026-09-25,S03,P205,11,0,6,5,22,4
2026-09-25,S03,P206,0,0,0,0,67,4
2026-09-25,S03,P207,54,0,38,16,83,3
2026-09-25,S03,P301,141,0,35,106,59,1
2026-09-25,S03,P302,129,0,30,99,65,2
2026-09-25,S03,P303,90,0,36,54,86,3
2026-09-25,S03,P304,151,0,23,128,51,2
2026-09-25,S03,P305,171,0,28,143,81,1
2026-09-25,S03,P306,151,0,37,114,75,3
2026-09-25,S03,P330,91,0,20,71,66,1
2026-09-25,S03,P401,40,0,17,23,34,4
2026-09-25,S03,P402,80,0,11,69,33,4
2026-09-25,S03,P403,92,0,16,76,33,1
2026-09-25,S03,P404,84,77,15,69,23,2
2026-09-25,S03,P405,63,0,9,54,27,1
2026-09-25,S03,P406,88,0,15,73,35,3
2026-09-25,S03,P407,28,0,11,17,32,2
2026-09-25,S03,P442,232,198,34,198,72,1
2026-09-25,S03,P501,49,0,7,42,14,2
2026-09-25,S03,P502,10,0,8,2,22,4
2026-09-25,S03,P503,8,0,8,0,24,3
2026-09-25,S03,P504,11,0,8,3,16,4
2026-09-25,S03,P505,18,0,8,10,17,2
2026-09-25,S03,P601,68,0,9,59,18,1
2026-09-25,S03,P602,40,0,8,32,16,1
2026-09-25,S03,P603,22,0,7,15,13,4
2026-09-25,S03,P604,24,0,9,15,24,4
2026-09-25,S03,P605,48,48,9,39,19,4
2026-09-25,S03,P701,2,0,2,0,18,3
2026-09-25,S03,P702,14,0,9,5,17,4
2026-09-25,S03,P703,13,0,9,4,17,4
2026-09-25,S03,P704,49,0,14,35,26,1
2026-09-25,S03,P801,87,0,18,69,41,1
2026-09-25,S03,P802,49,0,18,31,36,3
2026-09-25,S03,P803,83,0,25,58,43,3
2026-09-25,S04,P101,65,0,45,20,95,4
2026-09-25,S04,P102,93,0,49,44,113,3
2026-09-25,S04,P103,0,0,0,0,105,4
2026-09-25,S04,P104,0,0,0,0,114,4
2026-09-25,S04,P105,20,0,20,0,145,3
2026-09-25,S04,P106,162,0,52,110,101,1
2026-09-25,S04,P201,153,0,60,93,96,1
2026-09-25,S04,P202,243,0,62,181,98,4
2026-09-25,S04,P203,74,0,55,19,99,3
2026-09-25,S04,P204,83,0,65,18,110,3
2026-09-25,S04,P205,66,0,10,54,27,4
2026-09-25,S04,P206,0,0,0,0,83,4
2026-09-25,S04,P207,0,0,0,0,114,4
2026-09-25,S04,P301,131,0,26,105,62,3
2026-09-25,S04,P302,134,0,34,100,85,1
2026-09-25,S04,P303,101,0,43,58,90,3
2026-09-25,S04,P304,46,0,34,12,79,2
2026-09-25,S04,P305,132,0,46,86,78,4
2026-09-25,S04,P306,143,0,44,99,127,3
2026-09-25,S04,P330,147,0,40,107,86,4
2026-09-25,S04,P401,92,0,37,55,73,1
2026-09-25,S04,P402,112,0,29,83,64,1
2026-09-25,S04,P403,73,0,26,47,44,1
2026-09-25,S04,P404,17,0,17,0,56,3
2026-09-25,S04,P405,57,0,25,32,53,2
2026-09-25,S04,P406,100,0,28,72,46,2
2026-09-25,S04,P407,12,0,12,0,57,3
2026-09-25,S04,P442,94,0,28,66,64,2
2026-09-25,S04,P501,80,0,13,67,29,2
2026-09-25,S04,P502,3,0,3,0,32,3
2026-09-25,S04,P503,63,0,14,49,34,2
2026-09-25,S04,P504,74,53,12,62,28,1
2026-09-25,S04,P505,28,0,13,15,25,1
2026-09-25,S04,P601,47,0,18,29,38,3
2026-09-25,S04,P602,79,0,14,65,30,1
2026-09-25,S04,P603,59,0,10,49,26,1
2026-09-25,S04,P604,98,82,15,83,25,1
2026-09-25,S04,P605,18,0,15,3,34,4
2026-09-25,S04,P701,83,0,19,64,41,2
2026-09-25,S04,P702,26,0,18,8,31,4
2026-09-25,S04,P703,67,0,16,51,45,3
2026-09-25,S04,P704,32,0,7,25,26,1
2026-09-25,S04,P801,131,0,27,104,64,3
2026-09-25,S04,P802,127,125,31,96,55,3
2026-09-25,S04,P803,48,0,18,30,38,3
2026-09-25,S05,P101,146,0,53,93,92,3
2026-09-25,S05,P102,122,0,31,96,72,3
2026-09-25,S05,P103,110,0,27,83,76,2
2026-09-25,S05,P104,59,0,34,25,56,1
2026-09-25,S05,P105,130,0,31,99,63,4
2026-09-25,S05,P106,0,0,0,0,69,3
2026-09-25,S05,P201,60,0,26,34,51,4
2026-09-25,S05,P202,23,0,23,0,69,3
2026-09-25,S05,P203,136,0,37,99,80,2
2026-09-25,S05,P204,64,0,30,34,60,2
2026-09-25,S05,P205,17,0,9,8,19,4
2026-09-25,S05,P206,61,0,20,41,50,2
2026-09-25,S05,P207,72,0,20,52,55,4
2026-09-25,S05,P301,163,128,26,137,63,2
2026-09-25,S05,P302,130,0,33,97,70,3
2026-09-25,S05,P303,74,0,30,44,73,3
2026-09-25,S05,P304,31,0,25,6,53,3
2026-09-25,S05,P305,71,0,18,53,45,2
2026-09-25,S05,P306,73,0,39,34,64,2
2026-09-25,S05,P330,61,0,25,36,49,1
2026-09-25,S05,P401,42,0,11,31,21,3
2026-09-25,S05,P402,9,0,9,0,30,3
2026-09-25,S05,P403,101,0,16,85,39,1
2026-09-25,S05,P404,55,0,8,47,21,3
2026-09-25,S05,P405,35,0,11,24,21,3
2026-09-25,S05,P406,85,63,17,68,31,1
2026-09-25,S05,P407,47,0,12,35,30,1
2026-09-25,S05,P442,50,0,21,29,53,3
2026-09-25,S05,P501,0,0,0,0,13,4
2026-09-25,S05,P502,17,0,7,10,14,3
2026-09-25,S05,P503,16,0,7,9,11,3
2026-09-25,S05,P504,55,0,7,48,24,1
2026-09-25,S05,P505,45,0,8,37,17,2
2026-09-25,S05,P601,7,0,7,0,13,2
2026-09-25,S05,P602,0,0,0,0,15,4
2026-09-25,S05,P603,69,57,8,61,19,1
2026-09-25,S05,P604,46,46,8,38,15,3
2026-09-25,S05,P605,33,0,4,29,11,2
2026-09-25,S05,P701,35,0,9,26,18,1
2026-09-25,S05,P702,27,0,10,17,25,1
2026-09-25,S05,P703,76,57,7,69,21,1
2026-09-25,S05,P704,82,67,11,71,25,1
2026-09-25,S05,P801,78,0,17,61,44,3
2026-09-25,S05,P802,30,0,18,12,32,3
2026-09-25,S05,P803,82,0,21,61,46,1
2026-09-25,S06,P101,118,0,35,83,86,4
2026-09-25,S06,P102,169,0,51,118,101,1
2026-09-25,S06,P103,79,0,56,23,142,2
2026-09-25,S06,P104,0,0,0,0,81,4
2026-09-25,S06,P105,193,0,58,135,98,4
2026-09-25,S06,P106,113,0,61,52,117,3
2026-09-25,S06,P201,137,0,46,91,88,1
2026-09-25,S06,P202,38,0,29,9,65,3
2026-09-25,S06,P203,139,0,29,110,60,2
2026-09-25,S06,P204,276,245,45,231,108,2
2026-09-25,S06,P205,65,0,17,48,29,4
2026-09-25,S06,P206,61,0,39,22,87,4
2026-09-25,S06,P207,132,0,37,95,73,3
2026-09-25,S06,P301,96,0,36,60,96,1
2026-09-25,S06,P302,159,0,31,128,76,1
2026-09-25,S06,P303,69,0,24,45,81,3
2026-09-25,S06,P304,66,0,35,31,72,2
2026-09-25,S06,P305,108,0,38,70,90,1
2026-09-25,S06,P306,35,0,35,0,82,3
2026-09-25,S06,P330,201,0,68,133,85,2
2026-09-25,S06,P401,50,0,22,31,48,1
2026-09-25,S06,P402,100,0,18,82,34,2
2026-09-25,S06,P403,28,0,15,13,42,2
2026-09-25,S06,P404,60,0,25,35,51,3
2026-09-25,S06,P405,44,0,44,0,60,4
2026-09-25,S06,P406,12,0,12,0,34,3
2026-09-25,S06,P407,9,0,9,0,41,3
2026-09-25,S06,P442,113,0,40,73,88,2
2026-09-25,S06,P501,5,0,5,0,25,3
2026-09-25,S06,P502,65,0,18,47,38,2
2026-09-25,S06,P503,35,0,13,22,34,2
2026-09-25,S06,P504,5,0,5,0,20,3
2026-09-25,S06,P505,53,0,17,36,27,3
2026-09-25,S06,P601,54,0,8,46,18,1
2026-09-25,S06,P602,104,93,18,86,33,2
2026-09-25,S06,P603,63,63,11,52,24,3
2026-09-25,S06,P604,22,0,8,14,19,1
2026-09-25,S06,P605,79,0,13,66,31,3
2026-09-25,S06,P701,30,0,13,17,20,1
2026-09-25,S06,P702,47,0,16,31,37,3
2026-09-25,S06,P703,40,0,19,21,32,1
2026-09-25,S06,P704,74,57,11,63,29,2
2026-09-25,S06,P801,57,0,19,38,53,1
2026-09-25,S06,P802,137,0,36,101,76,1
2026-09-25,S06,P803,96,0,26,70,53,4
2026-09-26,S01,P101,76,0,58,18,121,3
2026-09-26,S01,P102,72,0,60,10,98,2
2026-09-26,S01,P103,0,0,0,0,164,4
2026-09-26,S01,P104,270,0,95,175,143,3
2026-09-26,S01,P105,200,0,63,137,124,4
2026-09-26,S01,P106,257,0,78,179,126,3
2026-09-26,S01,P201,54,0,54,0,89,3
2026-09-26,S01,P202,371,0,68,303,150,1
2026-09-26,S01,P203,224,0,97,127,159,3
2026-09-26,S01,P204,97,0,85,12,117,3
2026-09-26,S01,P205,42,0,18,24,27,1
2026-09-26,S01,P206,230,230,74,156,92,3
2026-09-26,S01,P207,284,0,59,225,111,3
2026-09-26,S01,P301,206,0,64,145,139,2
2026-09-26,S01,P302,96,0,77,19,106,2
2026-09-26,S01,P303,33,0,33,0,109,3
2026-09-26,S01,P304,183,183,46,137,74,3
2026-09-26,S01,P305,218,0,49,169,76,2
2026-09-26,S01,P306,226,0,48,178,83,1
2026-09-26,S01,P330,100,0,71,29,93,4
2026-09-26,S01,P401,55,0,44,11,71,2
2026-09-26,S01,P402,142,119,27,115,46,2
2026-09-26,S01,P403,20,0,20,0,46,3
2026-09-26,S01,P404,159,0,33,126,61,4
2026-09-26,S01,P405,69,0,27,42,43,4
2026-09-26,S01,P406,0,0,0,0,71,4
2026-09-26,S01,P407,124,0,47,77,55,1
2026-09-26,S01,P442,228,0,67,161,132,3
2026-09-26,S01,P501,71,0,21,50,41,3
2026-09-26,S01,P502,53,0,17,36,28,1
2026-09-26,S01,P503,115,78,30,85,40,1
2026-09-26,S01,P504,24,0,24,0,30,3
2026-09-26,S01,P505,0,0,0,0,37,4
2026-09-26,S01,P601,63,0,21,42,32,2
2026-09-26,S01,P602,71,64,25,46,37,2
2026-09-26,S01,P603,57,0,20,37,36,4
2026-09-26,S01,P604,86,76,17,69,23,2
2026-09-26,S01,P605,88,0,20,68,33,1
2026-09-26,S01,P701,113,0,25,88,36,2
2026-09-26,S01,P702,24,0,24,0,53,4
2026-09-26,S01,P703,106,0,41,65,47,1
2026-09-26,S01,P704,41,0,17,24,33,3
2026-09-26,S01,P801,84,0,46,38,60,4
2026-09-26,S01,P802,143,0,83,60,90,2
2026-09-26,S01,P803,215,190,49,166,59,2
2026-09-26,S02,P101,172,0,172,0,333,3
2026-09-26,S02,P102,371,0,261,110,347,1
2026-09-26,S02,P103,886,0,217,669,334,1
2026-09-26,S02,P104,877,711,219,658,268,1
2026-09-26,S02,P105,572,0,199,373,300,3
2026-09-26,S02,P106,447,0,187,260,294,2
2026-09-26,S02,P201,496,0,170,326,283,1
2026-09-26,S02,P202,463,0,274,189,316,1
2026-09-26,S02,P203,488,0,256,232,255,1
2026-09-26,S02,P204,330,0,136,194,215,4
2026-09-26,S02,P205,297,229,68,229,116,2
2026-09-26,S02,P206,313,0,180,133,196,3
2026-09-26,S02,P207,771,0,269,502,307,1
2026-09-26,S02,P301,386,0,124,262,177,1
2026-09-26,S02,P302,338,0,215,123,326,2
2026-09-26,S02,P303,389,0,132,257,224,1
2026-09-26,S02,P304,747,0,177,570,325,1
2026-09-26,S02,P305,510,0,150,360,329,4
2026-09-26,S02,P306,42,0,42,0,214,4
2026-09-26,S02,P330,77,0,77,0,277,3
2026-09-26,S02,P401,266,266,73,193,111,3
2026-09-26,S02,P402,208,189,57,151,103,2
2026-09-26,S02,P403,274,0,71,203,114,4
2026-09-26,S02,P404,200,0,73,127,136,3
2026-09-26,S02,P405,104,0,93,11,164,3
2026-09-26,S02,P406,0,0,0,0,151,4
2026-09-26,S02,P407,432,0,115,317,189,2
2026-09-26,S02,P442,232,0,180,52,238,2
2026-09-26,S02,P501,160,0,60,100,80,4
2026-09-26,S02,P502,0,0,0,0,126,4
2026-09-26,S02,P503,203,0,59,144,106,3
2026-09-26,S02,P504,208,0,42,166,72,1
2026-09-26,S02,P505,32,0,32,0,73,4
2026-09-26,S02,P601,271,212,42,229,61,1
2026-09-26,S02,P602,183,0,58,125,99,1
2026-09-26,S02,P603,194,0,68,126,77,1
2026-09-26,S02,P604,4,0,4,0,84,4
2026-09-26,S02,P605,61,0,40,21,56,3
2026-09-26,S02,P701,170,0,57,113,101,2
2026-09-26,S02,P702,53,0,53,0,82,2
2026-09-26,S02,P703,210,0,81,129,78,2
2026-09-26,S02,P704,221,0,68,153,80,1
2026-09-26,S02,P801,396,396,97,299,134,3
2026-09-26,S02,P802,144,0,84,60,129,3
2026-09-26,S02,P803,499,418,107,392,194,2
2026-09-26,S03,P101,226,195,41,185,68,2
2026-09-26,S03,P102,254,0,62,192,93,2
2026-09-26,S03,P103,76,0,76,0,83,4
2026-09-26,S03,P104,66,0,50,16,63,1
2026-09-26,S03,P105,126,0,42,84,63,2
2026-09-26,S03,P106,32,0,32,0,84,4
2026-09-26,S03,P201,139,0,56,83,83,4
2026-09-26,S03,P202,0,0,0,0,75,4
2026-09-26,S03,P203,93,93,37,56,40,3
2026-09-26,S03,P204,220,0,64,156,89,2
2026-09-26,S03,P205,5,0,5,0,22,4
2026-09-26,S03,P206,191,191,46,145,67,4
2026-09-26,S03,P207,16,0,16,0,83,3
2026-09-26,S03,P301,106,0,29,77,59,1
2026-09-26,S03,P302,99,0,31,68,65,2
2026-09-26,S03,P303,54,0,45,7,86,3
2026-09-26,S03,P304,128,0,44,84,51,2
2026-09-26,S03,P305,143,0,42,101,81,1
2026-09-26,S03,P306,114,0,47,67,75,3
2026-09-26,S03,P330,71,0,45,26,66,1
2026-09-26,S03,P401,23,0,18,5,34,4
2026-09-26,S03,P402,69,0,16,53,33,4
2026-09-26,S03,P403,76,0,19,57,33,1
2026-09-26,S03,P404,69,0,15,54,23,2
2026-09-26,S03,P405,54,0,14,40,27,1
2026-09-26,S03,P406,73,0,28,45,35,3
2026-09-26,S03,P407,106,89,20,86,32,2
2026-09-26,S03,P442,198,0,52,146,72,1
2026-09-26,S03,P501,42,0,14,28,14,2
2026-09-26,S03,P502,2,0,2,0,22,4
2026-09-26,S03,P503,61,61,12,49,24,3
2026-09-26,S03,P504,3,0,3,0,16,4
2026-09-26,S03,P505,10,0,10,0,17,2
2026-09-26,S03,P601,59,0,10,49,18,1
2026-09-26,S03,P602,32,0,10,22,16,1
2026-09-26,S03,P603,15,0,6,9,13,4
2026-09-26,S03,P604,15,0,13,2,24,4
2026-09-26,S03,P605,39,0,12,27,19,4
2026-09-26,S03,P701,34,34,10,24,18,3
2026-09-26,S03,P702,5,0,5,0,17,4
2026-09-26,S03,P703,4,0,4,0,17,4
2026-09-26,S03,P704,35,0,17,18,26,1
2026-09-26,S03,P801,69,0,30,39,41,1
2026-09-26,S03,P802,31,0,24,7,36,3
2026-09-26,S03,P803,58,0,21,37,43,3
2026-09-26,S04,P101,20,0,20,0,95,4
2026-09-26,S04,P102,44,0,44,0,113,3
2026-09-26,S04,P103,329,329,57,272,105,4
2026-09-26,S04,P104,261,261,57,204,114,4
2026-09-26,S04,P105,414,414,87,327,145,3
2026-09-26,S04,P106,110,0,51,59,101,1
2026-09-26,S04,P201,359,266,41,318,96,1
2026-09-26,S04,P202,181,0,63,118,98,4
2026-09-26,S04,P203,19,0,19,0,99,3
2026-09-26,S04,P204,18,0,18,0,110,3
2026-09-26,S04,P205,56,0,20,36,27,4
2026-09-26,S04,P206,213,213,43,175,83,4
2026-09-26,S04,P207,0,0,0,0,114,4
2026-09-26,S04,P301,105,0,44,61,62,3
2026-09-26,S04,P302,100,0,46,54,85,1
2026-09-26,S04,P303,58,0,58,0,90,3
2026-09-26,S04,P304,235,223,39,196,79,2
2026-09-26,S04,P305,86,0,45,41,78,4
2026-09-26,S04,P306,99,0,77,22,127,3
2026-09-26,S04,P330,107,0,50,57,86,4
2026-09-26,S04,P401,213,158,41,172,73,1
2026-09-26,S04,P402,83,0,38,45,64,1
2026-09-26,S04,P403,47,0,17,30,44,1
2026-09-26,S04,P404,0,0,0,0,56,3
2026-09-26,S04,P405,32,0,31,1,53,2
2026-09-26,S04,P406,72,0,28,44,46,2
2026-09-26,S04,P407,144,144,32,112,57,3
2026-09-26,S04,P442,66,0,48,18,64,2
2026-09-26,S04,P501,67,0,35,32,29,2
2026-09-26,S04,P502,75,75,18,57,32,3
2026-09-26,S04,P503,49,0,25,24,34,2
2026-09-26,S04,P504,62,0,20,42,28,1
2026-09-26,S04,P505,85,70,14,71,25,1
2026-09-26,S04,P601,29,0,17,12,38,3
2026-09-26,S04,P602,65,0,29,36,30,1
2026-09-26,S04,P603,49,0,15,34,26,1
2026-09-26,S04,P604,83,0,16,65,25,1
2026-09-26,S04,P605,3,0,3,0,34,4
2026-09-26,S04,P701,64,0,25,39,41,2
2026-09-26,S04,P702,8,0,8,0,31,4
2026-09-26,S04,P703,51,0,28,23,45,3
2026-09-26,S04,P704,108,83,13,95,26,1
2026-09-26,S04,P801,104,0,52,52,64,3
2026-09-26,S04,P802,96,0,28,68,55,3
2026-09-26,S04,P803,30,0,30,0,38,3
2026-09-26,S05,P101,93,0,49,44,92,3
2026-09-26,S05,P102,91,0,48,48,72,3
2026-09-26,S05,P103,83,0,43,40,76,2
2026-09-26,S05,P104,151,126,28,123,56,1
2026-09-26,S05,P105,99,0,60,39,63,4
2026-09-26,S05,P106,181,181,48,133,69,3
2026-09-26,S05,P201,34,0,34,0,51,4
2026-09-26,S05,P202,208,208,31,182,69,3
2026-09-26,S05,P203,99,0,41,58,80,2
2026-09-26,S05,P204,34,0,34,0,60,2
2026-09-26,S05,P205,8,0,8,0,19,4
2026-09-26,S05,P206,41,0,25,16,50,2
2026-09-26,S05,P207,52,0,33,19,55,4
2026-09-26,S05,P301,137,0,45,92,63,2
2026-09-26,S05,P302,97,0,43,54,70,3
2026-09-26,S05,P303,44,0,44,0,73,3
2026-09-26,S05,P304,6,0,6,0,53,3
2026-09-26,S05,P305,53,0,25,28,45,2
2026-09-26,S05,P306,34,0,34,0,64,2
2026-09-26,S05,P330,158,122,35,123,49,1
2026-09-26,S05,P401,31,0,13,18,21,3
2026-09-26,S05,P402,72,72,16,56,30,3
2026-09-26,S05,P403,85,0,18,67,39,1
2026-09-26,S05,P404,47,0,13,34,21,3
2026-09-26,S05,P405,24,0,11,13,21,3
2026-09-26,S05,P406,68,0,22,46,31,1
2026-09-26,S05,P407,35,0,25,10,30,1
2026-09-26,S05,P442,29,0,29,0,53,3
2026-09-26,S05,P501,40,40,11,27,13,4
2026-09-26,S05,P502,10,0,10,0,14,3
2026-09-26,S05,P503,9,0,6,3,11,3
2026-09-26,S05,P504,48,0,12,36,24,1
2026-09-26,S05,P505,37,0,11,26,17,2
2026-09-26,S05,P601,44,44,10,34,13,2
2026-09-26,S05,P602,36,36,7,29,15,4
2026-09-26,S05,P603,61,0,11,50,19,1
2026-09-26,S05,P604,38,0,6,32,15,3
2026-09-26,S05,P605,29,0,7,22,11,2
2026-09-26,S05,P701,26,0,13,13,18,1
2026-09-26,S05,P702,75,58,16,59,25,1
2026-09-26,S05,P703,69,0,13,56,21,1
2026-09-26,S05,P704,71,0,15,56,25,1
2026-09-26,S05,P801,61,0,24,37,44,3
2026-09-26,S05,P802,12,0,12,0,32,3
2026-09-26,S05,P803,61,0,29,32,46,1
2026-09-26,S06,P101,83,0,41,42,86,4
2026-09-26,S06,P102,118,0,102,16,101,1
2026-09-26,S06,P103,300,277,68,232,142,2
2026-09-26,S06,P104,0,0,0,0,81,4
2026-09-26,S06,P105,135,0,68,67,98,4
2026-09-26,S06,P106,52,0,52,0,117,3
2026-09-26,S06,P201,91,0,55,32,88,1
2026-09-26,S06,P202,126,117,48,78,65,3
2026-09-26,S06,P203,110,0,33,77,60,2
2026-09-26,S06,P204,231,0,63,168,108,2
2026-09-26,S06,P205,48,0,17,31,29,4
2026-09-26,S06,P206,22,0,22,0,87,4
2026-09-26,S06,P207,95,0,53,42,73,3
2026-09-26,S06,P301,294,234,68,226,96,1
2026-09-26,S06,P302,128,0,49,79,76,1
2026-09-26,S06,P303,45,0,45,0,81,3
2026-09-26,S06,P304,210,179,48,162,72,2
2026-09-26,S06,P305,359,289,66,293,90,1
2026-09-26,S06,P306,201,201,50,151,82,3
2026-09-26,S06,P330,133,0,65,68,85,2
2026-09-26,S06,P401,158,130,22,136,48,1
2026-09-26,S06,P402,82,0,23,59,34,2
2026-09-26,S06,P403,112,99,38,70,42,2
2026-09-26,S06,P404,35,0,27,8,51,3
2026-09-26,S06,P405,0,0,0,0,60,4
2026-09-26,S06,P406,121,121,22,99,34,3
2026-09-26,S06,P407,116,116,23,93,41,3
2026-09-26,S06,P442,73,0,43,30,88,2
2026-09-26,S06,P501,76,76,14,62,25,3
2026-09-26,S06,P502,47,0,23,24,38,2
2026-09-26,S06,P503,22,0,22,0,34,2
2026-09-26,S06,P504,62,62,11,51,20,3
2026-09-26,S06,P505,36,0,16,20,27,3
2026-09-26,S06,P601,46,0,12,34,18,1
2026-09-26,S06,P602,86,0,17,69,33,2
2026-09-26,S06,P603,52,0,17,35,24,3
2026-09-26,S06,P604,64,50,14,50,19,1
2026-09-26,S06,P605,66,0,20,51,31,3
2026-09-26,S06,P701,65,48,14,51,20,1
2026-09-26,S06,P702,31,0,18,13,37,3
2026-09-26,S06,P703,91,70,21,70,32,1
2026-09-26,S06,P704,63,0,16,47,29,2
2026-09-26,S06,P801,199,161,31,168,53,1
2026-09-26,S06,P802,101,0,46,55,76,1
2026-09-26,S06,P803,70,0,31,39,53,4
2026-09-27,S01,P101,18,0,18,0,121,3
2026-09-27,S01,P102,297,285,90,207,98,2
2026-09-27,S01,P103,355,355,98,257,164,4
2026-09-27,S01,P104,175,0,80,95,143,3
2026-09-27,S01,P105,137,0,125,10,124,4
2026-09-27,S01,P106,179,0,115,64,126,3
2026-09-27,S01,P201,0,0,0,0,89,3
2026-09-27,S01,P202,303,0,79,224,150,1
2026-09-27,S01,P203,127,0,80,47,159,3
2026-09-27,S01,P204,12,0,12,0,117,3
2026-09-27,S01,P205,93,69,14,79,27,1
2026-09-27,S01,P206,156,0,72,84,92,3
2026-09-27,S01,P207,225,0,78,147,111,3
2026-09-27,S01,P301,142,0,96,46,139,2
2026-09-27,S01,P302,384,365,108,276,106,2
2026-09-27,S01,P303,294,294,53,241,109,3
2026-09-27,S01,P304,137,0,53,84,74,3
2026-09-27,S01,P305,169,0,40,129,76,2
2026-09-27,S01,P306,178,0,42,136,83,1
2026-09-27,S01,P330,29,0,29,0,93,4
2026-09-27,S01,P401,168,157,39,129,71,2
2026-09-27,S01,P402,115,0,24,91,46,2
2026-09-27,S01,P403,143,143,34,109,46,3
2026-09-27,S01,P404,126,0,45,81,61,4
2026-09-27,S01,P405,42,0,26,16,43,4
2026-09-27,S01,P406,180,180,52,128,71,4
2026-09-27,S01,P407,77,0,54,23,55,1
2026-09-27,S01,P442,161,0,68,93,132,3
2026-09-27,S01,P501,50,0,25,25,41,3
2026-09-27,S01,P502,36,0,24,12,28,1
2026-09-27,S01,P503,85,0,20,65,40,1
2026-09-27,S01,P504,0,0,0,0,30,3
2026-09-27,S01,P505,94,94,22,72,37,4
2026-09-27,S01,P601,42,0,16,26,32,2
2026-09-27,S01,P602,46,0,21,25,37,2
2026-09-27,S01,P603,37,0,16,21,36,4
2026-09-27,S01,P604,69,0,12,57,23,2
2026-09-27,S01,P605,68,0,22,46,33,1
2026-09-27,S01,P701,88,0,20,68,36,2
2026-09-27,S01,P702,0,0,0,0,53,4
2026-09-27,S01,P703,65,0,29,36,47,1
2026-09-27,S01,P704,24,0,20,4,33,3
2026-09-27,S01,P801,38,0,35,3,60,4
2026-09-27,S01,P802,60,0,60,0,90,2
2026-09-27,S01,P803,166,0,44,122,59,2
2026-09-27,S02,P101,0,0,0,0,333,3
2026-09-27,S02,P102,829,719,260,569,347,1
2026-09-27,S02,P103,669,0,194,475,334,1
2026-09-27,S02,P104,658,0,199,459,268,1
2026-09-27,S02,P105,373,0,207,166,300,3
2026-09-27,S02,P106,260,0,205,55,294,2
2026-09-27,S02,P201,326,0,197,129,283,1
2026-09-27,S02,P202,1047,858,290,757,316,1
2026-09-27,S02,P203,1185,953,225,960,255,1
2026-09-27,S02,P204,194,0,146,48,215,4
2026-09-27,S02,P205,229,0,68,161,116,2
2026-09-27,S02,P206,133,0,133,0,196,3
2026-09-27,S02,P207,502,0,207,295,307,1
2026-09-27,S02,P301,262,0,137,125,177,1
2026-09-27,S02,P302,123,0,123,0,326,2
2026-09-27,S02,P303,257,0,133,124,224,1
2026-09-27,S02,P304,570,0,186,384,325,1
2026-09-27,S02,P305,360,0,176,184,329,4
2026-09-27,S02,P306,0,0,0,0,214,4
2026-09-27,S02,P330,1040,1040,238,802,277,3
2026-09-27,S02,P401,193,0,80,113,111,3
2026-09-27,S02,P402,151,0,64,87,103,2
2026-09-27,S02,P403,203,0,56,147,114,4
2026-09-27,S02,P404,127,0,70,57,136,3
2026-09-27,S02,P405,11,0,11,0,164,3
2026-09-27,S02,P406,452,452,85,367,151,4
2026-09-27,S02,P407,317,0,96,221,189,2
2026-09-27,S02,P442,673,621,139,534,238,2
2026-09-27,S02,P501,100,0,52,48,80,4
2026-09-27,S02,P502,271,271,69,202,126,4
2026-09-27,S02,P503,144,0,48,96,106,3
2026-09-27,S02,P504,166,0,35,131,72,1
2026-09-27,S02,P505,0,0,0,0,73,4
2026-09-27,S02,P601,229,0,39,190,61,1
2026-09-27,S02,P602,125,0,42,83,99,1
2026-09-27,S02,P603,126,0,46,80,77,1
2026-09-27,S02,P604,0,0,0,0,84,4
2026-09-27,S02,P605,21,0,21,0,56,3
2026-09-27,S02,P701,113,0,56,57,101,2
2026-09-27,S02,P702,163,163,63,100,82,2
2026-09-27,S02,P703,129,0,48,81,78,2
2026-09-27,S02,P704,153,0,66,87,80,1
2026-09-27,S02,P801,299,0,84,215,134,3
2026-09-27,S02,P802,60,0,60,0,129,3
2026-09-27,S02,P803,392,0,91,301,194,2
2026-09-27,S03,P101,185,0,62,123,68,2
2026-09-27,S03,P102,192,0,60,132,93,2
2026-09-27,S03,P103,0,0,0,0,83,4
2026-09-27,S03,P104,217,201,46,171,63,1
2026-09-27,S03,P105,84,0,43,41,63,2
2026-09-27,S03,P106,0,0,0,0,84,4
2026-09-27,S03,P201,83,0,47,36,83,4
2026-09-27,S03,P202,176,176,44,132,75,4
2026-09-27,S03,P203,56,0,31,25,40,3
2026-09-27,S03,P204,156,0,76,80,89,2
2026-09-27,S03,P205,61,61,10,51,22,4
2026-09-27,S03,P206,145,0,37,108,67,4
2026-09-27,S03,P207,144,144,46,98,83,3
2026-09-27,S03,P301,77,0,38,39,59,1
2026-09-27,S03,P302,68,0,37,31,65,2
2026-09-27,S03,P303,9,0,9,0,86,3
2026-09-27,S03,P304,84,0,56,28,51,2
2026-09-27,S03,P305,101,0,68,33,81,1
2026-09-27,S03,P306,67,0,50,17,75,3
2026-09-27,S03,P330,190,164,42,148,66,1
2026-09-27,S03,P401,5,0,5,0,34,4
2026-09-27,S03,P402,53,0,16,37,33,4
2026-09-27,S03,P403,57,0,20,37,33,1
2026-09-27,S03,P404,54,0,21,33,23,2
2026-09-27,S03,P405,40,0,13,27,27,1
2026-09-27,S03,P406,45,0,22,23,35,3
2026-09-27,S03,P407,86,0,20,66,32,2
2026-09-27,S03,P442,146,0,48,98,72,1
2026-09-27,S03,P501,28,0,15,13,14,2
2026-09-27,S03,P502,0,0,0,0,22,4
2026-09-27,S03,P503,49,0,14,35,24,3
2026-09-27,S03,P504,0,0,0,0,16,4
2026-09-27,S03,P505,35,35,8,27,17,2
2026-09-27,S03,P601,49,0,12,37,18,1
2026-09-27,S03,P602,22,0,13,9,16,1
2026-09-27,S03,P603,9,0,9,0,13,4
2026-09-27,S03,P604,2,0,2,0,24,4
2026-09-27,S03,P605,27,0,19,8,19,4
2026-09-27,S03,P701,24,0,13,11,18,3
2026-09-27,S03,P702,0,0,0,0,17,4
2026-09-27,S03,P703,0,0,0,0,17,4
2026-09-27,S03,P704,97,79,18,79,26,1
2026-09-27,S03,P801,156,117,24,132,41,1
2026-09-27,S03,P802,7,0,7,0,36,3
2026-09-27,S03,P803,37,0,25,10,43,3
2026-09-27,S04,P101,0,0,0,0,95,4
2026-09-27,S04,P102,286,286,92,194,113,3
2026-09-27,S04,P103,272,0,103,169,105,4
2026-09-27,S04,P104,204,0,82,122,114,4
2026-09-27,S04,P105,327,0,104,223,145,3
2026-09-27,S04,P106,315,256,69,246,101,1
2026-09-27,S04,P201,318,0,71,247,96,1
2026-09-27,S04,P202,118,0,95,23,98,4
2026-09-27,S04,P203,211,211,92,119,99,3
2026-09-27,S04,P204,345,345,91,254,110,3
2026-09-27,S04,P205,36,0,17,19,27,4
2026-09-27,S04,P206,170,0,61,109,83,4
2026-09-27,S04,P207,312,312,96,216,114,4
2026-09-27,S04,P301,61,0,52,9,62,3
2026-09-27,S04,P302,265,211,49,216,85,1
2026-09-27,S04,P303,0,0,0,0,90,3
2026-09-27,S04,P304,196,0,56,140,79,2
2026-09-27,S04,P305,41,0,41,0,78,4
2026-09-27,S04,P306,22,0,22,0,127,3
2026-09-27,S04,P330,57,0,55,2,86,4
2026-09-27,S04,P401,172,0,36,136,73,1
2026-09-27,S04,P402,206,161,38,168,64,1
2026-09-27,S04,P403,119,89,25,99,44,1
2026-09-27,S04,P404,111,111,35,76,56,3
2026-09-27,S04,P405,163,162,35,128,53,2
2026-09-27,S04,P406,44,0,39,5,46,2
2026-09-27,S04,P407,112,0,42,70,57,3
2026-09-27,S04,P442,18,0,18,0,64,2
2026-09-27,S04,P501,32,0,27,5,29,2
2026-09-27,S04,P502,57,0,24,33,32,3
2026-09-27,S04,P503,24,0,15,12,34,2
2026-09-27,S04,P504,42,0,20,22,28,1
2026-09-27,S04,P505,71,0,24,47,25,1
2026-09-27,S04,P601,12,0,12,0,38,3
2026-09-27,S04,P602,36,0,18,18,30,1
2026-09-27,S04,P603,34,0,18,16,26,1
2026-09-27,S04,P604,67,0,18,49,25,1
2026-09-27,S04,P605,91,91,20,71,34,4
2026-09-27,S04,P701,39,0,31,8,41,2
2026-09-27,S04,P702,0,0,0,0,31,4
2026-09-27,S04,P703,23,0,23,0,45,3
2026-09-27,S04,P704,95,0,15,80,26,1
2026-09-27,S04,P801,52,0,49,3,64,3
2026-09-27,S04,P802,68,0,30,38,55,3
2026-09-27,S04,P803,0,0,0,0,38,3
2026-09-27,S05,P101,44,0,40,4,92,3
2026-09-27,S05,P102,43,0,31,12,72,3
2026-09-27,S05,P103,40,0,40,0,76,2
2026-09-27,S05,P104,123,0,38,85,56,1
2026-09-27,S05,P105,39,0,39,0,63,4
2026-09-27,S05,P106,133,0,56,77,69,3
2026-09-27,S05,P201,0,0,0,0,51,4
2026-09-27,S05,P202,177,0,41,136,69,3
2026-09-27,S05,P203,58,0,44,14,80,2
2026-09-27,S05,P204,201,201,50,151,60,2
2026-09-27,S05,P205,0,0,0,0,19,4
2026-09-27,S05,P206,120,104,28,92,50,2
2026-09-27,S05,P207,19,0,19,0,55,4
2026-09-27,S05,P301,92,0,38,54,63,2
2026-09-27,S05,P302,54,0,33,21,70,3
2026-09-27,S05,P303,0,0,0,0,73,3
2026-09-27,S05,P304,179,179,43,136,53,3
2026-09-27,S05,P305,28,0,25,3,45,2
2026-09-27,S05,P306,194,194,46,148,64,2
2026-09-27,S05,P330,123,0,40,83,49,1
2026-09-27,S05,P401,18,0,12,6,21,3
2026-09-27,S05,P402,56,0,20,36,30,3
2026-09-27,S05,P403,67,0,19,48,39,1
2026-09-27,S05,P404,34,0,21,13,21,3
2026-09-27,S05,P405,13,0,13,0,21,3
2026-09-27,S05,P406,46,0,18,28,31,1
2026-09-27,S05,P407,107,97,23,84,30,1
2026-09-27,S05,P442,121,121,39,82,53,3
2026-09-27,S05,P501,29,0,10,15,13,4
2026-09-27,S05,P502,0,0,0,0,14,3
2026-09-27,S05,P503,3,0,3,0,11,3
2026-09-27,S05,P504,36,0,12,24,24,1
2026-09-27,S05,P505,26,0,12,14,17,2
2026-09-27,S05,P601,34,0,8,26,13,2
2026-09-27,S05,P602,29,0,7,22,15,4
2026-09-27,S05,P603,50,0,9,41,19,1
2026-09-27,S05,P604,32,0,9,23,15,3
2026-09-27,S05,P605,22,0,8,14,11,2
2026-09-27,S05,P701,80,67,12,68,18,1
2026-09-27,S05,P702,59,0,18,41,25,1
2026-09-27,S05,P703,56,0,12,44,21,1
2026-09-27,S05,P704,56,0,14,42,25,1
2026-09-27,S05,P801,37,0,24,13,44,3
2026-09-27,S05,P802,66,66,19,47,32,3
2026-09-27,S05,P803,177,145,26,151,46,1
2026-09-27,S06,P101,42,0,42,0,86,4
2026-09-27,S06,P102,315,299,66,249,101,1
2026-09-27,S06,P103,232,0,90,142,142,2
2026-09-27,S06,P104,187,187,62,125,81,4
2026-09-27,S06,P105,67,0,67,0,98,4
2026-09-27,S06,P106,228,228,83,145,117,3
2026-09-27,S06,P201,234,198,57,173,88,1
2026-09-27,S06,P202,78,0,48,30,65,3
2026-09-27,S06,P203,77,0,57,20,60,2
2026-09-27,S06,P204,168,0,62,106,108,2
2026-09-27,S06,P205,31,0,17,19,29,4
2026-09-27,S06,P206,0,0,0,0,87,4
2026-09-27,S06,P207,42,0,42,0,73,3
2026-09-27,S06,P301,226,0,44,182,96,1
2026-09-27,S06,P302,79,0,59,20,76,1
2026-09-27,S06,P303,272,272,79,193,81,3
2026-09-27,S06,P304,162,0,55,107,72,2
2026-09-27,S06,P305,293,0,53,240,90,1
2026-09-27,S06,P306,151,0,49,102,82,3
2026-09-27,S06,P330,68,0,68,0,85,2
2026-09-27,S06,P401,136,0,27,109,48,1
2026-09-27,S06,P402,59,0,23,36,34,2
2026-09-27,S06,P403,74,0,27,47,42,2
2026-09-27,S06,P404,8,0,8,0,51,3
2026-09-27,S06,P405,0,0,0,0,60,4
2026-09-27,S06,P406,99,0,27,72,34,3
2026-09-27,S06,P407,93,0,18,75,41,3
2026-09-27,S06,P442,187,157,69,118,88,2
2026-09-27,S06,P501,62,0,14,48,25,3
2026-09-27,S06,P502,24,0,24,0,38,2
2026-09-27,S06,P503,71,71,23,48,34,2
2026-09-27,S06,P504,51,0,12,39,20,3
2026-09-27,S06,P505,20,0,19,1,27,3
2026-09-27,S06,P601,34,0,11,23,18,1
2026-09-27,S06,P602,69,0,15,54,33,2
2026-09-27,S06,P603,35,0,14,21,24,3
2026-09-27,S06,P604,50,0,9,41,19,1
2026-09-27,S06,P605,46,0,16,30,31,3
2026-09-27,S06,P701,51,0,13,38,20,1
2026-09-27,S06,P702,13,0,13,0,37,3
2026-09-27,S06,P703,70,0,29,41,32,1
2026-09-27,S06,P704,47,0,21,26,29,2
2026-09-27,S06,P801,168,0,31,137,53,1
2026-09-27,S06,P802,195,140,43,152,76,1
2026-09-27,S06,P803,39,0,33,6,53,4
2026-09-28,S01,P101,230,230,44,186,121,3
2026-09-28,S01,P102,207,0,67,140,98,2
2026-09-28,S01,P103,257,0,64,193,164,4
2026-09-28,S01,P104,95,0,39,56,143,3
2026-09-28,S01,P105,12,0,12,0,124,4
2026-09-28,S01,P106,64,0,51,13,126,3
2026-09-28,S01,P201,191,191,46,145,89,3
2026-09-28,S01,P202,224,0,70,154,150,1
2026-09-28,S01,P203,47,0,47,0,159,3
2026-09-28,S01,P204,285,285,55,230,117,3
2026-09-28,S01,P205,79,0,12,67,27,1
2026-09-28,S01,P206,84,0,29,55,92,3
2026-09-28,S01,P207,147,0,33,114,111,3
2026-09-28,S01,P301,46,0,28,18,139,2
2026-09-28,S01,P302,276,0,40,236,106,2
2026-09-28,S01,P303,241,0,40,199,109,3
2026-09-28,S01,P304,84,0,35,49,74,3
2026-09-28,S01,P305,129,0,41,88,76,2
2026-09-28,S01,P306,136,0,34,102,83,1
2026-09-28,S01,P330,0,0,0,0,93,4
2026-09-28,S01,P401,129,0,31,98,71,2
2026-09-28,S01,P402,91,0,21,70,46,2
2026-09-28,S01,P403,109,0,28,81,46,3
2026-09-28,S01,P404,81,0,26,55,61,4
2026-09-28,S01,P405,16,0,16,0,43,4
2026-09-28,S01,P406,128,0,27,101,71,4
2026-09-28,S01,P407,220,197,17,203,55,1
2026-09-28,S01,P442,93,0,55,38,132,3
2026-09-28,S01,P501,25,0,14,11,41,3
2026-09-28,S01,P502,76,64,10,66,28,1
2026-09-28,S01,P503,65,0,17,48,40,1
2026-09-28,S01,P504,73,73,16,57,30,3
2026-09-28,S01,P505,72,0,15,57,37,4
2026-09-28,S01,P601,26,0,12,14,32,2
2026-09-28,S01,P602,25,0,13,12,37,2
2026-09-28,S01,P603,21,0,10,11,36,4
2026-09-28,S01,P604,57,0,12,45,23,2
2026-09-28,S01,P605,46,0,13,33,33,1
2026-09-28,S01,P701,68,0,12,56,36,2
2026-09-28,S01,P702,89,89,14,75,53,4
2026-09-28,S01,P703,182,146,19,163,47,1
2026-09-28,S01,P704,4,0,4,0,33,3
2026-09-28,S01,P801,3,0,3,0,60,4
2026-09-28,S01,P802,290,290,22,268,90,2
2026-09-28,S01,P803,122,0,22,98,59,2
2026-09-28,S02,P101,727,727,143,584,333,3
2026-09-28,S02,P102,569,0,180,389,347,1
2026-09-28,S02,P103,475,0,83,392,334,1
2026-09-28,S02,P104,459,0,130,329,268,1
2026-09-28,S02,P105,166,0,161,5,300,3
2026-09-28,S02,P106,728,673,133,600,294,2
2026-09-28,S02,P201,883,754,138,745,283,1
2026-09-28,S02,P202,757,0,84,673,316,1
2026-09-28,S02,P203,960,0,125,835,255,1
2026-09-28,S02,P204,48,0,48,0,215,4
2026-09-28,S02,P205,161,0,42,119,116,2
2026-09-28,S02,P206,0,0,0,0,196,3
2026-09-28,S02,P207,1058,763,194,864,307,1
2026-09-28,S02,P301,522,397,85,437,177,1
2026-09-28,S02,P302,674,674,141,533,326,2
2026-09-28,S02,P303,761,637,127,634,224,1
2026-09-28,S02,P304,384,0,101,283,325,1
2026-09-28,S02,P305,184,0,125,59,329,4
2026-09-28,S02,P306,762,762,79,683,214,4
2026-09-28,S02,P330,802,0,152,650,277,3
2026-09-28,S02,P401,113,0,51,62,111,3
2026-09-28,S02,P402,87,0,35,52,103,2
2026-09-28,S02,P403,147,0,47,100,114,4
2026-09-28,S02,P404,57,0,44,13,136,3
2026-09-28,S02,P405,366,366,40,326,164,3
2026-09-28,S02,P406,367,0,82,285,151,4
2026-09-28,S02,P407,221,0,49,172,189,2
2026-09-28,S02,P442,534,0,84,450,238,2
2026-09-28,S02,P501,48,0,30,18,80,4
2026-09-28,S02,P502,202,0,34,168,126,4
2026-09-28,S02,P503,96,0,42,54,106,3
2026-09-28,S02,P504,131,0,24,107,72,1
2026-09-28,S02,P505,152,152,28,124,73,4
2026-09-28,S02,P601,190,0,34,156,61,1
2026-09-28,S02,P602,286,203,31,255,99,1
2026-09-28,S02,P603,80,0,12,68,77,1
2026-09-28,S02,P604,221,221,36,185,84,4
2026-09-28,S02,P605,0,0,0,0,56,3
2026-09-28,S02,P701,57,0,45,12,101,2
2026-09-28,S02,P702,100,0,36,64,82,2
2026-09-28,S02,P703,81,0,30,51,78,2
2026-09-28,S02,P704,87,0,57,30,80,1
2026-09-28,S02,P801,215,0,69,146,134,3
2026-09-28,S02,P802,0,0,0,0,129,3
2026-09-28,S02,P803,301,0,68,233,194,2
2026-09-28,S03,P101,123,0,27,96,68,2
2026-09-28,S03,P102,132,0,33,99,93,2
2026-09-28,S03,P103,0,0,0,0,83,4
2026-09-28,S03,P104,171,0,33,138,63,1
2026-09-28,S03,P105,41,0,23,18,63,2
2026-09-28,S03,P106,202,202,42,160,84,4
2026-09-28,S03,P201,36,0,36,0,83,4
2026-09-28,S03,P202,132,0,36,96,75,4
2026-09-28,S03,P203,25,0,19,6,40,3
2026-09-28,S03,P204,80,0,41,39,89,2
2026-09-28,S03,P205,51,0,7,44,22,4
2026-09-28,S03,P206,108,0,34,74,67,4
2026-09-28,S03,P207,98,0,30,68,83,3
2026-09-28,S03,P301,136,97,20,116,59,1
2026-09-28,S03,P302,31,0,25,6,65,2
2026-09-28,S03,P303,234,234,30,204,86,3
2026-09-28,S03,P304,28,0,20,8,51,2
2026-09-28,S03,P305,177,144,33,144,81,1
2026-09-28,S03,P306,17,0,17,0,75,3
2026-09-28,S03,P330,148,0,30,118,66,1
2026-09-28,S03,P401,0,0,0,0,34,4
2026-09-28,S03,P402,37,0,9,28,33,4
2026-09-28,S03,P403,37,0,12,25,33,1
2026-09-28,S03,P404,33,0,13,20,23,2
2026-09-28,S03,P405,27,0,9,18,27,1
2026-09-28,S03,P406,23,0,13,10,35,3
2026-09-28,S03,P407,66,0,12,54,32,2
2026-09-28,S03,P442,98,0,22,76,72,1
2026-09-28,S03,P501,13,0,6,7,14,2
2026-09-28,S03,P502,46,46,10,36,22,4
2026-09-28,S03,P503,35,0,7,28,24,3
2026-09-28,S03,P504,55,55,7,48,16,4
2026-09-28,S03,P505,27,0,6,21,17,2
2026-09-28,S03,P601,37,0,10,27,18,1
2026-09-28,S03,P602,58,49,9,49,16,1
2026-09-28,S03,P603,0,0,0,0,13,4
2026-09-28,S03,P604,0,0,0,0,24,4
2026-09-28,S03,P605,8,0,8,0,19,4
2026-09-28,S03,P701,11,0,9,2,18,3
2026-09-28,S03,P702,40,40,9,31,17,4
2026-09-28,S03,P703,35,35,8,27,17,4
2026-09-28,S03,P704,79,0,15,64,26,1
2026-09-28,S03,P801,132,0,22,110,41,1
2026-09-28,S03,P802,115,115,16,99,36,3
2026-09-28,S03,P803,12,0,12,0,43,3
2026-09-28,S04,P101,257,257,43,214,95,4
2026-09-28,S04,P102,194,0,29,165,113,3
2026-09-28,S04,P103,169,0,48,121,105,4
2026-09-28,S04,P104,122,0,46,76,114,4
2026-09-28,S04,P105,223,0,61,162,145,3
2026-09-28,S04,P106,246,0,37,209,101,1
2026-09-28,S04,P201,247,0,52,195,96,1
2026-09-28,S04,P202,23,0,23,0,98,4
2026-09-28,S04,P203,119,0,40,79,99,3
2026-09-28,S04,P204,254,0,49,201,110,3
2026-09-28,S04,P205,19,0,13,6,27,4
2026-09-28,S04,P206,109,0,31,78,83,4
2026-09-28,S04,P207,216,0,57,159,114,4
2026-09-28,S04,P301,9,0,9,0,62,3
2026-09-28,S04,P302,216,0,26,190,85,1
2026-09-28,S04,P303,252,252,30,222,90,3
2026-09-28,S04,P304,140,0,50,90,79,2
2026-09-28,S04,P305,0,0,0,0,78,4
2026-09-28,S04,P306,356,356,32,324,127,3
2026-09-28,S04,P330,2,0,2,0,86,4
2026-09-28,S04,P401,136,0,28,108,73,1
2026-09-28,S04,P402,168,0,24,144,64,1
2026-09-28,S04,P403,94,0,12,82,44,1
2026-09-28,S04,P404,76,0,30,46,56,3
2026-09-28,S04,P405,128,0,23,105,53,2
2026-09-28,S04,P406,130,125,13,117,46,2
2026-09-28,S04,P407,70,0,21,49,57,3
2026-09-28,S04,P442,132,132,28,104,64,2
2026-09-28,S04,P501,5,0,5,0,29,2
2026-09-28,S04,P502,33,0,17,16,32,3
2026-09-28,S04,P503,87,78,12,75,34,2
2026-09-28,S04,P504,90,68,9,81,28,1
2026-09-28,S04,P505,47,0,5,42,25,1
2026-09-28,S04,P601,102,102,14,88,38,3
2026-09-28,S04,P602,111,93,13,98,30,1
2026-09-28,S04,P603,88,72,10,78,26,1
2026-09-28,S04,P604,49,0,9,40,25,1
2026-09-28,S04,P605,71,0,11,60,34,4
2026-09-28,S04,P701,107,99,19,88,41,2
2026-09-28,S04,P702,59,59,12,47,31,4
2026-09-28,S04,P703,0,0,0,0,45,3
2026-09-28,S04,P704,80,0,8,72,26,1
2026-09-28,S04,P801,3,0,3,0,64,3
2026-09-28,S04,P802,38,0,21,17,55,3
2026-09-28,S04,P803,98,98,20,78,38,3
2026-09-28,S05,P101,4,0,4,0,92,3
2026-09-28,S05,P102,12,0,12,0,72,3
2026-09-28,S05,P103,217,217,29,188,76,2
2026-09-28,S05,P104,85,0,37,48,56,1
2026-09-28,S05,P105,0,0,0,0,63,4
2026-09-28,S05,P106,77,0,37,40,69,3
2026-09-28,S05,P201,0,0,0,0,51,4
2026-09-28,S05,P202,136,0,37,99,69,3
2026-09-28,S05,P203,156,142,34,122,80,2
2026-09-28,S05,P204,151,0,28,123,60,2
2026-09-28,S05,P205,54,54,5,49,19,4
2026-09-28,S05,P206,92,0,23,69,50,2
2026-09-28,S05,P207,0,0,0,0,55,4
2026-09-28,S05,P301,54,0,25,29,63,2
2026-09-28,S05,P302,21,0,21,0,70,3
2026-09-28,S05,P303,171,171,37,134,73,3
2026-09-28,S05,P304,136,0,17,119,53,3
2026-09-28,S05,P305,124,121,19,105,45,2
2026-09-28,S05,P306,148,0,26,122,64,2
2026-09-28,S05,P330,83,0,25,58,49,1
2026-09-28,S05,P401,6,0,6,0,21,3
2026-09-28,S05,P402,36,0,9,27,30,3
2026-09-28,S05,P403,48,0,16,32,39,1
2026-09-28,S05,P404,13,0,8,5,21,3
2026-09-28,S05,P405,0,0,0,0,21,3
2026-09-28,S05,P406,81,53,15,66,31,1
2026-09-28,S05,P407,84,0,11,73,30,1
2026-09-28,S05,P442,82,0,28,54,53,3
2026-09-28,S05,P501,19,0,6,13,13,4
2026-09-28,S05,P502,47,47,7,40,14,3
2026-09-28,S05,P503,24,24,7,17,11,3
2026-09-28,S05,P504,24,0,9,15,24,1
2026-09-28,S05,P505,14,0,7,7,17,2
2026-09-28,S05,P601,26,0,7,19,13,2
2026-09-28,S05,P602,22,0,7,15,15,4
2026-09-28,S05,P603,41,0,10,31,19,1
2026-09-28,S05,P604,23,0,6,17,15,3
2026-09-28,S05,P605,14,0,5,9,11,2
2026-09-28,S05,P701,68,0,9,59,18,1
2026-09-28,S05,P702,41,0,10,31,25,1
2026-09-28,S05,P703,44,0,9,35,21,1
2026-09-28,S05,P704,42,0,8,34,25,1
2026-09-28,S05,P801,13,0,12,1,44,3
2026-09-28,S05,P802,47,0,13,34,32,3
2026-09-28,S05,P803,151,0,27,124,46,1
2026-09-28,S06,P101,0,0,0,0,86,4
2026-09-28,S06,P102,249,0,51,198,101,1
2026-09-28,S06,P103,142,0,64,78,142,2
2026-09-28,S06,P104,125,0,41,84,81,4
2026-09-28,S06,P105,0,0,0,0,98,4
2026-09-28,S06,P106,145,0,42,103,117,3
2026-09-28,S06,P201,177,0,31,146,88,1
2026-09-28,S06,P202,30,0,27,3,65,3
2026-09-28,S06,P203,20,0,20,0,60,2
2026-09-28,S06,P204,106,0,39,67,108,2
2026-09-28,S06,P205,14,0,10,4,29,4
2026-09-28,S06,P206,266,266,29,237,87,4
2026-09-28,S06,P207,0,0,0,0,73,3
2026-09-28,S06,P301,182,0,30,152,96,1
2026-09-28,S06,P302,252,232,37,215,76,1
2026-09-28,S06,P303,193,0,45,148,81,3
2026-09-28,S06,P304,107,0,21,86,72,2
2026-09-28,S06,P305,240,0,33,207,90,1
2026-09-28,S06,P306,102,0,28,74,82,3
2026-09-28,S06,P330,287,287,38,249,85,2
2026-09-28,S06,P401,109,0,19,90,48,1
2026-09-28,S06,P402,36,0,20,16,34,2
2026-09-28,S06,P403,47,0,14,33,42,2
2026-09-28,S06,P404,150,150,27,123,51,3
2026-09-28,S06,P405,105,105,17,88,60,4
2026-09-28,S06,P406,72,0,18,54,34,3
2026-09-28,S06,P407,75,0,17,58,41,3
2026-09-28,S06,P442,118,0,32,86,88,2
2026-09-28,S06,P501,48,0,11,37,25,3
2026-09-28,S06,P502,93,93,18,75,38,2
2026-09-28,S06,P503,48,0,14,34,34,2
2026-09-28,S06,P504,39,0,8,31,20,3
2026-09-28,S06,P505,1,0,1,0,27,3
2026-09-28,S06,P601,23,0,5,18,18,1
2026-09-28,S06,P602,54,0,14,40,33,2
2026-09-28,S06,P603,21,0,8,13,24,3
2026-09-28,S06,P604,41,0,7,34,19,1
2026-09-28,S06,P605,30,0,9,21,31,3
2026-09-28,S06,P701,38,0,8,30,20,1
2026-09-28,S06,P702,72,72,15,57,37,3
2026-09-28,S06,P703,41,0,21,20,32,1
2026-09-28,S06,P704,26,0,11,15,29,2
2026-09-28,S06,P801,137,0,28,109,53,1
2026-09-28,S06,P802,152,0,31,121,76,1
2026-09-28,S06,P803,6,0,6,0,53,4
2026-09-29,S01,P101,186,0,59,127,121,3
2026-09-29,S01,P102,140,0,57,83,98,2
2026-09-29,S01,P103,193,0,71,122,164,4
2026-09-29,S01,P104,56,0,56,0,143,3
2026-09-29,S01,P105,0,0,0,0,124,4
2026-09-29,S01,P106,13,0,13,0,126,3
2026-09-29,S01,P201,145,0,53,92,89,3
2026-09-29,S01,P202,154,0,66,88,150,1
2026-09-29,S01,P203,397,397,54,343,159,3
2026-09-29,S01,P204,230,0,61,169,117,3
2026-09-29,S01,P205,67,0,12,55,27,1
2026-09-29,S01,P206,55,0,45,10,92,3
2026-09-29,S01,P207,114,0,44,70,111,3
2026-09-29,S01,P301,249,231,76,173,139,2
2026-09-29,S01,P302,236,0,53,183,106,2
2026-09-29,S01,P303,201,0,67,134,109,3
2026-09-29,S01,P304,49,0,33,16,74,3
2026-09-29,S01,P305,88,0,49,39,76,2
2026-09-29,S01,P306,102,0,42,60,83,1
2026-09-29,S01,P330,0,0,0,0,93,4
2026-09-29,S01,P401,98,0,28,70,71,2
2026-09-29,S01,P402,70,0,19,51,46,2
2026-09-29,S01,P403,81,0,34,47,46,3
2026-09-29,S01,P404,55,0,24,31,61,4
2026-09-29,S01,P405,0,0,0,0,43,4
2026-09-29,S01,P406,101,0,30,71,71,4
2026-09-29,S01,P407,203,0,29,174,55,1
2026-09-29,S01,P442,38,0,38,0,132,3
2026-09-29,S01,P501,11,0,11,0,41,3
2026-09-29,S01,P502,66,0,14,52,28,1
2026-09-29,S01,P503,48,0,19,29,40,1
2026-09-29,S01,P504,57,0,14,43,30,3
2026-09-29,S01,P505,57,0,20,37,37,4
2026-09-29,S01,P601,114,100,14,100,32,2
2026-09-29,S01,P602,79,67,15,64,37,2
2026-09-29,S01,P603,11,0,11,0,36,4
2026-09-29,S01,P604,45,0,12,33,23,2
2026-09-29,S01,P605,33,0,16,17,33,1
2026-09-29,S01,P701,56,0,17,39,36,2
2026-09-29,S01,P702,75,0,21,54,53,4
2026-09-29,S01,P703,163,0,18,145,47,1
2026-09-29,S01,P704,88,88,12,76,33,3
2026-09-29,S01,P801,0,0,0,0,60,4
2026-09-29,S01,P802,268,0,52,216,90,2
2026-09-29,S01,P803,100,0,37,63,59,2
2026-09-29,S02,P101,584,0,169,415,333,3
2026-09-29,S02,P102,389,0,242,147,347,1
2026-09-29,S02,P103,392,0,178,214,334,1
2026-09-29,S02,P104,329,0,169,160,268,1
2026-09-29,S02,P105,5,0,5,0,300,3
2026-09-29,S02,P106,595,0,184,411,294,2
2026-09-29,S02,P201,745,0,194,551,283,1
2026-09-29,S02,P202,673,0,105,568,316,1
2026-09-29,S02,P203,835,0,150,685,255,1
2026-09-29,S02,P204,0,0,0,0,215,4
2026-09-29,S02,P205,119,0,49,70,116,2
2026-09-29,S02,P206,505,505,130,375,196,3
2026-09-29,S02,P207,864,0,184,680,307,1
2026-09-29,S02,P301,437,0,95,342,177,1
2026-09-29,S02,P302,533,0,127,406,326,2
2026-09-29,S02,P303,634,0,95,539,224,1
2026-09-29,S02,P304,1061,778,178,883,325,1
2026-09-29,S02,P305,59,0,59,0,329,4
2026-09-29,S02,P306,683,0,119,564,214,4
2026-09-29,S02,P330,650,0,191,459,277,3
2026-09-29,S02,P401,62,0,55,7,111,3
2026-09-29,S02,P402,276,224,50,226,103,2
2026-09-29,S02,P403,100,0,67,33,114,4
2026-09-29,S02,P404,392,379,63,329,136,3
2026-09-29,S02,P405,326,0,56,270,164,3
2026-09-29,S02,P406,285,0,76,209,151,4
2026-09-29,S02,P407,172,0,87,85,189,2
2026-09-29,S02,P442,450,0,116,334,238,2
2026-09-29,S02,P501,18,0,18,0,80,4
2026-09-29,S02,P502,168,0,77,91,126,4
2026-09-29,S02,P503,54,0,34,20,106,3
2026-09-29,S02,P504,107,0,31,76,72,1
2026-09-29,S02,P505,124,0,30,94,73,4
2026-09-29,S02,P601,156,0,37,119,61,1
2026-09-29,S02,P602,255,0,36,219,99,1
2026-09-29,S02,P603,306,238,55,251,77,1
2026-09-29,S02,P604,185,0,50,135,84,4
2026-09-29,S02,P605,138,138,27,111,56,3
2026-09-29,S02,P701,259,247,37,222,101,2
2026-09-29,S02,P702,64,0,47,17,82,2
2026-09-29,S02,P703,51,0,40,11,78,2
2026-09-29,S02,P704,278,248,43,235,80,1
2026-09-29,S02,P801,146,0,47,99,134,3
2026-09-29,S02,P802,403,403,64,339,129,3
2026-09-29,S02,P803,233,0,71,162,194,2
2026-09-29,S03,P101,96,0,39,57,68,2
2026-09-29,S03,P102,99,0,46,53,93,2
2026-09-29,S03,P103,255,255,41,214,83,4
2026-09-29,S03,P104,138,0,33,105,63,1
2026-09-29,S03,P105,161,143,25,136,63,2
2026-09-29,S03,P106,160,0,34,126,84,4
2026-09-29,S03,P201,0,0,0,0,83,4
2026-09-29,S03,P202,96,0,34,62,75,4
2026-09-29,S03,P203,6,0,6,0,40,3
2026-09-29,S03,P204,195,156,42,153,89,2
2026-09-29,S03,P205,44,0,8,36,22,4
2026-09-29,S03,P206,74,0,26,48,67,4
2026-09-29,S03,P207,68,0,42,26,83,3
2026-09-29,S03,P301,116,0,27,89,59,1
2026-09-29,S03,P302,174,168,31,143,65,2
2026-09-29,S03,P303,204,0,27,177,86,3
2026-09-29,S03,P304,187,179,24,163,51,2
2026-09-29,S03,P305,144,0,38,106,81,1
2026-09-29,S03,P306,204,204,33,171,75,3
2026-09-29,S03,P330,118,0,35,88,66,1
2026-09-29,S03,P401,84,84,13,71,34,4
2026-09-29,S03,P402,28,0,16,12,33,4
2026-09-29,S03,P403,96,71,11,85,33,1
2026-09-29,S03,P404,20,0,10,10,23,2
2026-09-29,S03,P405,69,51,10,59,27,1
2026-09-29,S03,P406,10,0,10,0,35,3
2026-09-29,S03,P407,54,0,12,42,32,2
2026-09-29,S03,P442,76,0,37,39,72,1
2026-09-29,S03,P501,39,32,6,33,14,2
2026-09-29,S03,P502,36,0,10,26,22,4
2026-09-29,S03,P503,28,0,7,21,24,3
2026-09-29,S03,P504,48,0,9,39,16,4
2026-09-29,S03,P505,21,0,8,13,17,2
2026-09-29,S03,P601,27,0,10,17,18,1
2026-09-29,S03,P602,49,0,7,42,16,1
2026-09-29,S03,P603,0,0,0,0,13,4
2026-09-29,S03,P604,46,46,15,31,24,4
2026-09-29,S03,P605,0,0,0,0,19,4
2026-09-29,S03,P701,2,0,2,0,18,3
2026-09-29,S03,P702,31,0,9,22,17,4
2026-09-29,S03,P703,27,0,9,18,17,4
2026-09-29,S03,P704,64,0,12,52,26,1
2026-09-29,S03,P801,110,0,19,91,41,1
2026-09-29,S03,P802,99,0,18,81,36,3
2026-09-29,S03,P803,122,122,14,108,43,3
2026-09-29,S04,P101,214,0,53,161,95,4
2026-09-29,S04,P102,165,0,54,111,113,3
2026-09-29,S04,P103,121,0,64,57,105,4
2026-09-29,S04,P104,76,0,51,25,114,4
2026-09-29,S04,P105,162,0,78,84,145,3
2026-09-29,S04,P106,209,0,51,158,101,1
2026-09-29,S04,P201,195,0,53,142,96,1
2026-09-29,S04,P202,0,0,0,0,98,4
2026-09-29,S04,P203,79,0,54,25,99,3
2026-09-29,S04,P204,205,0,59,146,110,3
2026-09-29,S04,P205,6,0,6,0,27,4
2026-09-29,S04,P206,78,0,39,39,83,4
2026-09-29,S04,P207,159,0,67,92,114,4
2026-09-29,S04,P301,153,153,40,113,62,3
2026-09-29,S04,P302,190,0,37,153,85,1
2026-09-29,S04,P303,222,0,44,178,90,3
2026-09-29,S04,P304,90,0,53,37,79,2
2026-09-29,S04,P305,0,0,0,0,78,4
2026-09-29,S04,P306,324,0,79,245,127,3
2026-09-29,S04,P330,0,0,0,0,86,4
2026-09-29,S04,P401,108,0,23,85,73,1
2026-09-29,S04,P402,144,0,30,114,64,1
2026-09-29,S04,P403,82,0,24,58,44,1
2026-09-29,S04,P404,46,0,27,19,56,3
2026-09-29,S04,P405,105,0,15,90,53,2
2026-09-29,S04,P406,117,0,32,85,46,2
2026-09-29,S04,P407,49,0,27,22,57,3
2026-09-29,S04,P442,104,0,35,69,64,2
2026-09-29,S04,P501,81,81,14,67,29,2
2026-09-29,S04,P502,16,0,6,10,32,3
2026-09-29,S04,P503,75,0,17,58,34,2
2026-09-29,S04,P504,81,0,16,65,28,1
2026-09-29,S04,P505,42,0,9,33,25,1
2026-09-29,S04,P601,88,0,17,71,38,3
2026-09-29,S04,P602,98,0,10,88,30,1
2026-09-29,S04,P603,78,0,15,63,26,1
2026-09-29,S04,P604,40,0,17,23,25,1
2026-09-29,S04,P605,60,0,16,44,34,4
2026-09-29,S04,P701,88,0,18,70,41,2
2026-09-29,S04,P702,47,0,11,32,31,4
2026-09-29,S04,P703,116,116,17,99,45,3
2026-09-29,S04,P704,72,0,13,59,26,1
2026-09-29,S04,P801,183,183,36,147,64,3
2026-09-29,S04,P802,17,0,17,0,55,3
2026-09-29,S04,P803,78,0,20,58,38,3
2026-09-29,S05,P101,156,156,54,102,92,3
2026-09-29,S05,P102,147,147,44,103,72,3
2026-09-29,S05,P103,188,0,39,149,76,2
2026-09-29,S05,P104,175,127,32,143,56,1
2026-09-29,S05,P105,0,0,0,0,63,4
2026-09-29,S05,P106,40,0,40,0,69,3
2026-09-29,S05,P201,161,161,38,123,51,4
2026-09-29,S05,P202,99,0,41,58,69,3
2026-09-29,S05,P203,122,0,48,74,80,2
2026-09-29,S05,P204,123,0,46,77,60,2
2026-09-29,S05,P205,49,0,7,42,19,4
2026-09-29,S05,P206,69,0,33,36,50,2
2026-09-29,S05,P207,166,166,32,139,55,4
2026-09-29,S05,P301,184,155,26,158,63,2
2026-09-29,S05,P302,170,170,38,132,70,3
2026-09-29,S05,P303,134,0,31,103,73,3
2026-09-29,S05,P304,119,0,22,97,53,3
2026-09-29,S05,P305,105,0,18,87,45,2
2026-09-29,S05,P306,122,0,32,86,64,2
2026-09-29,S05,P330,58,0,31,27,49,1
2026-09-29,S05,P401,41,41,7,34,21,3
2026-09-29,S05,P402,27,0,13,14,30,3
2026-09-29,S05,P403,143,111,18,125,39,1
2026-09-29,S05,P404,5,0,5,0,21,3
2026-09-29,S05,P405,73,73,11,62,21,3
2026-09-29,S05,P406,66,0,14,52,31,1
2026-09-29,S05,P407,73,0,13,60,30,1
2026-09-29,S05,P442,54,0,26,28,53,3
2026-09-29,S05,P501,13,0,11,2,13,4
2026-09-29,S05,P502,40,0,6,34,14,3
2026-09-29,S05,P503,17,0,5,12,11,3
2026-09-29,S05,P504,66,51,9,57,24,1
2026-09-29,S05,P505,62,55,8,54,17,2
2026-09-29,S05,P601,19,0,7,12,13,2
2026-09-29,S05,P602,15,0,5,10,15,4
2026-09-29,S05,P603,31,0,9,22,19,1
2026-09-29,S05,P604,17,0,6,11,15,3
2026-09-29,S05,P605,9,0,4,5,11,2
2026-09-29,S05,P701,59,0,12,47,18,1
2026-09-29,S05,P702,31,0,15,16,25,1
2026-09-29,S05,P703,35,0,13,22,21,1
2026-09-29,S05,P704,34,0,12,22,25,1
2026-09-29,S05,P801,143,142,22,121,44,3
2026-09-29,S05,P802,34,0,19,15,32,3
2026-09-29,S05,P803,124,0,14,110,46,1
2026-09-29,S06,P101,189,189,41,148,86,4
2026-09-29,S06,P102,198,0,58,140,101,1
2026-09-29,S06,P103,78,0,78,0,142,2
2026-09-29,S06,P104,84,0,35,49,81,4
2026-09-29,S06,P105,0,0,0,0,98,4
2026-09-29,S06,P106,103,0,45,58,117,3
2026-09-29,S06,P201,146,0,50,96,88,1
2026-09-29,S06,P202,3,0,3,0,65,3
2026-09-29,S06,P203,166,166,23,143,60,2
2026-09-29,S06,P204,311,244,41,270,108,2
2026-09-29,S06,P205,4,0,4,0,29,4
2026-09-29,S06,P206,237,0,58,179,87,4
2026-09-29,S06,P207,165,165,39,126,73,3
2026-09-29,S06,P301,152,0,45,107,96,1
2026-09-29,S06,P302,215,0,33,182,76,1
2026-09-29,S06,P303,148,0,57,91,81,3
2026-09-29,S06,P304,86,0,33,53,72,2
2026-09-29,S06,P305,207,0,44,163,90,1
2026-09-29,S06,P306,74,0,40,34,82,3
2026-09-29,S06,P330,249,0,37,212,85,2
2026-09-29,S06,P401,90,0,19,71,48,1
2026-09-29,S06,P402,16,0,16,0,34,2
2026-09-29,S06,P403,33,0,23,10,42,2
2026-09-29,S06,P404,123,0,17,106,51,3
2026-09-29,S06,P405,88,0,26,62,60,4
2026-09-29,S06,P406,54,0,18,36,34,3
2026-09-29,S06,P407,58,0,22,36,41,3
2026-09-29,S06,P442,86,0,43,48,88,2
2026-09-29,S06,P501,37,0,12,25,25,3
2026-09-29,S06,P502,75,0,18,57,38,2
2026-09-29,S06,P503,34,0,21,13,34,2
2026-09-29,S06,P504,31,0,5,26,20,3
2026-09-29,S06,P505,91,91,14,77,27,3
2026-09-29,S06,P601,18,0,8,10,18,1
2026-09-29,S06,P602,40,0,15,25,33,2
2026-09-29,S06,P603,13,0,12,1,24,3
2026-09-29,S06,P604,34,0,9,25,19,1
2026-09-29,S06,P605,21,0,13,8,31,3
2026-09-29,S06,P701,30,0,8,22,20,1
2026-09-29,S06,P702,57,0,16,41,37,3
2026-09-29,S06,P703,125,105,17,108,32,1
2026-09-29,S06,P704,87,72,10,77,29,2
2026-09-29,S06,P801,109,0,24,85,53,1
2026-09-29,S06,P802,121,0,37,84,76,1
2026-09-29,S06,P803,0,0,0,0,53,4
2026-09-30,S01,P101,127,0,53,74,121,3
2026-09-30,S01,P102,83,0,51,32,98,2
2026-09-30,S01,P103,122,0,78,44,164,4
2026-09-30,S01,P104,305,305,56,249,143,3
2026-09-30,S01,P105,0,0,0,0,124,4
2026-09-30,S01,P106,266,266,61,205,126,3
2026-09-30,S01,P201,92,0,46,46,89,3
2026-09-30,S01,P202,538,450,63,475,150,1
2026-09-30,S01,P203,343,0,69,274,159,3
2026-09-30,S01,P204,169,0,49,120,117,3
2026-09-30,S01,P205,55,0,17,38,27,1
2026-09-30,S01,P206,206,196,57,149,92,3
2026-09-30,S01,P207,70,0,63,7,111,3
2026-09-30,S01,P301,173,0,65,108,139,2
2026-09-30,S01,P302,183,0,57,126,106,2
2026-09-30,S01,P303,134,0,53,81,109,3
2026-09-30,S01,P304,16,0,16,0,74,3
2026-09-30,S01,P305,39,0,39,0,76,2
2026-09-30,S01,P306,215,155,39,176,83,1
2026-09-30,S01,P330,228,228,43,185,93,4
2026-09-30,S01,P401,70,0,24,46,71,2
2026-09-30,S01,P402,51,0,24,27,46,2
2026-09-30,S01,P403,47,0,21,26,46,3
2026-09-30,S01,P404,31,0,31,0,61,4
2026-09-30,S01,P405,121,121,14,107,43,4
2026-09-30,S01,P406,71,0,36,35,71,4
2026-09-30,S01,P407,174,0,31,143,55,1
2026-09-30,S01,P442,374,374,57,317,132,3
2026-09-30,S01,P501,119,119,22,97,41,3
2026-09-30,S01,P502,52,0,8,44,28,1
2026-09-30,S01,P503,129,100,23,106,40,1
2026-09-30,S01,P504,43,0,15,28,30,3
2026-09-30,S01,P505,37,0,19,18,37,4
2026-09-30,S01,P601,100,0,9,91,32,2
2026-09-30,S01,P602,64,0,16,48,37,2
2026-09-30,S01,P603,0,0,0,0,36,4
2026-09-30,S01,P604,33,0,6,27,23,2
2026-09-30,S01,P605,105,88,14,91,33,1
2026-09-30,S01,P701,39,0,11,24,36,2
2026-09-30,S01,P702,54,0,23,31,53,4
2026-09-30,S01,P703,145,0,19,126,47,1
2026-09-30,S01,P704,76,0,12,64,33,3
2026-09-30,S01,P801,142,142,28,114,60,4
2026-09-30,S01,P802,216,0,37,179,90,2
2026-09-30,S01,P803,63,0,36,27,59,2
2026-09-30,S02,P101,415,0,161,254,333,3
2026-09-30,S02,P102,1266,1119,165,1101,347,1
2026-09-30,S02,P103,894,680,222,672,334,1
2026-09-30,S02,P104,839,679,125,714,268,1
2026-09-30,S02,P105,879,879,165,714,300,3
2026-09-30,S02,P106,411,0,150,261,294,2
2026-09-30,S02,P201,551,0,122,429,283,1
2026-09-30,S02,P202,568,0,151,417,316,1
2026-09-30,S02,P203,685,0,142,543,255,1
2026-09-30,S02,P204,473,473,89,384,215,4
2026-09-30,S02,P205,70,0,52,18,116,2
2026-09-30,S02,P206,375,0,93,282,196,3
2026-09-30,S02,P207,680,0,139,541,307,1
2026-09-30,S02,P301,342,0,75,267,177,1
2026-09-30,S02,P302,406,0,122,284,326,2
2026-09-30,S02,P303,539,0,107,432,224,1
2026-09-30,S02,P304,883,0,126,757,325,1
2026-09-30,S02,P305,0,0,0,0,329,4
2026-09-30,S02,P306,564,0,114,450,214,4
2026-09-30,S02,P330,459,0,195,264,277,3
2026-09-30,S02,P401,7,0,7,0,111,3
2026-09-30,S02,P402,226,0,37,189,103,2
2026-09-30,S02,P403,33,0,33,0,114,4
2026-09-30,S02,P404,329,0,57,272,136,3
2026-09-30,S02,P405,270,0,83,187,164,3
2026-09-30,S02,P406,209,0,83,126,151,4
2026-09-30,S02,P407,514,429,65,449,189,2
2026-09-30,S02,P442,334,0,117,217,238,2
2026-09-30,S02,P501,0,0,0,0,80,4
2026-09-30,S02,P502,91,0,67,24,126,4
2026-09-30,S02,P503,261,241,57,204,106,3
2026-09-30,S02,P504,76,0,29,47,72,1
2026-09-30,S02,P505,94,0,39,55,73,4
2026-09-30,S02,P601,119,0,33,86,61,1
2026-09-30,S02,P602,219,0,55,164,99,1
2026-09-30,S02,P603,251,0,34,217,77,1
2026-09-30,S02,P604,135,0,36,99,84,4
2026-09-30,S02,P605,111,0,27,84,56,3
2026-09-30,S02,P701,222,0,39,183,101,2
2026-09-30,S02,P702,260,243,36,224,82,2
2026-09-30,S02,P703,243,232,44,199,78,2
2026-09-30,S02,P704,235,0,29,206,80,1
2026-09-30,S02,P801,99,0,61,38,134,3
2026-09-30,S02,P802,339,0,55,284,129,3
2026-09-30,S02,P803,162,0,88,74,194,2
2026-09-30,S03,P101,57,0,26,31,68,2
2026-09-30,S03,P102,53,0,47,6,93,2
2026-09-30,S03,P103,214,0,47,167,83,4
2026-09-30,S03,P104,105,0,29,76,63,1
2026-09-30,S03,P105,136,0,39,97,63,2
2026-09-30,S03,P106,126,0,45,81,84,4
2026-09-30,S03,P201,0,0,0,0,83,4
2026-09-30,S03,P202,62,0,49,13,75,4
2026-09-30,S03,P203,90,90,21,69,40,3
2026-09-30,S03,P204,153,0,42,111,89,2
2026-09-30,S03,P205,36,0,7,29,22,4
2026-09-30,S03,P206,48,0,34,14,67,4
2026-09-30,S03,P207,26,0,26,0,83,3
2026-09-30,S03,P301,89,0,29,60,59,1
2026-09-30,S03,P302,143,0,22,121,65,2
2026-09-30,S03,P303,177,0,31,146,86,3
2026-09-30,S03,P304,163,0,31,132,51,2
2026-09-30,S03,P305,106,0,36,70,81,1
2026-09-30,S03,P306,171,0,36,135,75,3
2026-09-30,S03,P330,83,0,27,56,66,1
2026-09-30,S03,P401,71,0,14,57,34,4
2026-09-30,S03,P402,12,0,12,0,33,4
2026-09-30,S03,P403,85,0,14,76,33,1
2026-09-30,S03,P404,79,69,11,68,23,2
2026-09-30,S03,P405,59,0,12,47,27,1
2026-09-30,S03,P406,103,103,12,91,35,3
2026-09-30,S03,P407,42,0,16,26,32,2
2026-09-30,S03,P442,204,165,23,181,72,1
2026-09-30,S03,P501,33,0,8,25,14,2
2026-09-30,S03,P502,26,0,10,16,22,4
2026-09-30,S03,P503,21,0,11,10,24,3
2026-09-30,S03,P504,39,0,10,29,16,4
2026-09-30,S03,P505,13,0,6,7,17,2
2026-09-30,S03,P601,63,46,7,56,18,1
2026-09-30,S03,P602,42,0,11,31,16,1
2026-09-30,S03,P603,34,34,8,26,13,4
2026-09-30,S03,P604,31,0,10,21,24,4
2026-09-30,S03,P605,0,0,0,0,19,4
2026-09-30,S03,P701,34,34,10,24,18,3
2026-09-30,S03,P702,22,0,11,11,17,4
2026-09-30,S03,P703,18,0,13,5,17,4
2026-09-30,S03,P704,52,0,10,42,26,1
2026-09-30,S03,P801,91,0,22,69,41,1
2026-09-30,S03,P802,81,0,22,59,36,3
2026-09-30,S03,P803,108,0,25,83,43,3
2026-09-30,S04,P101,161,0,55,106,95,4
2026-09-30,S04,P102,111,0,57,54,113,3
2026-09-30,S04,P103,57,0,57,0,105,4
2026-09-30,S04,P104,25,0,25,0,114,4
2026-09-30,S04,P105,84,0,84,0,145,3
2026-09-30,S04,P106,158,0,34,124,101,1
2026-09-30,S04,P201,142,0,80,62,96,1
2026-09-30,S04,P202,0,0,0,0,98,4
2026-09-30,S04,P203,25,0,25,0,99,3
2026-09-30,S04,P204,146,0,72,74,110,3
2026-09-30,S04,P205,0,0,0,0,27,4
2026-09-30,S04,P206,39,0,39,0,83,4
2026-09-30,S04,P207,92,0,92,0,114,4
2026-09-30,S04,P301,113,0,35,78,62,3
2026-09-30,S04,P302,153,0,40,113,85,1
2026-09-30,S04,P303,178,0,58,120,90,3
2026-09-30,S04,P304,37,0,37,0,79,2
2026-09-30,S04,P305,168,168,39,129,78,4
2026-09-30,S04,P306,245,0,77,168,127,3
2026-09-30,S04,P330,165,165,43,122,86,4
2026-09-30,S04,P401,85,0,27,58,73,1
2026-09-30,S04,P402,114,0,46,68,64,1
2026-09-30,S04,P403,58,0,15,43,44,1
2026-09-30,S04,P404,19,0,19,0,56,3
2026-09-30,S04,P405,90,0,21,69,53,2
2026-09-30,S04,P406,85,0,26,59,46,2
2026-09-30,S04,P407,22,0,20,2,57,3
2026-09-30,S04,P442,69,0,32,37,64,2
2026-09-30,S04,P501,67,0,16,51,29,2
2026-09-30,S04,P502,10,0,10,0,32,3
2026-09-30,S04,P503,58,0,12,46,34,2
2026-09-30,S04,P504,65,0,19,46,28,1
2026-09-30,S04,P505,33,0,10,23,25,1
2026-09-30,S04,P601,71,0,17,54,38,3
2026-09-30,S04,P602,88,0,20,68,30,1
2026-09-30,S04,P603,63,0,9,54,26,1
2026-09-30,S04,P604,108,85,16,92,25,1
2026-09-30,S04,P605,44,0,14,30,34,4
2026-09-30,S04,P701,70,0,19,51,41,2
2026-09-30,S04,P702,36,0,12,24,31,4
2026-09-30,S04,P703,99,0,24,75,45,3
2026-09-30,S04,P704,59,0,9,46,26,1
2026-09-30,S04,P801,147,0,31,116,64,3
2026-09-30,S04,P802,96,96,29,67,55,3
2026-09-30,S04,P803,58,0,23,35,38,3
2026-09-30,S05,P101,102,0,47,55,92,3
2026-09-30,S05,P102,103,0,36,67,72,3
2026-09-30,S05,P103,149,0,35,114,76,2
2026-09-30,S05,P104,143,0,24,119,56,1
2026-09-30,S05,P105,164,164,21,143,63,4
2026-09-30,S05,P106,0,0,0,0,69,3
2026-09-30,S05,P201,123,0,39,84,51,4
2026-09-30,S05,P202,58,0,24,34,69,3
2026-09-30,S05,P203,74,0,43,31,80,2
2026-09-30,S05,P204,77,0,30,47,60,2
2026-09-30,S05,P205,42,0,11,36,19,4
2026-09-30,S05,P206,36,0,19,17,50,2
2026-09-30,S05,P207,134,0,23,111,55,4
2026-09-30,S05,P301,158,0,40,118,63,2
2026-09-30,S05,P302,132,0,32,103,70,3
2026-09-30,S05,P303,103,0,32,71,73,3
2026-09-30,S05,P304,97,0,25,72,53,3
2026-09-30,S05,P305,87,0,21,66,45,2
2026-09-30,S05,P306,90,0,35,55,64,2
2026-09-30,S05,P330,129,102,23,106,49,1
2026-09-30,S05,P401,34,0,12,22,21,3
2026-09-30,S05,P402,14,0,14,0,30,3
2026-09-30,S05,P403,125,0,16,109,39,1
2026-09-30,S05,P404,43,43,6,37,21,3
2026-09-30,S05,P405,62,0,10,52,21,3
2026-09-30,S05,P406,52,0,15,37,31,1
2026-09-30,S05,P407,60,0,19,41,30,1
2026-09-30,S05,P442,28,0,21,7,53,3
2026-09-30,S05,P501,2,0,2,0,13,4
2026-09-30,S05,P502,34,0,10,24,14,3
2026-09-30,S05,P503,12,0,6,6,11,3
2026-09-30,S05,P504,57,0,9,48,24,1
2026-09-30,S05,P505,54,0,7,47,17,2
2026-09-30,S05,P601,12,0,6,6,13,2
2026-09-30,S05,P602,10,0,7,3,15,4
2026-09-30,S05,P603,22,0,14,8,19,1
2026-09-30,S05,P604,11,0,8,3,15,3
2026-09-30,S05,P605,30,25,4,26,11,2
2026-09-30,S05,P701,47,0,10,37,18,1
2026-09-30,S05,P702,76,60,12,64,25,1
2026-09-30,S05,P703,22,0,10,12,21,1
2026-09-30,S05,P704,88,66,18,70,25,1
2026-09-30,S05,P801,121,0,21,100,44,3
2026-09-30,S05,P802,15,0,15,0,32,3
2026-09-30,S05,P803,110,0,25,85,46,1
2026-09-30,S06,P101,148,0,45,103,86,4
2026-09-30,S06,P102,140,0,65,75,101,1
2026-09-30,S06,P103,377,377,63,314,142,2
2026-09-30,S06,P104,49,0,40,9,81,4
2026-09-30,S06,P105,269,269,70,199,98,4
2026-09-30,S06,P106,58,0,57,1,117,3
2026-09-30,S06,P201,96,0,52,44,88,1
2026-09-30,S06,P202,182,182,31,151,65,3
2026-09-30,S06,P203,143,0,46,97,60,2
2026-09-30,S06,P204,270,0,70,200,108,2
2026-09-30,S06,P205,0,0,0,0,29,4
2026-09-30,S06,P206,179,0,48,131,87,4
2026-09-30,S06,P207,126,0,50,76,73,3
2026-09-30,S06,P301,107,0,40,67,96,1
2026-09-30,S06,P302,182,0,50,132,76,1
2026-09-30,S06,P303,91,0,35,56,81,3
2026-09-30,S06,P304,53,0,18,35,72,2
2026-09-30,S06,P305,163,0,47,121,90,1
2026-09-30,S06,P306,34,0,34,0,82,3
2026-09-30,S06,P330,212,0,58,154,85,2
2026-09-30,S06,P401,71,0,17,54,48,1
2026-09-30,S06,P402,121,121,19,102,34,2
2026-09-30,S06,P403,118,108,15,103,42,2
2026-09-30,S06,P404,106,0,19,87,51,3
2026-09-30,S06,P405,62,0,23,39,60,4
2026-09-30,S06,P406,36,0,16,20,34,3
2026-09-30,S06,P407,36,0,18,18,41,3
2026-09-30,S06,P442,276,233,52,224,88,2
2026-09-30,S06,P501,25,0,10,15,25,3
2026-09-30,S06,P502,57,0,21,36,38,2
2026-09-30,S06,P503,13,0,13,0,34,2
2026-09-30,S06,P504,26,0,10,16,20,3
2026-09-30,S06,P505,77,0,15,62,27,3
2026-09-30,S06,P601,53,43,9,44,18,1
2026-09-30,S06,P602,25,0,12,13,33,2
2026-09-30,S06,P603,49,48,12,37,24,3
2026-09-30,S06,P604,25,0,9,16,19,1
2026-09-30,S06,P605,73,65,15,58,31,3
2026-09-30,S06,P701,22,0,12,10,20,1
2026-09-30,S06,P702,41,0,22,19,37,3
2026-09-30,S06,P703,108,0,23,85,32,1
2026-09-30,S06,P704,77,0,19,58,29,2
2026-09-30,S06,P801,85,0,20,65,53,1
2026-09-30,S06,P802,84,0,25,59,76,1
2026-09-30,S06,P803,143,143,23,120,53,4
2026-10-01,S01,P101,74,0,74,0,121,3
2026-10-01,S01,P102,401,369,132,269,98,2
2026-10-01,S01,P103,44,0,44,0,164,4
2026-10-01,S01,P104,249,0,104,145,143,3
2026-10-01,S01,P105,252,252,79,173,124,4
2026-10-01,S01,P106,205,0,107,98,126,3
2026-10-01,S01,P201,46,0,46,0,89,3
2026-10-01,S01,P202,475,0,108,367,150,1
2026-10-01,S01,P203,274,0,89,185,159,3
2026-10-01,S01,P204,120,0,93,27,117,3
2026-10-01,S01,P205,38,0,21,17,27,1
2026-10-01,S01,P206,149,0,72,77,92,3
2026-10-01,S01,P207,7,0,7,0,111,3
2026-10-01,S01,P301,108,0,86,22,139,2
2026-10-01,S01,P302,126,0,78,48,106,2
2026-10-01,S01,P303,81,0,81,0,109,3
2026-10-01,S01,P304,202,202,63,139,74,3
2026-10-01,S01,P305,232,232,69,163,76,2
2026-10-01,S01,P306,176,0,41,135,83,1
2026-10-01,S01,P330,185,0,57,128,93,4
2026-10-01,S01,P401,233,187,45,188,71,2
2026-10-01,S01,P402,27,0,27,0,46,2
2026-10-01,S01,P403,26,0,26,0,46,3
2026-10-01,S01,P404,0,0,0,0,61,4
2026-10-01,S01,P405,107,0,25,82,43,4
2026-10-01,S01,P406,35,0,35,0,71,4
2026-10-01,S01,P407,143,0,53,90,55,1
2026-10-01,S01,P442,317,0,118,199,132,3
2026-10-01,S01,P501,97,0,40,57,41,3
2026-10-01,S01,P502,44,0,21,23,28,1
2026-10-01,S01,P503,106,0,39,67,40,1
2026-10-01,S01,P504,28,0,27,1,30,3
2026-10-01,S01,P505,18,0,18,0,37,4
2026-10-01,S01,P601,91,0,18,73,32,2
2026-10-01,S01,P602,48,0,20,28,37,2
2026-10-01,S01,P603,86,86,25,61,36,4
2026-10-01,S01,P604,27,0,21,6,23,2
2026-10-01,S01,P605,91,0,30,61,33,1
2026-10-01,S01,P701,28,0,28,0,36,2
2026-10-01,S01,P702,31,0,29,2,53,4
2026-10-01,S01,P703,126,0,41,85,47,1
2026-10-01,S01,P704,64,0,19,45,33,3
2026-10-01,S01,P801,114,0,47,67,60,4
2026-10-01,S01,P802,179,0,67,112,90,2
2026-10-01,S01,P803,27,0,27,0,59,2
2026-10-01,S02,P101,254,0,254,0,333,3
2026-10-01,S02,P102,1101,0,276,825,347,1
2026-10-01,S02,P103,672,0,261,411,334,1
2026-10-01,S02,P104,714,0,228,486,268,1
2026-10-01,S02,P105,714,0,294,420,300,3
2026-10-01,S02,P106,261,0,218,43,294,2
2026-10-01,S02,P201,429,0,222,207,283,1
2026-10-01,S02,P202,417,0,187,230,316,1
2026-10-01,S02,P203,543,0,263,280,255,1
2026-10-01,S02,P204,384,0,172,212,215,4
2026-10-01,S02,P205,284,266,77,207,116,2
2026-10-01,S02,P206,282,0,202,80,196,3
2026-10-01,S02,P207,541,0,168,373,307,1
2026-10-01,S02,P301,267,0,172,95,177,1
2026-10-01,S02,P302,284,0,199,85,326,2
2026-10-01,S02,P303,432,0,172,260,224,1
2026-10-01,S02,P304,757,0,218,539,325,1
2026-10-01,S02,P305,630,630,219,411,329,4
2026-10-01,S02,P306,450,0,181,269,214,4
2026-10-01,S02,P330,264,0,264,0,277,3
2026-10-01,S02,P401,363,363,116,247,111,3
2026-10-01,S02,P402,189,0,88,101,103,2
2026-10-01,S02,P403,0,0,0,0,114,4
2026-10-01,S02,P404,272,0,90,182,136,3
2026-10-01,S02,P405,187,0,105,82,164,3
2026-10-01,S02,P406,126,0,126,0,151,4
2026-10-01,S02,P407,449,0,105,344,189,2
2026-10-01,S02,P442,217,0,139,78,238,2
2026-10-01,S02,P501,211,211,71,138,80,4
2026-10-01,S02,P502,24,0,24,0,126,4
2026-10-01,S02,P503,204,0,61,143,106,3
2026-10-01,S02,P504,260,213,37,223,72,1
2026-10-01,S02,P505,55,0,55,0,73,4
2026-10-01,S02,P601,86,0,46,40,61,1
2026-10-01,S02,P602,164,0,71,93,99,1
2026-10-01,S02,P603,217,0,79,138,77,1
2026-10-01,S02,P604,99,0,98,1,84,4
2026-10-01,S02,P605,84,0,36,48,56,3
2026-10-01,S02,P701,183,0,84,99,101,2
2026-10-01,S02,P702,224,0,69,155,82,2
2026-10-01,S02,P703,199,0,61,138,78,2
2026-10-01,S02,P704,206,0,59,147,80,1
2026-10-01,S02,P801,38,0,38,0,134,3
2026-10-01,S02,P802,284,0,158,126,129,3
2026-10-01,S02,P803,513,439,158,355,194,2
2026-10-01,S03,P101,218,187,51,167,68,2
2026-10-01,S03,P102,172,166,88,84,93,2
2026-10-01,S03,P103,167,0,96,71,83,4
2026-10-01,S03,P104,76,0,55,26,63,1
2026-10-01,S03,P105,97,0,51,46,63,2
2026-10-01,S03,P106,81,0,73,8,84,4
2026-10-01,S03,P201,212,212,61,151,83,4
2026-10-01,S03,P202,13,0,13,0,75,4
2026-10-01,S03,P203,69,0,40,29,40,3
2026-10-01,S03,P204,111,0,64,47,89,2
2026-10-01,S03,P205,29,0,14,15,22,4
2026-10-01,S03,P206,14,0,14,0,67,4
2026-10-01,S03,P207,184,184,81,103,83,3
2026-10-01,S03,P301,60,0,38,22,59,1
2026-10-01,S03,P302,121,0,45,76,65,2
2026-10-01,S03,P303,146,0,48,98,86,3
2026-10-01,S03,P304,132,0,43,89,51,2
2026-10-01,S03,P305,234,164,44,190,81,1
2026-10-01,S03,P306,135,0,61,74,75,3
2026-10-01,S03,P330,182,126,51,131,66,1
2026-10-01,S03,P401,57,0,20,37,34,4
2026-10-01,S03,P402,0,0,0,0,33,4
2026-10-01,S03,P403,71,0,26,45,33,1
2026-10-01,S03,P404,68,0,18,50,23,2
2026-10-01,S03,P405,47,0,17,30,27,1
2026-10-01,S03,P406,91,0,18,73,35,3
2026-10-01,S03,P407,26,0,19,7,32,2
2026-10-01,S03,P442,181,0,51,130,72,1
2026-10-01,S03,P501,25,0,14,11,14,2
2026-10-01,S03,P502,16,0,15,1,22,4
2026-10-01,S03,P503,10,0,10,0,24,3
2026-10-01,S03,P504,29,0,11,18,16,4
2026-10-01,S03,P505,43,36,10,33,17,2
2026-10-01,S03,P601,56,0,11,45,18,1
2026-10-01,S03,P602,31,0,13,21,16,1
2026-10-01,S03,P603,26,0,12,14,13,4
2026-10-01,S03,P604,21,0,19,2,24,4
2026-10-01,S03,P605,66,66,11,55,19,4
2026-10-01,S03,P701,24,0,14,10,18,3
2026-10-01,S03,P702,11,0,11,0,17,4
2026-10-01,S03,P703,5,0,5,0,17,4
2026-10-01,S03,P704,42,0,23,19,26,1
2026-10-01,S03,P801,69,0,26,48,41,1
2026-10-01,S03,P802,59,0,21,38,36,3
2026-10-01,S03,P803,83,0,33,50,43,3
2026-10-01,S04,P101,106,0,50,56,95,4
2026-10-01,S04,P102,54,0,54,0,113,3
2026-10-01,S04,P103,0,0,0,0,105,4
2026-10-01,S04,P104,0,0,0,0,114,4
2026-10-01,S04,P105,0,0,0,0,145,3
2026-10-01,S04,P106,124,0,69,55,101,1
2026-10-01,S04,P201,370,308,68,302,96,1
2026-10-01,S04,P202,282,282,78,204,98,4
2026-10-01,S04,P203,235,235,82,153,99,3
2026-10-01,S04,P204,74,0,74,0,110,3
2026-10-01,S04,P205,84,84,20,64,27,4
2026-10-01,S04,P206,0,0,0,0,83,4
2026-10-01,S04,P207,0,0,0,0,114,4
2026-10-01,S04,P301,78,0,60,18,62,3
2026-10-01,S04,P302,113,0,36,77,85,1
2026-10-01,S04,P303,120,0,75,45,90,3
2026-10-01,S04,P304,188,188,80,108,79,2
2026-10-01,S04,P305,129,0,57,72,78,4
2026-10-01,S04,P306,168,0,103,65,127,3
2026-10-01,S04,P330,122,0,57,65,86,4
2026-10-01,S04,P401,223,165,56,167,73,1
2026-10-01,S04,P402,68,0,53,15,64,1
2026-10-01,S04,P403,151,108,19,130,44,1
2026-10-01,S04,P404,135,135,45,90,56,3
2026-10-01,S04,P405,69,0,40,29,53,2
2026-10-01,S04,P406,59,0,42,17,46,2
2026-10-01,S04,P407,120,118,41,79,57,3
2026-10-01,S04,P442,37,0,37,0,64,2
2026-10-01,S04,P501,51,0,27,24,29,2
2026-10-01,S04,P502,70,70,19,51,32,3
2026-10-01,S04,P503,46,0,31,15,34,2
2026-10-01,S04,P504,46,0,19,27,28,1
2026-10-01,S04,P505,95,72,17,78,25,1
2026-10-01,S04,P601,54,0,22,32,38,3
2026-10-01,S04,P602,68,0,35,33,30,1
2026-10-01,S04,P603,54,0,19,35,26,1
2026-10-01,S04,P604,92,0,16,76,25,1
2026-10-01,S04,P605,30,0,21,9,34,4
2026-10-01,S04,P701,51,0,26,25,41,2
2026-10-01,S04,P702,24,0,19,5,31,4
2026-10-01,S04,P703,75,0,31,44,45,3
2026-10-01,S04,P704,50,0,19,31,26,1
2026-10-01,S04,P801,116,0,47,69,64,3
2026-10-01,S04,P802,67,0,40,27,55,3
2026-10-01,S04,P803,35,0,35,0,38,3
2026-10-01,S05,P101,55,0,55,0,92,3
2026-10-01,S05,P102,67,0,53,14,72,3
2026-10-01,S05,P103,114,0,57,57,76,2
2026-10-01,S05,P104,119,0,49,70,56,1
2026-10-01,S05,P105,143,0,51,92,63,4
2026-10-01,S05,P106,221,221,84,137,69,3
2026-10-01,S05,P201,84,0,51,33,51,4
2026-10-01,S05,P202,34,0,34,0,69,3
2026-10-01,S05,P203,229,198,79,150,80,2
2026-10-01,S05,P204,47,0,47,0,60,2
2026-10-01,S05,P205,31,0,10,21,19,4
2026-10-01,S05,P206,117,100,29,88,50,2
2026-10-01,S05,P207,111,0,61,50,55,4
2026-10-01,S05,P301,118,0,38,80,63,2
2026-10-01,S05,P302,100,0,44,56,70,3
2026-10-01,S05,P303,71,0,49,22,73,3
2026-10-01,S05,P304,72,0,47,25,53,3
2026-10-01,S05,P305,66,0,30,36,45,2
2026-10-01,S05,P306,55,0,47,8,64,2
2026-10-01,S05,P330,106,0,45,61,49,1
2026-10-01,S05,P401,22,0,22,0,21,3
2026-10-01,S05,P402,85,85,20,65,30,3
2026-10-01,S05,P403,109,0,24,85,39,1
2026-10-01,S05,P404,37,0,16,21,21,3
2026-10-01,S05,P405,52,0,18,34,21,3
2026-10-01,S05,P406,37,0,13,24,31,1
2026-10-01,S05,P407,41,0,20,21,30,1
2026-10-01,S05,P442,7,0,7,0,53,3
2026-10-01,S05,P501,0,0,0,0,13,4
2026-10-01,S05,P502,24,0,12,12,14,3
2026-10-01,S05,P503,6,0,6,0,11,3
2026-10-01,S05,P504,48,0,15,33,24,1
2026-10-01,S05,P505,47,0,14,33,17,2
2026-10-01,S05,P601,41,35,10,31,13,2
2026-10-01,S05,P602,3,0,3,0,15,4
2026-10-01,S05,P603,58,50,12,46,19,1
2026-10-01,S05,P604,3,0,3,0,15,3
2026-10-01,S05,P605,26,0,8,16,11,2
2026-10-01,S05,P701,37,0,15,22,18,1
2026-10-01,S05,P702,64,0,14,50,25,1
2026-10-01,S05,P703,62,50,17,45,21,1
2026-10-01,S05,P704,70,0,23,47,25,1
2026-10-01,S05,P801,100,0,36,64,44,3
2026-10-01,S05,P802,0,0,0,0,32,3
2026-10-01,S05,P803,85,0,39,46,46,1
2026-10-01,S06,P101,103,0,73,30,86,4
2026-10-01,S06,P102,391,316,100,291,101,1
2026-10-01,S06,P103,314,0,118,196,142,2
2026-10-01,S06,P104,9,0,9,0,81,4
2026-10-01,S06,P105,199,0,122,77,98,4
2026-10-01,S06,P106,348,347,115,233,117,3
2026-10-01,S06,P201,289,245,67,222,88,1
2026-10-01,S06,P202,151,0,73,78,65,3
2026-10-01,S06,P203,97,0,47,50,60,2
2026-10-01,S06,P204,200,0,68,132,108,2
2026-10-01,S06,P205,94,94,25,69,29,4
2026-10-01,S06,P206,131,0,78,53,87,4
2026-10-01,S06,P207,76,0,67,9,73,3
2026-10-01,S06,P301,267,200,63,204,96,1
2026-10-01,S06,P302,132,0,48,84,76,1
2026-10-01,S06,P303,56,0,56,0,81,3
2026-10-01,S06,P304,171,136,46,125,72,2
2026-10-01,S06,P305,116,0,70,46,90,1
2026-10-01,S06,P306,213,213,45,168,82,3
2026-10-01,S06,P330,154,0,84,70,85,2
2026-10-01,S06,P401,54,0,37,17,48,1
2026-10-01,S06,P402,102,0,21,81,34,2
2026-10-01,S06,P403,103,0,32,71,42,2
2026-10-01,S06,P404,87,0,34,53,51,3
2026-10-01,S06,P405,39,0,39,0,60,4
2026-10-01,S06,P406,20,0,20,0,34,3
2026-10-01,S06,P407,18,0,18,0,41,3
2026-10-01,S06,P442,224,0,79,145,88,2
2026-10-01,S06,P501,15,0,15,0,25,3
2026-10-01,S06,P502,36,0,23,13,38,2
2026-10-01,S06,P503,73,73,24,49,34,2
2026-10-01,S06,P504,16,0,16,0,20,3
2026-10-01,S06,P505,62,0,20,45,27,3
2026-10-01,S06,P601,44,0,15,29,18,1
2026-10-01,S06,P602,77,64,16,61,33,2
2026-10-01,S06,P603,37,0,14,23,24,3
2026-10-01,S06,P604,67,51,12,55,19,1
2026-10-01,S06,P605,58,0,17,41,31,3
2026-10-01,S06,P701,57,47,15,42,20,1
2026-10-01,S06,P702,19,0,19,0,37,3
2026-10-01,S06,P703,85,0,28,57,32,1
2026-10-01,S06,P704,58,0,21,37,29,2
2026-10-01,S06,P801,65,0,45,20,53,1
2026-10-01,S06,P802,213,154,66,147,76,1
2026-10-01,S06,P803,120,0,37,83,53,4
2026-10-02,S01,P101,0,0,0,0,121,3
2026-10-02,S01,P102,269,0,100,169,98,2
2026-10-02,S01,P103,0,0,0,0,164,4
2026-10-02,S01,P104,145,0,77,68,143,3
2026-10-02,S01,P105,173,0,112,61,124,4
2026-10-02,S01,P106,98,0,98,5,126,3
2026-10-02,S01,P201,0,0,0,0,89,3
2026-10-02,S01,P202,367,0,129,238,150,1
2026-10-02,S01,P203,185,0,112,73,159,3
2026-10-02,S01,P204,27,0,27,0,117,3
2026-10-02,S01,P205,85,68,17,68,27,1
2026-10-02,S01,P206,77,0,59,18,92,3
2026-10-02,S01,P207,262,262,87,175,111,3
2026-10-02,S01,P301,273,251,93,180,139,2
2026-10-02,S01,P302,48,0,48,0,106,2
2026-10-02,S01,P303,0,0,0,0,109,3
2026-10-02,S01,P304,139,0,55,80,74,3
2026-10-02,S01,P305,163,0,85,78,76,2
2026-10-02,S01,P306,135,0,52,83,83,1
2026-10-02,S01,P330,128,0,54,74,93,4
2026-10-02,S01,P401,188,0,36,152,71,2
2026-10-02,S01,P402,82,82,35,47,46,2
2026-10-02,S01,P403,0,0,0,0,46,3
2026-10-02,S01,P404,184,184,39,145,61,4
2026-10-02,S01,P405,82,0,35,47,43,4
2026-10-02,S01,P406,0,0,0,0,71,4
2026-10-02,S01,P407,90,0,71,19,55,1
2026-10-02,S01,P442,199,0,87,112,132,3
2026-10-02,S01,P501,57,0,26,31,41,3
2026-10-02,S01,P502,106,83,18,88,28,1
2026-10-02,S01,P503,67,0,33,34,40,1
2026-10-02,S01,P504,1,0,1,0,30,3
2026-10-02,S01,P505,0,0,0,0,37,4
2026-10-02,S01,P601,73,0,20,53,32,2
2026-10-02,S01,P602,28,0,27,1,37,2
2026-10-02,S01,P603,61,0,26,35,36,4
2026-10-02,S01,P604,6,0,6,0,23,2
2026-10-02,S01,P605,61,0,26,35,33,1
2026-10-02,S01,P701,109,109,31,78,36,2
2026-10-02,S01,P702,2,0,2,0,53,4
2026-10-02,S01,P703,85,0,43,42,47,1
2026-10-02,S01,P704,45,0,24,21,33,3
2026-10-02,S01,P801,67,0,65,2,60,4
2026-10-02,S01,P802,112,0,70,42,90,2
2026-10-02,S01,P803,136,136,60,76,59,2
2026-10-02,S02,P101,0,0,0,0,333,3
2026-10-02,S02,P102,825,0,319,506,347,1
2026-10-02,S02,P103,411,0,271,140,334,1
2026-10-02,S02,P104,486,0,226,260,268,1
2026-10-02,S02,P105,420,0,235,185,300,3
2026-10-02,S02,P106,855,812,254,601,294,2
2026-10-02,S02,P201,917,710,287,630,283,1
2026-10-02,S02,P202,991,761,215,776,316,1
2026-10-02,S02,P203,280,0,225,55,255,1
2026-10-02,S02,P204,212,0,149,63,215,4
2026-10-02,S02,P205,207,0,104,103,116,2
2026-10-02,S02,P206,80,0,80,0,196,3
2026-10-02,S02,P207,373,0,273,100,307,1
2026-10-02,S02,P301,772,677,157,615,177,1
2026-10-02,S02,P302,1058,973,239,819,326,2
2026-10-02,S02,P303,260,0,168,92,224,1
2026-10-02,S02,P304,539,0,289,250,325,1
2026-10-02,S02,P305,411,0,264,147,329,4
2026-10-02,S02,P306,269,0,178,91,214,4
2026-10-02,S02,P330,0,0,0,0,277,3
2026-10-02,S02,P401,247,0,93,154,111,3
2026-10-02,S02,P402,101,0,60,41,103,2
2026-10-02,S02,P403,318,318,115,203,114,4
2026-10-02,S02,P404,182,0,57,125,136,3
2026-10-02,S02,P405,82,0,75,7,164,3
2026-10-02,S02,P406,0,0,0,0,151,4
2026-10-02,S02,P407,344,0,96,248,189,2
2026-10-02,S02,P442,847,769,172,675,238,2
2026-10-02,S02,P501,140,0,62,78,80,4
2026-10-02,S02,P502,0,0,0,0,126,4
2026-10-02,S02,P503,143,0,91,52,106,3
2026-10-02,S02,P504,223,0,40,186,72,1
2026-10-02,S02,P505,0,0,0,0,73,4
2026-10-02,S02,P601,228,188,52,176,61,1
2026-10-02,S02,P602,286,193,75,211,99,1
2026-10-02,S02,P603,138,0,56,82,77,1
2026-10-02,S02,P604,1,0,1,0,84,4
2026-10-02,S02,P605,48,0,34,14,56,3
2026-10-02,S02,P701,99,0,70,29,101,2
2026-10-02,S02,P702,155,0,81,74,82,2
2026-10-02,S02,P703,138,0,78,60,78,2
2026-10-02,S02,P704,147,0,73,74,80,1
2026-10-02,S02,P801,319,319,89,230,134,3
2026-10-02,S02,P802,126,0,96,30,129,3
2026-10-02,S02,P803,355,0,133,222,194,2
2026-10-02,S03,P101,167,0,53,114,68,2
2026-10-02,S03,P102,84,0,51,33,93,2
2026-10-02,S03,P103,71,0,71,0,83,4
2026-10-02,S03,P104,188,167,59,129,63,1
2026-10-02,S03,P105,46,0,46,0,63,2
2026-10-02,S03,P106,8,0,8,0,84,4
2026-10-02,S03,P201,151,0,71,85,83,4
2026-10-02,S03,P202,0,0,0,0,75,4
2026-10-02,S03,P203,29,0,29,0,40,3
2026-10-02,S03,P204,47,0,47,0,89,2
2026-10-02,S03,P205,15,0,10,5,22,4
2026-10-02,S03,P206,0,0,0,0,67,4
2026-10-02,S03,P207,103,0,62,41,83,3
2026-10-02,S03,P301,179,157,34,145,59,1
2026-10-02,S03,P302,76,0,64,12,65,2
2026-10-02,S03,P303,98,0,66,32,86,3
2026-10-02,S03,P304,89,0,40,49,51,2
2026-10-02,S03,P305,190,0,44,146,81,1
2026-10-02,S03,P306,74,0,55,19,75,3
2026-10-02,S03,P330,131,0,50,81,66,1
2026-10-02,S03,P401,37,0,16,21,34,4
2026-10-02,S03,P402,84,84,19,65,33,4
2026-10-02,S03,P403,45,0,23,22,33,1
2026-10-02,S03,P404,50,0,26,24,23,2
2026-10-02,S03,P405,30,0,18,12,27,1
2026-10-02,S03,P406,73,0,28,45,35,3
2026-10-02,S03,P407,63,56,23,40,32,2
2026-10-02,S03,P442,130,0,48,82,72,1
2026-10-02,S03,P501,11,0,10,1,14,2
2026-10-02,S03,P502,1,0,1,0,22,4
2026-10-02,S03,P503,40,40,18,22,24,3
2026-10-02,S03,P504,18,0,14,4,16,4
2026-10-02,S03,P505,33,0,11,22,17,2
2026-10-02,S03,P601,45,0,12,33,18,1
2026-10-02,S03,P602,18,0,8,10,16,1
2026-10-02,S03,P603,14,0,8,6,13,4
2026-10-02,S03,P604,2,0,2,0,24,4
2026-10-02,S03,P605,55,0,17,38,19,4
2026-10-02,S03,P701,10,0,10,0,18,3
2026-10-02,S03,P702,0,0,0,0,17,4
2026-10-02,S03,P703,0,0,0,0,17,4
2026-10-02,S03,P704,86,67,20,66,26,1
2026-10-02,S03,P801,43,0,28,15,41,1
2026-10-02,S03,P802,38,0,33,5,36,3
2026-10-02,S03,P803,50,0,32,18,43,3
2026-10-02,S04,P101,56,0,56,0,95,4
2026-10-02,S04,P102,318,318,83,235,113,3
2026-10-02,S04,P103,0,0,0,0,105,4
2026-10-02,S04,P104,249,249,88,161,114,4
2026-10-02,S04,P105,310,310,86,224,145,3
2026-10-02,S04,P106,322,267,91,231,101,1
2026-10-02,S04,P201,302,0,84,218,96,1
2026-10-02,S04,P202,204,0,54,150,98,4
2026-10-02,S04,P203,153,0,62,91,99,3
2026-10-02,S04,P204,0,0,0,3,110,3
2026-10-02,S04,P205,64,0,15,49,27,4
2026-10-02,S04,P206,169,169,47,122,83,4
2026-10-02,S04,P207,0,0,0,0,114,4
2026-10-02,S04,P301,18,0,18,0,62,3
2026-10-02,S04,P302,273,196,59,214,85,1
2026-10-02,S04,P303,45,0,45,0,90,3
2026-10-02,S04,P304,108,0,63,45,79,2
2026-10-02,S04,P305,72,0,53,19,78,4
2026-10-02,S04,P306,65,0,65,0,127,3
2026-10-02,S04,P330,65,0,63,2,86,4
2026-10-02,S04,P401,167,0,54,113,73,1
2026-10-02,S04,P402,182,167,43,139,64,1
2026-10-02,S04,P403,132,0,35,97,44,1
2026-10-02,S04,P404,90,0,38,52,56,3
2026-10-02,S04,P405,29,0,29,0,53,2
2026-10-02,S04,P406,17,0,17,0,46,2
2026-10-02,S04,P407,79,0,36,43,57,3
2026-10-02,S04,P442,152,152,36,116,64,2
2026-10-02,S04,P501,24,0,24,0,29,2
2026-10-02,S04,P502,51,0,16,35,32,3
2026-10-02,S04,P503,15,0,15,0,34,2
2026-10-02,S04,P504,95,68,17,78,28,1
2026-10-02,S04,P505,78,0,17,61,25,1
2026-10-02,S04,P601,32,0,22,10,38,3
2026-10-02,S04,P602,33,0,20,13,30,1
2026-10-02,S04,P603,35,0,21,14,26,1
2026-10-02,S04,P604,76,0,22,54,25,1
2026-10-02,S04,P605,9,0,9,0,34,4
2026-10-02,S04,P701,25,0,25,0,41,2
2026-10-02,S04,P702,5,0,5,0,31,4
2026-10-02,S04,P703,44,0,33,11,45,3
2026-10-02,S04,P704,31,0,17,14,26,1
2026-10-02,S04,P801,69,0,56,13,64,3
2026-10-02,S04,P802,27,0,27,0,55,3
2026-10-02,S04,P803,0,0,0,0,38,3
2026-10-02,S05,P101,0,0,0,0,92,3
2026-10-02,S05,P102,14,0,14,0,72,3
2026-10-02,S05,P103,57,0,57,0,76,2
2026-10-02,S05,P104,70,0,48,22,56,1
2026-10-02,S05,P105,92,0,45,47,63,4
2026-10-02,S05,P106,137,0,79,58,69,3
2026-10-02,S05,P201,33,0,33,0,51,4
2026-10-02,S05,P202,147,147,62,85,69,3
2026-10-02,S05,P203,150,0,69,81,80,2
2026-10-02,S05,P204,163,163,61,102,60,2
2026-10-02,S05,P205,21,0,12,9,19,4
2026-10-02,S05,P206,88,0,44,44,50,2
2026-10-02,S05,P207,50,0,45,5,55,4
2026-10-02,S05,P301,80,0,50,30,63,2
2026-10-02,S05,P302,56,0,40,16,70,3
2026-10-02,S05,P303,22,0,22,0,73,3
2026-10-02,S05,P304,25,0,25,0,53,3
2026-10-02,S05,P305,36,0,33,3,45,2
2026-10-02,S05,P306,175,167,55,120,64,2
2026-10-02,S05,P330,61,0,42,19,49,1
2026-10-02,S05,P401,0,0,0,0,21,3
2026-10-02,S05,P402,65,0,26,39,30,3
2026-10-02,S05,P403,85,0,28,57,39,1
2026-10-02,S05,P404,21,0,17,4,21,3
2026-10-02,S05,P405,34,0,18,16,21,3
2026-10-02,S05,P406,81,57,17,64,31,1
2026-10-02,S05,P407,99,78,28,71,30,1
2026-10-02,S05,P442,109,109,35,74,53,3
2026-10-02,S05,P501,0,0,0,0,13,4
2026-10-02,S05,P502,12,0,9,3,14,3
2026-10-02,S05,P503,0,0,0,0,11,3
2026-10-02,S05,P504,33,0,18,15,24,1
2026-10-02,S05,P505,33,0,13,20,17,2
2026-10-02,S05,P601,31,0,16,15,13,2
2026-10-02,S05,P602,0,0,0,0,15,4
2026-10-02,S05,P603,46,0,12,34,19,1
2026-10-02,S05,P604,46,46,13,29,15,3
2026-10-02,S05,P605,18,0,7,11,11,2
2026-10-02,S05,P701,22,0,17,5,18,1
2026-10-02,S05,P702,50,0,27,23,25,1
2026-10-02,S05,P703,45,0,17,28,21,1
2026-10-02,S05,P704,47,0,25,22,25,1
2026-10-02,S05,P801,64,0,38,26,44,3
2026-10-02,S05,P802,85,85,30,55,32,3
2026-10-02,S05,P803,46,0,34,12,46,1
2026-10-02,S06,P101,30,0,30,0,86,4
2026-10-02,S06,P102,291,0,79,212,101,1
2026-10-02,S06,P103,196,0,97,99,142,2
2026-10-02,S06,P104,0,0,0,0,81,4
2026-10-02,S06,P105,77,0,65,12,98,4
2026-10-02,S06,P106,233,0,78,155,117,3
2026-10-02,S06,P201,222,0,55,167,88,1
2026-10-02,S06,P202,78,0,46,32,65,3
2026-10-02,S06,P203,50,0,49,1,60,2
2026-10-02,S06,P204,132,0,54,78,108,2
2026-10-02,S06,P205,69,0,25,44,29,4
2026-10-02,S06,P206,53,0,53,0,87,4
2026-10-02,S06,P207,9,0,9,0,73,3
2026-10-02,S06,P301,204,0,72,130,96,1
2026-10-02,S06,P302,84,0,63,21,76,1
2026-10-02,S06,P303,0,0,0,0,81,3
2026-10-02,S06,P304,125,0,55,70,72,2
2026-10-02,S06,P305,356,310,59,297,90,1
2026-10-02,S06,P306,168,0,50,118,82,3
2026-10-02,S06,P330,70,0,58,12,85,2
2026-10-02,S06,P401,142,125,28,114,48,1
2026-10-02,S06,P402,81,0,22,59,34,2
2026-10-02,S06,P403,71,0,27,44,42,2
2026-10-02,S06,P404,53,0,41,12,51,3
2026-10-02,S06,P405,0,0,0,0,60,4
2026-10-02,S06,P406,0,0,0,0,34,3
2026-10-02,S06,P407,70,70,23,47,41,3
2026-10-02,S06,P442,145,0,69,76,88,2
2026-10-02,S06,P501,0,0,0,0,25,3
2026-10-02,S06,P502,123,110,29,94,38,2
2026-10-02,S06,P503,49,0,24,25,34,2
2026-10-02,S06,P504,0,0,0,0,20,3
2026-10-02,S06,P505,42,0,27,15,27,3
2026-10-02,S06,P601,29,0,16,13,18,1
2026-10-02,S06,P602,61,0,19,42,33,2
2026-10-02,S06,P603,23,0,18,5,24,3
2026-10-02,S06,P604,55,0,13,42,19,1
2026-10-02,S06,P605,41,0,18,23,31,3
2026-10-02,S06,P701,42,0,16,26,20,1
2026-10-02,S06,P702,0,0,0,0,37,3
2026-10-02,S06,P703,57,0,25,32,32,1
2026-10-02,S06,P704,37,0,19,18,29,2
2026-10-02,S06,P801,186,166,40,146,53,1
2026-10-02,S06,P802,147,0,63,84,76,1
2026-10-02,S06,P803,83,0,53,30,53,4
2026-10-03,S01,P101,330,330,52,278,121,3
2026-10-03,S01,P102,169,0,97,72,98,2
2026-10-03,S01,P103,309,309,107,202,164,4
2026-10-03,S01,P104,68,0,65,3,143,3
2026-10-03,S01,P105,61,0,61,0,124,4
2026-10-03,S01,P106,0,0,0,0,126,3
2026-10-03,S01,P201,220,220,68,152,89,3
2026-10-03,S01,P202,238,0,82,156,150,1
2026-10-03,S01,P203,73,0,73,0,159,3
2026-10-03,S01,P204,0,0,0,0,117,3
2026-10-03,S01,P205,68,0,18,50,27,1
2026-10-03,S01,P206,18,0,18,0,92,3
2026-10-03,S01,P207,175,0,95,80,111,3
2026-10-03,S01,P301,180,0,77,103,139,2
2026-10-03,S01,P302,230,230,57,173,106,2
2026-10-03,S01,P303,333,333,63,270,109,3
2026-10-03,S01,P304,84,0,61,23,74,3
2026-10-03,S01,P305,78,0,66,12,76,2
2026-10-03,S01,P306,83,0,68,15,83,1
2026-10-03,S01,P330,74,0,47,27,93,4
2026-10-03,S01,P401,152,0,38,114,71,2
2026-10-03,S01,P402,47,0,26,21,46,2
2026-10-03,S01,P403,117,117,30,87,46,3
2026-10-03,S01,P404,145,0,37,108,61,4
2026-10-03,S01,P405,47,0,24,23,43,4
2026-10-03,S01,P406,0,0,0,0,71,4
2026-10-03,S01,P407,169,150,37,132,55,1
2026-10-03,S01,P442,112,0,71,41,132,3
2026-10-03,S01,P501,31,0,29,2,41,3
2026-10-03,S01,P502,88,0,18,70,28,1
2026-10-03,S01,P503,110,76,25,85,40,1
2026-10-03,S01,P504,104,104,22,82,30,3
2026-10-03,S01,P505,0,0,0,0,37,4
2026-10-03,S01,P601,53,0,22,31,32,2
2026-10-03,S01,P602,96,95,23,73,37,2
2026-10-03,S01,P603,35,0,20,15,36,4
2026-10-03,S01,P604,59,59,16,43,23,2
2026-10-03,S01,P605,35,0,18,17,33,1
2026-10-03,S01,P701,78,0,31,47,36,2
2026-10-03,S01,P702,0,0,0,0,53,4
2026-10-03,S01,P703,173,131,32,141,47,1
2026-10-03,S01,P704,21,0,18,3,33,3
2026-10-03,S01,P801,2,0,2,0,60,4
2026-10-03,S01,P802,42,0,42,0,90,2
2026-10-03,S01,P803,76,0,41,35,59,2
2026-10-03,S02,P101,759,759,253,506,333,3
2026-10-03,S02,P102,506,0,274,232,347,1
2026-10-03,S02,P103,833,693,198,635,334,1
2026-10-03,S02,P104,1102,842,166,936,268,1
2026-10-03,S02,P105,185,0,185,0,300,3
2026-10-03,S02,P106,601,0,179,422,294,2
2026-10-03,S02,P201,630,0,196,434,283,1
2026-10-03,S02,P202,776,0,194,582,316,1
2026-10-03,S02,P203,637,582,356,277,255,1
2026-10-03,S02,P204,63,0,63,0,215,4
2026-10-03,S02,P205,103,0,71,32,116,2
2026-10-03,S02,P206,0,0,0,0,196,3
2026-10-03,S02,P207,962,862,278,684,307,1
2026-10-03,S02,P301,615,0,126,489,177,1
2026-10-03,S02,P302,819,0,210,609,326,2
2026-10-03,S02,P303,538,446,142,401,224,1
2026-10-03,S02,P304,1204,954,194,1010,325,1
2026-10-03,S02,P305,147,0,147,0,329,4
2026-10-03,S02,P306,91,0,91,0,214,4
2026-10-03,S02,P330,1044,1044,231,813,277,3
2026-10-03,S02,P401,154,0,76,78,111,3
2026-10-03,S02,P402,264,223,73,191,103,2
2026-10-03,S02,P403,203,0,75,128,114,4
2026-10-03,S02,P404,125,0,75,50,136,3
2026-10-03,S02,P405,7,0,7,0,164,3
2026-10-03,S02,P406,0,0,0,0,151,4
2026-10-03,S02,P407,248,0,86,162,189,2
2026-10-03,S02,P442,675,0,147,528,238,2
2026-10-03,S02,P501,78,0,58,20,80,4
2026-10-03,S02,P502,227,227,64,163,126,4
2026-10-03,S02,P503,52,0,47,5,106,3
2026-10-03,S02,P504,183,0,49,134,72,1
2026-10-03,S02,P505,0,0,0,0,73,4
2026-10-03,S02,P601,176,0,47,129,61,1
2026-10-03,S02,P602,211,0,52,159,99,1
2026-10-03,S02,P603,82,0,57,25,77,1
2026-10-03,S02,P604,0,0,0,0,84,4
2026-10-03,S02,P605,14,0,14,0,56,3
2026-10-03,S02,P701,280,251,61,219,101,2
2026-10-03,S02,P702,74,0,74,0,82,2
2026-10-03,S02,P703,60,0,57,3,78,2
2026-10-03,S02,P704,265,191,73,192,80,1
2026-10-03,S02,P801,230,0,98,132,134,3
2026-10-03,S02,P802,30,0,30,0,129,3
2026-10-03,S02,P803,222,0,99,123,194,2
2026-10-03,S03,P101,114,0,44,70,68,2
2026-10-03,S03,P102,267,234,59,208,93,2
2026-10-03,S03,P103,0,0,0,0,83,4
2026-10-03,S03,P104,129,0,51,76,63,1
2026-10-03,S03,P105,138,138,49,89,63,2
2026-10-03,S03,P106,0,0,0,0,84,4
2026-10-03,S03,P201,80,0,52,28,83,4
2026-10-03,S03,P202,148,148,47,101,75,4
2026-10-03,S03,P203,0,0,0,0,40,3
2026-10-03,S03,P204,180,180,48,132,89,2
2026-10-03,S03,P205,5,0,5,0,22,4
2026-10-03,S03,P206,149,149,40,109,67,4
2026-10-03,S03,P207,41,0,41,0,83,3
2026-10-03,S03,P301,145,0,23,122,59,1
2026-10-03,S03,P302,12,0,12,0,65,2
2026-10-03,S03,P303,32,0,32,0,86,3
2026-10-03,S03,P304,49,0,36,13,51,2
2026-10-03,S03,P305,146,0,53,93,81,1
2026-10-03,S03,P306,19,0,19,0,75,3
2026-10-03,S03,P330,81,0,36,45,66,1
2026-10-03,S03,P401,21,0,18,3,34,4
2026-10-03,S03,P402,65,0,16,49,33,4
2026-10-03,S03,P403,115,93,18,97,33,1
2026-10-03,S03,P404,24,0,15,9,23,2
2026-10-03,S03,P405,58,46,15,43,27,1
2026-10-03,S03,P406,45,0,18,27,35,3
2026-10-03,S03,P407,40,0,17,23,32,2
2026-10-03,S03,P442,82,0,46,36,72,1
2026-10-03,S03,P501,56,55,10,46,14,2
2026-10-03,S03,P502,0,0,0,0,22,4
2026-10-03,S03,P503,22,0,13,9,24,3
2026-10-03,S03,P504,4,0,4,5,16,4
2026-10-03,S03,P505,22,0,9,13,17,2
2026-10-03,S03,P601,33,0,14,19,18,1
2026-10-03,S03,P602,48,38,10,38,16,1
2026-10-03,S03,P603,6,0,6,0,13,4
2026-10-03,S03,P604,0,0,0,0,24,4
2026-10-03,S03,P605,38,0,13,25,19,4
2026-10-03,S03,P701,0,0,0,0,18,3
2026-10-03,S03,P702,0,0,0,0,17,4
2026-10-03,S03,P703,0,0,0,0,17,4
2026-10-03,S03,P704,66,0,18,48,26,1
2026-10-03,S03,P801,132,117,24,108,41,1
2026-10-03,S03,P802,5,0,5,0,36,3
2026-10-03,S03,P803,18,0,18,0,43,3
2026-10-03,S04,P101,0,0,0,0,95,4
2026-10-03,S04,P102,235,0,67,168,113,3
2026-10-03,S04,P103,214,214,67,147,105,4
2026-10-03,S04,P104,161,0,77,84,114,4
2026-10-03,S04,P105,224,0,69,155,145,3
2026-10-03,S04,P106,231,0,59,172,101,1
2026-10-03,S04,P201,218,0,94,124,96,1
2026-10-03,S04,P202,150,0,82,68,98,4
2026-10-03,S04,P203,91,0,54,37,99,3
2026-10-03,S04,P204,235,235,90,145,110,3
2026-10-03,S04,P205,49,0,12,37,27,4
2026-10-03,S04,P206,122,0,52,70,83,4
2026-10-03,S04,P207,252,252,82,170,114,4
2026-10-03,S04,P301,0,0,0,0,62,3
2026-10-03,S04,P302,214,0,44,170,85,1
2026-10-03,S04,P303,0,0,0,0,90,3
2026-10-03,S04,P304,45,0,45,0,79,2
2026-10-03,S04,P305,19,0,19,0,78,4
2026-10-03,S04,P306,0,0,0,0,127,3
2026-10-03,S04,P330,2,0,2,0,86,4
2026-10-03,S04,P401,113,0,47,66,73,1
2026-10-03,S04,P402,139,0,54,85,64,1
2026-10-03,S04,P403,97,0,20,77,44,1
2026-10-03,S04,P404,52,0,31,21,56,3
2026-10-03,S04,P405,142,142,34,108,53,2
2026-10-03,S04,P406,144,144,29,115,46,2
2026-10-03,S04,P407,43,0,35,8,57,3
2026-10-03,S04,P442,116,0,38,78,64,2
2026-10-03,S04,P501,100,100,15,85,29,2
2026-10-03,S04,P502,35,0,18,17,32,3
2026-10-03,S04,P503,66,66,25,41,34,2
2026-10-03,S04,P504,78,0,18,60,28,1
2026-10-03,S04,P505,61,0,17,44,25,1
2026-10-03,S04,P601,10,0,10,0,38,3
2026-10-03,S04,P602,80,67,18,62,30,1
2026-10-03,S04,P603,69,55,16,53,26,1
2026-10-03,S04,P604,54,0,20,30,25,1
2026-10-03,S04,P605,0,0,0,0,34,4
2026-10-03,S04,P701,102,102,25,77,41,2
2026-10-03,S04,P702,0,0,0,0,31,4
2026-10-03,S04,P703,11,0,11,0,45,3
2026-10-03,S04,P704,97,83,16,81,26,1
2026-10-03,S04,P801,13,0,13,0,64,3
2026-10-03,S04,P802,0,0,0,0,55,3
2026-10-03,S04,P803,112,112,34,78,38,3
2026-10-03,S05,P101,252,252,69,183,92,3
2026-10-03,S05,P102,204,204,31,173,72,3
2026-10-03,S05,P103,160,160,40,120,76,2
2026-10-03,S05,P104,161,139,40,121,56,1
2026-10-03,S05,P105,47,0,39,8,63,4
2026-10-03,S05,P106,58,0,46,12,69,3
2026-10-03,S05,P201,0,0,0,0,51,4
2026-10-03,S05,P202,85,0,38,47,69,3
2026-10-03,S05,P203,81,0,56,25,80,2
2026-10-03,S05,P204,102,0,46,56,60,2
2026-10-03,S05,P205,9,0,9,0,19,4
2026-10-03,S05,P206,44,0,30,14,50,2
2026-10-03,S05,P207,5,0,5,0,55,4
2026-10-03,S05,P301,30,0,30,0,63,2
2026-10-03,S05,P302,16,0,16,0,70,3
2026-10-03,S05,P303,144,144,34,110,73,3
2026-10-03,S05,P304,0,0,0,0,53,3
2026-10-03,S05,P305,127,124,27,100,45,2
2026-10-03,S05,P306,120,0,49,71,64,2
2026-10-03,S05,P330,173,154,27,146,49,1
2026-10-03,S05,P401,0,0,0,0,21,3
2026-10-03,S05,P402,39,0,15,24,30,3
2026-10-03,S05,P403,57,0,20,37,39,1
2026-10-03,S05,P404,4,0,4,0,21,3
2026-10-03,S05,P405,16,0,16,0,21,3
2026-10-03,S05,P406,64,0,16,48,31,1
2026-10-03,S05,P407,71,0,29,42,30,1
2026-10-03,S05,P442,74,0,35,39,53,3
2026-10-03,S05,P501,39,39,8,31,13,4
2026-10-03,S05,P502,3,0,3,0,14,3
2026-10-03,S05,P503,36,36,11,25,11,3
2026-10-03,S05,P504,83,68,18,65,24,1
2026-10-03,S05,P505,20,0,10,10,17,2
2026-10-03,S05,P601,15,0,8,7,13,2
2026-10-03,S05,P602,29,29,14,15,15,4
2026-10-03,S05,P603,34,0,13,21,19,1
2026-10-03,S05,P604,33,0,11,22,15,3
2026-10-03,S05,P605,11,0,5,6,11,2
2026-10-03,S05,P701,65,60,12,53,18,1
2026-10-03,S05,P702,89,66,16,73,25,1
2026-10-03,S05,P703,28,0,16,12,21,1
2026-10-03,S05,P704,84,62,13,71,25,1
2026-10-03,S05,P801,26,0,26,0,44,3
2026-10-03,S05,P802,55,0,15,40,32,3
2026-10-03,S05,P803,128,116,41,87,46,1
2026-10-03,S06,P101,0,0,0,0,86,4
2026-10-03,S06,P102,212,0,96,116,101,1
2026-10-03,S06,P103,99,0,97,2,142,2
2026-10-03,S06,P104,241,241,52,189,81,4
2026-10-03,S06,P105,12,0,12,0,98,4
2026-10-03,S06,P106,155,0,80,75,117,3
2026-10-03,S06,P201,167,0,49,118,88,1
2026-10-03,S06,P202,32,0,32,0,65,3
2026-10-03,S06,P203,197,196,44,153,60,2
2026-10-03,S06,P204,78,0,78,0,108,2
2026-10-03,S06,P205,44,0,15,29,29,4
2026-10-03,S06,P206,0,0,0,0,87,4
2026-10-03,S06,P207,0,0,0,0,73,3
2026-10-03,S06,P301,132,0,62,70,96,1
2026-10-03,S06,P302,266,245,39,227,76,1
2026-10-03,S06,P303,213,213,54,159,81,3
2026-10-03,S06,P304,70,0,37,33,72,2
2026-10-03,S06,P305,297,0,56,241,90,1
2026-10-03,S06,P306,118,0,74,44,82,3
2026-10-03,S06,P330,276,264,62,214,85,2
2026-10-03,S06,P401,114,0,24,90,48,1
2026-10-03,S06,P402,59,0,26,33,34,2
2026-10-03,S06,P403,44,0,32,12,42,2
2026-10-03,S06,P404,12,0,12,0,51,3
2026-10-03,S06,P405,0,0,0,0,60,4
2026-10-03,S06,P406,88,88,24,64,34,3
2026-10-03,S06,P407,47,0,22,25,41,3
2026-10-03,S06,P442,76,0,62,14,88,2
2026-10-03,S06,P501,62,62,13,49,25,3
2026-10-03,S06,P502,94,0,23,71,38,2
2026-10-03,S06,P503,25,0,25,0,34,2
2026-10-03,S06,P504,57,57,13,44,20,3
2026-10-03,S06,P505,15,0,15,0,27,3
2026-10-03,S06,P601,75,62,12,63,18,1
2026-10-03,S06,P602,42,0,19,23,33,2
2026-10-03,S06,P603,5,0,5,0,24,3
2026-10-03,S06,P604,42,0,9,33,19,1
2026-10-03,S06,P605,23,0,20,3,31,3
2026-10-03,S06,P701,26,0,13,13,20,1
2026-10-03,S06,P702,73,73,21,52,37,3
2026-10-03,S06,P703,32,0,23,9,32,1
2026-10-03,S06,P704,18,0,17,1,29,2
2026-10-03,S06,P801,146,0,26,120,53,1
2026-10-03,S06,P802,84,0,33,51,76,1
2026-10-03,S06,P803,30,0,27,3,53,4
2026-10-04,S01,P101,278,0,81,197,121,3
2026-10-04,S01,P102,72,0,53,19,98,2
2026-10-04,S01,P103,202,0,115,87,164,4
2026-10-04,S01,P104,3,0,3,0,143,3
2026-10-04,S01,P105,0,0,0,0,124,4
2026-10-04,S01,P106,241,241,86,155,126,3
2026-10-04,S01,P201,152,0,63,89,89,3
2026-10-04,S01,P202,156,0,67,89,150,1
2026-10-04,S01,P203,0,0,0,0,159,3
2026-10-04,S01,P204,264,264,67,197,117,3
2026-10-04,S01,P205,50,0,14,36,27,1
2026-10-04,S01,P206,311,311,76,235,92,3
2026-10-04,S01,P207,80,0,80,0,111,3
2026-10-04,S01,P301,103,0,72,31,139,2
2026-10-04,S01,P302,173,0,54,119,106,2
2026-10-04,S01,P303,270,0,72,198,109,3
2026-10-04,S01,P304,23,0,23,0,74,3
2026-10-04,S01,P305,12,0,12,0,76,2
2026-10-04,S01,P306,195,180,41,154,83,1
2026-10-04,S01,P330,27,0,27,0,93,4
2026-10-04,S01,P401,114,0,49,65,71,2
2026-10-04,S01,P402,21,0,21,0,46,2
2026-10-04,S01,P403,87,0,34,53,46,3
2026-10-04,S01,P404,108,0,40,68,61,4
2026-10-04,S01,P405,23,0,22,1,43,4
2026-10-04,S01,P406,176,176,45,131,71,4
2026-10-04,S01,P407,132,0,38,94,55,1
2026-10-04,S01,P442,41,0,41,0,132,3
2026-10-04,S01,P501,2,0,2,0,41,3
2026-10-04,S01,P502,70,0,12,58,28,1
2026-10-04,S01,P503,85,0,27,58,40,1
2026-10-04,S01,P504,82,0,17,68,30,3
2026-10-04,S01,P505,83,83,17,66,37,4
2026-10-04,S01,P601,31,0,19,12,32,2
2026-10-04,S01,P602,73,0,22,51,37,2
2026-10-04,S01,P603,15,0,15,0,36,4
2026-10-04,S01,P604,43,0,15,28,23,2
2026-10-04,S01,P605,124,107,24,100,33,1
2026-10-04,S01,P701,47,0,22,25,36,2
2026-10-04,S01,P702,141,141,39,102,53,4
2026-10-04,S01,P703,141,0,36,105,47,1
2026-10-04,S01,P704,3,0,3,5,33,3
2026-10-04,S01,P801,0,0,0,0,60,4
2026-10-04,S01,P802,248,248,65,183,90,2
2026-10-04,S01,P803,35,0,35,0,59,2
2026-10-04,S02,P101,506,0,202,304,333,3
2026-10-04,S02,P102,1002,770,253,749,347,1
2026-10-04,S02,P103,635,0,179,456,334,1
2026-10-04,S02,P104,936,0,124,812,268,1
2026-10-04,S02,P105,0,0,0,0,300,3
2026-10-04,S02,P106,422,0,161,261,294,2
2026-10-04,S02,P201,434,0,167,267,283,1
2026-10-04,S02,P202,582,0,221,361,316,1
2026-10-04,S02,P203,281,0,242,44,255,1
2026-10-04,S02,P204,0,0,0,0,215,4
2026-10-04,S02,P205,236,204,57,179,116,2
2026-10-04,S02,P206,608,608,184,424,196,3
2026-10-04,S02,P207,684,0,196,488,307,1
2026-10-04,S02,P301,489,0,123,366,177,1
2026-10-04,S02,P302,609,0,182,427,326,2
2026-10-04,S02,P303,396,0,159,237,224,1
2026-10-04,S02,P304,1010,0,220,790,325,1
2026-10-04,S02,P305,0,0,0,0,329,4
2026-10-04,S02,P306,0,0,0,0,214,4
2026-10-04,S02,P330,813,0,213,600,277,3
2026-10-04,S02,P401,78,0,78,0,111,3
2026-10-04,S02,P402,191,0,45,146,103,2
2026-10-04,S02,P403,128,0,65,63,114,4
2026-10-04,S02,P404,50,0,50,0,136,3
2026-10-04,S02,P405,286,286,86,200,164,3
2026-10-04,S02,P406,455,455,87,368,151,4
2026-10-04,S02,P407,162,0,94,68,189,2
2026-10-04,S02,P442,528,0,126,402,238,2
2026-10-04,S02,P501,20,0,20,0,80,4
2026-10-04,S02,P502,163,0,62,101,126,4
2026-10-04,S02,P503,5,0,5,0,106,3
2026-10-04,S02,P504,134,0,39,95,72,1
2026-10-04,S02,P505,192,192,47,145,73,4
2026-10-04,S02,P601,129,0,51,78,61,1
2026-10-04,S02,P602,159,0,59,100,99,1
2026-10-04,S02,P603,317,292,78,239,77,1
2026-10-04,S02,P604,0,0,0,0,84,4
2026-10-04,S02,P605,131,131,42,89,56,3
2026-10-04,S02,P701,219,0,50,169,101,2
2026-10-04,S02,P702,262,262,51,211,82,2
2026-10-04,S02,P703,157,154,60,97,78,2
2026-10-04,S02,P704,192,0,72,120,80,1
2026-10-04,S02,P801,132,0,95,37,134,3
2026-10-04,S02,P802,336,336,78,258,129,3
2026-10-04,S02,P803,123,0,111,12,194,2
2026-10-04,S03,P101,70,0,42,28,68,2
2026-10-04,S03,P102,208,0,60,148,93,2
2026-10-04,S03,P103,0,0,0,0,83,4
2026-10-04,S03,P104,78,0,46,32,63,1
2026-10-04,S03,P105,89,0,38,51,63,2
2026-10-04,S03,P106,243,243,59,184,84,4
2026-10-04,S03,P201,28,0,28,0,83,4
2026-10-04,S03,P202,101,0,58,43,75,4
2026-10-04,S03,P203,111,111,34,77,40,3
2026-10-04,S03,P204,132,0,48,84,89,2
2026-10-04,S03,P205,0,0,0,0,22,4
2026-10-04,S03,P206,109,0,42,67,67,4
2026-10-04,S03,P207,0,0,0,0,83,3
2026-10-04,S03,P301,122,0,33,89,59,1
2026-10-04,S03,P302,167,167,42,125,65,2
2026-10-04,S03,P303,0,0,0,0,86,3
2026-10-04,S03,P304,183,170,50,133,51,2
2026-10-04,S03,P305,93,0,48,45,81,1
2026-10-04,S03,P306,238,238,41,197,75,3
2026-10-04,S03,P330,235,190,53,182,66,1
2026-10-04,S03,P401,3,0,3,0,34,4
2026-10-04,S03,P402,49,0,21,28,33,4
2026-10-04,S03,P403,97,0,16,81,33,1
2026-10-04,S03,P404,9,0,9,0,23,2
2026-10-04,S03,P405,43,0,14,29,27,1
2026-10-04,S03,P406,27,0,24,3,35,3
2026-10-04,S03,P407,23,0,23,0,32,2
2026-10-04,S03,P442,231,195,58,173,72,1
2026-10-04,S03,P501,46,0,8,38,14,2
2026-10-04,S03,P502,49,49,16,33,22,4
2026-10-04,S03,P503,9,0,9,0,24,3
2026-10-04,S03,P504,0,0,0,0,16,4
2026-10-04,S03,P505,13,0,11,2,17,2
2026-10-04,S03,P601,19,0,13,6,18,1
2026-10-04,S03,P602,38,0,8,30,16,1
2026-10-04,S03,P603,0,0,0,0,13,4
2026-10-04,S03,P604,49,49,12,37,24,4
2026-10-04,S03,P605,25,0,19,9,19,4
2026-10-04,S03,P701,52,52,12,40,18,3
2026-10-04,S03,P702,43,43,11,32,17,4
2026-10-04,S03,P703,43,43,11,32,17,4
2026-10-04,S03,P704,48,0,19,29,26,1
2026-10-04,S03,P801,108,0,31,77,41,1
2026-10-04,S03,P802,0,0,0,0,36,3
2026-10-04,S03,P803,0,0,0,0,43,3
2026-10-04,S04,P101,0,0,0,0,95,4
2026-10-04,S04,P102,168,0,86,82,113,3
2026-10-04,S04,P103,147,0,66,81,105,4
2026-10-04,S04,P104,84,0,64,20,114,4
2026-10-04,S04,P105,155,0,83,72,145,3
2026-10-04,S04,P106,172,0,62,110,101,1
2026-10-04,S04,P201,124,0,67,57,96,1
2026-10-04,S04,P202,68,0,67,1,98,4
2026-10-04,S04,P203,37,0,37,5,99,3
2026-10-04,S04,P204,145,0,65,80,110,3
2026-10-04,S04,P205,37,0,14,23,27,4
2026-10-04,S04,P206,70,0,49,21,83,4
2026-10-04,S04,P207,170,0,78,92,114,4
2026-10-04,S04,P301,143,143,39,104,62,3
2026-10-04,S04,P302,170,0,47,123,85,1
2026-10-04,S04,P303,251,251,71,180,90,3
2026-10-04,S04,P304,157,157,39,118,79,2
2026-10-04,S04,P305,0,0,0,0,78,4
2026-10-04,S04,P306,358,358,66,292,127,3
2026-10-04,S04,P330,0,0,0,0,86,4
2026-10-04,S04,P401,206,140,38,168,73,1
2026-10-04,S04,P402,85,0,36,49,64,1
2026-10-04,S04,P403,77,0,22,55,44,1
2026-10-04,S04,P404,21,0,21,0,56,3
2026-10-04,S04,P405,108,0,37,71,53,2
2026-10-04,S04,P406,115,0,32,83,46,2
2026-10-04,S04,P407,8,0,8,0,57,3
2026-10-04,S04,P442,78,0,36,42,64,2
2026-10-04,S04,P501,85,0,13,72,29,2
2026-10-04,S04,P502,17,0,14,3,32,3
2026-10-04,S04,P503,41,0,20,21,34,2
2026-10-04,S04,P504,60,0,15,45,28,1
2026-10-04,S04,P505,44,0,15,29,25,1
2026-10-04,S04,P601,95,95,24,71,38,3
2026-10-04,S04,P602,62,0,16,46,30,1
2026-10-04,S04,P603,53,0,16,37,26,1
2026-10-04,S04,P604,34,0,17,17,25,1
2026-10-04,S04,P605,97,97,19,78,34,4
2026-10-04,S04,P701,77,0,26,51,41,2
2026-10-04,S04,P702,83,83,14,69,31,4
2026-10-04,S04,P703,86,86,31,55,45,3
2026-10-04,S04,P704,81,0,16,65,26,1
2026-10-04,S04,P801,0,0,0,0,64,3
2026-10-04,S04,P802,112,112,35,77,55,3
2026-10-04,S04,P803,78,0,25,53,38,3
2026-10-04,S05,P101,183,0,61,122,92,3
2026-10-04,S05,P102,173,0,53,120,72,3
2026-10-04,S05,P103,120,0,61,59,76,2
2026-10-04,S05,P104,121,0,37,84,56,1
2026-10-04,S05,P105,8,0,8,0,63,4
2026-10-04,S05,P106,12,0,12,0,69,3
2026-10-04,S05,P201,0,0,0,0,51,4
2026-10-04,S05,P202,47,0,47,0,69,3
2026-10-04,S05,P203,25,0,25,0,80,2
2026-10-04,S05,P204,56,0,44,12,60,2
2026-10-04,S05,P205,0,0,0,0,19,4
2026-10-04,S05,P206,126,112,28,98,50,2
2026-10-04,S05,P207,0,0,0,0,55,4
2026-10-04,S05,P301,104,104,35,69,63,2
2026-10-04,S05,P302,141,141,45,96,70,3
2026-10-04,S05,P303,110,0,36,74,73,3
2026-10-04,S05,P304,168,168,38,130,53,3
2026-10-04,S05,P305,100,0,23,77,45,2
2026-10-04,S05,P306,71,0,51,20,64,2
2026-10-04,S05,P330,146,0,34,112,49,1
2026-10-04,S05,P401,61,61,12,49,21,3
2026-10-04,S05,P402,24,0,18,6,30,3
2026-10-04,S05,P403,152,115,27,125,39,1
2026-10-04,S05,P404,0,0,0,0,21,3
2026-10-04,S05,P405,0,0,0,0,21,3
2026-10-04,S05,P406,48,0,16,32,31,1
2026-10-04,S05,P407,42,0,26,16,30,1
2026-10-04,S05,P442,39,0,32,7,53,3
2026-10-04,S05,P501,31,0,6,25,13,4
2026-10-04,S05,P502,45,45,10,35,14,3
2026-10-04,S05,P503,25,0,8,17,11,3
2026-10-04,S05,P504,65,0,8,57,24,1
2026-10-04,S05,P505,10,0,10,0,17,2
2026-10-04,S05,P601,7,0,7,0,13,2
2026-10-04,S05,P602,15,0,9,6,15,4
2026-10-04,S05,P603,21,0,9,12,19,1
2026-10-04,S05,P604,22,0,10,12,15,3
2026-10-04,S05,P605,6,0,6,0,11,2
2026-10-04,S05,P701,53,0,16,37,18,1
2026-10-04,S05,P702,73,0,17,56,25,1
2026-10-04,S05,P703,72,60,13,59,21,1
2026-10-04,S05,P704,71,0,16,55,25,1
2026-10-04,S05,P801,0,0,0,0,44,3
2026-10-04,S05,P802,40,0,20,20,32,3
2026-10-04,S05,P803,87,0,21,66,46,1
2026-10-04,S06,P101,0,0,0,0,86,4
2026-10-04,S06,P102,116,0,69,47,101,1
2026-10-04,S06,P103,235,233,93,142,142,2
2026-10-04,S06,P104,189,0,58,131,81,4
2026-10-04,S06,P105,0,0,0,0,98,4
2026-10-04,S06,P106,75,0,75,0,117,3
2026-10-04,S06,P201,118,0,84,34,88,1
2026-10-04,S06,P202,0,0,0,0,65,3
2026-10-04,S06,P203,153,0,43,110,60,2
2026-10-04,S06,P204,304,304,88,216,108,2
2026-10-04,S06,P205,29,0,19,10,29,4
2026-10-04,S06,P206,0,0,0,0,87,4
2026-10-04,S06,P207,172,172,65,107,73,3
2026-10-04,S06,P301,326,256,51,275,96,1
2026-10-04,S06,P302,227,0,44,183,76,1
2026-10-04,S06,P303,159,0,77,82,81,3
2026-10-04,S06,P304,181,148,33,148,72,2
2026-10-04,S06,P305,241,0,62,179,90,1
2026-10-04,S06,P306,44,0,44,0,82,3
2026-10-04,S06,P330,214,0,65,149,85,2
2026-10-04,S06,P401,90,0,33,57,48,1
2026-10-04,S06,P402,33,0,17,16,34,2
2026-10-04,S06,P403,12,0,12,0,42,2
2026-10-04,S06,P404,0,0,0,0,51,3
2026-10-04,S06,P405,168,168,38,130,60,4
2026-10-04,S06,P406,64,0,20,44,34,3
2026-10-04,S06,P407,25,0,25,0,41,3
2026-10-04,S06,P442,215,201,58,157,88,2
2026-10-04,S06,P501,49,0,23,26,25,3
2026-10-04,S06,P502,71,0,21,50,38,2
2026-10-04,S06,P503,67,67,17,50,34,2
2026-10-04,S06,P504,44,0,14,30,20,3
2026-10-04,S06,P505,0,0,0,0,27,3
2026-10-04,S06,P601,63,0,15,48,18,1
2026-10-04,S06,P602,23,0,16,7,33,2
2026-10-04,S06,P603,53,53,19,34,24,3
2026-10-04,S06,P604,33,0,9,24,19,1
2026-10-04,S06,P605,3,0,3,0,31,3
2026-10-04,S06,P701,65,52,14,51,20,1
2026-10-04,S06,P702,52,0,25,27,37,3
2026-10-04,S06,P703,123,114,29,94,32,1
2026-10-04,S06,P704,57,56,24,33,29,2
2026-10-04,S06,P801,120,0,28,92,53,1
2026-10-04,S06,P802,252,201,41,211,76,1
2026-10-04,S06,P803,3,0,3,0,53,4
2026-10-05,S01,P101,197,0,27,170,121,3
2026-10-05,S01,P102,295,276,54,241,98,2
2026-10-05,S01,P103,87,0,70,17,164,4
2026-10-05,S01,P104,358,358,51,307,143,3
2026-10-05,S01,P105,0,0,0,0,124,4
2026-10-05,S01,P106,155,0,44,111,126,3
2026-10-05,S01,P201,89,0,47,42,89,3
2026-10-05,S01,P202,462,373,62,400,150,1
2026-10-05,S01,P203,468,468,50,418,159,3
2026-10-05,S01,P204,197,0,40,157,117,3
2026-10-05,S01,P205,36,0,11,25,27,1
2026-10-05,S01,P206,235,0,46,189,92,3
2026-10-05,S01,P207,0,0,0,0,111,3
2026-10-05,S01,P301,272,241,47,225,139,2
2026-10-05,S01,P302,119,0,64,55,106,2
2026-10-05,S01,P303,198,0,47,151,109,3
2026-10-05,S01,P304,0,0,0,0,74,3
2026-10-05,S01,P305,192,192,41,151,76,2
2026-10-05,S01,P306,154,0,23,131,83,1
2026-10-05,S01,P330,0,0,0,0,93,4
2026-10-05,S01,P401,65,0,33,32,71,2
2026-10-05,S01,P402,92,92,13,79,46,2
2026-10-05,S01,P403,53,0,26,27,46,3
2026-10-05,S01,P404,68,0,26,42,61,4
2026-10-05,S01,P405,1,0,1,0,43,4
2026-10-05,S01,P406,131,0,17,114,71,4
2026-10-05,S01,P407,94,0,27,67,55,1
2026-10-05,S01,P442,364,364,52,312,132,3
2026-10-05,S01,P501,129,129,23,106,41,3
2026-10-05,S01,P502,58,0,11,47,28,1
2026-10-05,S01,P503,58,0,20,38,40,1
2026-10-05,S01,P504,65,0,17,48,30,3
2026-10-05,S01,P505,66,0,11,55,37,4
2026-10-05,S01,P601,88,76,15,73,32,2
2026-10-05,S01,P602,51,0,18,33,37,2
2026-10-05,S01,P603,0,0,0,0,36,4
2026-10-05,S01,P604,28,0,10,18,23,2
2026-10-05,S01,P605,100,0,10,90,33,1
2026-10-05,S01,P701,25,0,14,14,36,2
2026-10-05,S01,P702,102,0,15,87,53,4
2026-10-05,S01,P703,105,0,19,91,47,1
2026-10-05,S01,P704,93,93,7,86,33,3
2026-10-05,S01,P801,0,0,0,0,60,4
2026-10-05,S01,P802,183,0,33,150,90,2
2026-10-05,S01,P803,220,220,30,190,59,2
2026-10-05,S02,P101,304,0,217,87,333,3
2026-10-05,S02,P102,749,0,195,554,347,1
2026-10-05,S02,P103,456,0,126,330,334,1
2026-10-05,S02,P104,812,0,125,687,268,1
2026-10-05,S02,P105,545,545,114,431,300,3
2026-10-05,S02,P106,261,0,113,144,294,2
2026-10-05,S02,P201,1125,858,148,977,283,1
2026-10-05,S02,P202,361,0,130,231,316,1
2026-10-05,S02,P203,883,844,127,756,255,1
2026-10-05,S02,P204,542,542,79,463,215,4
2026-10-05,S02,P205,179,0,39,140,116,2
2026-10-05,S02,P206,424,0,109,315,196,3
2026-10-05,S02,P207,488,0,143,345,307,1
2026-10-05,S02,P301,366,0,52,314,177,1
2026-10-05,S02,P302,427,0,129,298,326,2
2026-10-05,S02,P303,237,0,61,176,224,1
2026-10-05,S02,P304,790,0,186,604,325,1
2026-10-05,S02,P305,0,0,0,0,329,4
2026-10-05,S02,P306,0,0,0,0,214,4
2026-10-05,S02,P330,600,0,160,440,277,3
2026-10-05,S02,P401,0,0,0,0,111,3
2026-10-05,S02,P402,146,0,33,113,103,2
2026-10-05,S02,P403,63,0,38,25,114,4
2026-10-05,S02,P404,290,290,56,234,136,3
2026-10-05,S02,P405,200,0,42,158,164,3
2026-10-05,S02,P406,368,0,70,298,151,4
2026-10-05,S02,P407,459,391,81,378,189,2
2026-10-05,S02,P442,402,0,103,299,238,2
2026-10-05,S02,P501,0,0,0,0,80,4
2026-10-05,S02,P502,101,0,38,63,126,4
2026-10-05,S02,P503,204,204,36,168,106,3
2026-10-05,S02,P504,95,0,22,73,72,1
2026-10-05,S02,P505,145,0,21,124,73,4
2026-10-05,S02,P601,78,0,26,52,61,1
2026-10-05,S02,P602,100,0,41,59,99,1
2026-10-05,S02,P603,239,0,28,211,77,1
2026-10-05,S02,P604,261,261,43,218,84,4
2026-10-05,S02,P605,89,0,30,59,56,3
2026-10-05,S02,P701,169,0,37,132,101,2
2026-10-05,S02,P702,211,0,35,176,82,2
2026-10-05,S02,P703,97,0,34,63,78,2
2026-10-05,S02,P704,120,0,49,71,80,1
2026-10-05,S02,P801,37,0,37,0,134,3
2026-10-05,S02,P802,258,0,54,204,129,3
2026-10-05,S02,P803,507,495,47,460,194,2
2026-10-05,S03,P101,28,0,18,10,68,2
2026-10-05,S03,P102,148,0,30,118,93,2
2026-10-05,S03,P103,265,265,48,217,83,4
2026-10-05,S03,P104,186,154,21,165,63,1
2026-10-05,S03,P105,51,0,24,27,63,2
2026-10-05,S03,P106,184,0,30,154,84,4
2026-10-05,S03,P201,0,0,0,0,83,4
2026-10-05,S03,P202,43,0,31,12,75,4
2026-10-05,S03,P203,77,0,14,63,40,3
2026-10-05,S03,P204,84,0,37,47,89,2
2026-10-05,S03,P205,39,39,9,30,22,4
2026-10-05,S03,P206,67,0,37,30,67,4
2026-10-05,S03,P207,193,193,23,170,83,3
2026-10-05,S03,P301,89,0,19,70,59,1
2026-10-05,S03,P302,125,0,30,95,65,2
2026-10-05,S03,P303,167,167,22,145,86,3
2026-10-05,S03,P304,133,0,23,110,51,2
2026-10-05,S03,P305,241,196,27,214,81,1
2026-10-05,S03,P306,197,0,38,159,75,3
2026-10-05,S03,P330,182,0,22,160,66,1
2026-10-05,S03,P401,0,0,0,0,34,4
2026-10-05,S03,P402,28,0,8,20,33,4
2026-10-05,S03,P403,81,0,10,71,33,1
2026-10-05,S03,P404,73,73,11,62,23,2
2026-10-05,S03,P405,29,0,10,19,27,1
2026-10-05,S03,P406,3,0,3,0,35,3
2026-10-05,S03,P407,82,82,10,72,32,2
2026-10-05,S03,P442,173,0,33,140,72,1
2026-10-05,S03,P501,38,0,5,33,14,2
2026-10-05,S03,P502,33,0,10,23,22,4
2026-10-05,S03,P503,58,58,7,51,24,3
2026-10-05,S03,P504,0,0,0,0,16,4
2026-10-05,S03,P505,50,48,9,41,17,2
2026-10-05,S03,P601,43,37,8,35,18,1
2026-10-05,S03,P602,30,0,7,23,16,1
2026-10-05,S03,P603,0,0,0,0,13,4
2026-10-05,S03,P604,37,0,13,24,24,4
2026-10-05,S03,P605,6,0,6,0,19,4
2026-10-05,S03,P701,40,0,8,32,18,3
2026-10-05,S03,P702,32,0,7,25,17,4
2026-10-05,S03,P703,32,0,8,24,17,4
2026-10-05,S03,P704,29,0,11,18,26,1
2026-10-05,S03,P801,77,0,14,63,41,1
2026-10-05,S03,P802,89,89,20,69,36,3
2026-10-05,S03,P803,78,78,17,61,43,3
2026-10-05,S04,P101,205,205,36,169,95,4
2026-10-05,S04,P102,82,0,56,26,113,3
2026-10-05,S04,P103,81,0,50,31,105,4
2026-10-05,S04,P104,20,0,20,0,114,4
2026-10-05,S04,P105,72,0,72,0,145,3
2026-10-05,S04,P106,110,0,47,63,101,1
2026-10-05,S04,P201,303,246,46,257,96,1
2026-10-05,S04,P202,1,0,1,0,98,4
2026-10-05,S04,P203,229,229,54,175,99,3
2026-10-05,S04,P204,80,0,43,37,110,3
2026-10-05,S04,P205,23,0,12,11,27,4
2026-10-05,S04,P206,21,0,21,0,83,4
2026-10-05,S04,P207,92,0,60,32,114,4
2026-10-05,S04,P301,104,0,36,68,62,3
2026-10-05,S04,P302,123,0,20,103,85,1
2026-10-05,S04,P303,180,0,56,124,90,3
2026-10-05,S04,P304,118,0,39,79,79,2
2026-10-05,S04,P305,258,258,37,221,78,4
2026-10-05,S04,P306,292,0,41,251,127,3
2026-10-05,S04,P330,186,186,41,145,86,4
2026-10-05,S04,P401,168,0,23,145,73,1
2026-10-05,S04,P402,203,154,24,179,64,1
2026-10-05,S04,P403,55,0,14,41,44,1
2026-10-05,S04,P404,135,135,25,110,56,3
2026-10-05,S04,P405,71,0,25,46,53,2
2026-10-05,S04,P406,83,0,16,67,46,2
2026-10-05,S04,P407,122,122,32,90,57,3
2026-10-05,S04,P442,42,0,25,22,64,2
2026-10-05,S04,P501,72,0,14,58,29,2
2026-10-05,S04,P502,3,0,3,0,32,3
2026-10-05,S04,P503,21,0,12,9,34,2
2026-10-05,S04,P504,45,0,11,34,28,1
2026-10-05,S04,P505,29,0,11,18,25,1
2026-10-05,S04,P601,71,0,9,62,38,3
2026-10-05,S04,P602,46,0,16,30,30,1
2026-10-05,S04,P603,37,0,11,26,26,1
2026-10-05,S04,P604,75,58,11,64,25,1
2026-10-05,S04,P605,78,0,15,63,34,4
2026-10-05,S04,P701,51,0,16,35,41,2
2026-10-05,S04,P702,69,0,14,55,31,4
2026-10-05,S04,P703,55,0,19,36,45,3
2026-10-05,S04,P704,65,0,15,50,26,1
2026-10-05,S04,P801,181,181,30,151,64,3
2026-10-05,S04,P802,77,0,16,61,55,3
2026-10-05,S04,P803,53,0,20,33,38,3
2026-10-05,S05,P101,122,0,38,84,92,3
2026-10-05,S05,P102,120,0,38,82,72,3
2026-10-05,S05,P103,59,0,31,28,76,2
2026-10-05,S05,P104,84,0,25,59,56,1
2026-10-05,S05,P105,0,0,0,0,63,4
2026-10-05,S05,P106,203,203,50,153,69,3
2026-10-05,S05,P201,177,177,24,153,51,4
2026-10-05,S05,P202,0,0,0,0,69,3
2026-10-05,S05,P203,192,192,30,162,80,2
2026-10-05,S05,P204,147,135,33,114,60,2
2026-10-05,S05,P205,0,0,0,0,19,4
2026-10-05,S05,P206,98,0,20,78,50,2
2026-10-05,S05,P207,136,136,28,108,55,4
2026-10-05,S05,P301,69,0,25,44,63,2
2026-10-05,S05,P302,96,0,25,71,70,3
2026-10-05,S05,P303,74,0,23,51,73,3
2026-10-05,S05,P304,130,0,17,113,53,3
2026-10-05,S05,P305,77,0,12,65,45,2
2026-10-05,S05,P306,20,0,20,0,64,2
2026-10-05,S05,P330,112,0,23,89,49,1
2026-10-05,S05,P401,49,0,8,41,21,3
2026-10-05,S05,P402,6,0,6,0,30,3
2026-10-05,S05,P403,125,0,18,107,39,1
2026-10-05,S05,P404,56,56,8,48,21,3
2026-10-05,S05,P405,67,67,10,57,21,3
2026-10-05,S05,P406,32,0,12,20,31,1
2026-10-05,S05,P407,121,105,16,105,30,1
2026-10-05,S05,P442,7,0,7,0,53,3
2026-10-05,S05,P501,25,0,4,21,13,4
2026-10-05,S05,P502,35,0,5,30,14,3
2026-10-05,S05,P503,17,0,4,13,11,3
2026-10-05,S05,P504,57,0,8,49,24,1
2026-10-05,S05,P505,38,38,9,29,17,2
2026-10-05,S05,P601,35,35,7,28,13,2
2026-10-05,S05,P602,6,0,6,0,15,4
2026-10-05,S05,P603,50,38,7,43,19,1
2026-10-05,S05,P604,12,0,5,7,15,3
2026-10-05,S05,P605,34,34,6,28,11,2
2026-10-05,S05,P701,37,0,14,23,18,1
2026-10-05,S05,P702,56,0,12,44,25,1
2026-10-05,S05,P703,59,0,13,46,21,1
2026-10-05,S05,P704,55,0,12,43,25,1
2026-10-05,S05,P801,111,111,14,97,44,3
2026-10-05,S05,P802,20,0,13,7,32,3
2026-10-05,S05,P803,66,0,19,47,46,1
2026-10-05,S06,P101,181,181,28,153,86,4
2026-10-05,S06,P102,374,327,53,321,101,1
2026-10-05,S06,P103,142,0,44,98,142,2
2026-10-05,S06,P104,131,0,53,78,81,4
2026-10-05,S06,P105,201,201,27,174,98,4
2026-10-05,S06,P106,0,0,0,0,117,3
2026-10-05,S06,P201,208,174,29,179,88,1
2026-10-05,S06,P202,183,183,23,160,65,3
2026-10-05,S06,P203,110,0,25,85,60,2
2026-10-05,S06,P204,216,0,45,171,108,2
2026-10-05,S06,P205,10,0,10,0,29,4
2026-10-05,S06,P206,283,283,58,225,87,4
2026-10-05,S06,P207,107,0,33,74,73,3
2026-10-05,S06,P301,275,0,48,227,96,1
2026-10-05,S06,P302,183,0,30,153,76,1
2026-10-05,S06,P303,82,0,40,42,81,3
2026-10-05,S06,P304,148,0,20,128,72,2
2026-10-05,S06,P305,179,0,50,129,90,1
2026-10-05,S06,P306,0,0,0,0,82,3
2026-10-05,S06,P330,149,0,49,100,85,2
2026-10-05,S06,P401,57,0,19,38,48,1
2026-10-05,S06,P402,104,88,13,91,34,2
2026-10-05,S06,P403,109,109,11,98,42,2
2026-10-05,S06,P404,135,135,15,120,51,3
2026-10-05,S06,P405,130,0,17,113,60,4
2026-10-05,S06,P406,44,0,16,28,34,3
2026-10-05,S06,P407,0,0,0,0,41,3
2026-10-05,S06,P442,157,0,28,129,88,2
2026-10-05,S06,P501,26,0,7,19,25,3
2026-10-05,S06,P502,50,0,13,37,38,2
2026-10-05,S06,P503,50,0,12,38,34,2
2026-10-05,S06,P504,30,0,8,22,20,3
2026-10-05,S06,P505,87,87,13,74,27,3
2026-10-05,S06,P601,48,0,9,39,18,1
2026-10-05,S06,P602,89,82,11,78,33,2
2026-10-05,S06,P603,34,0,8,26,24,3
2026-10-05,S06,P604,24,0,6,18,19,1
2026-10-05,S06,P605,76,76,11,65,31,3
2026-10-05,S06,P701,51,0,10,41,20,1
2026-10-05,S06,P702,27,0,16,11,37,3
2026-10-05,S06,P703,94,0,16,78,32,1
2026-10-05,S06,P704,33,0,17,16,29,2
2026-10-05,S06,P801,92,0,25,67,53,1
2026-10-05,S06,P802,211,0,32,179,76,1
2026-10-05,S06,P803,0,0,0,0,53,4
2026-10-06,S01,P101,170,0,60,110,121,3
2026-10-06,S01,P102,241,0,65,176,98,2
2026-10-06,S01,P103,17,0,17,0,164,4
2026-10-06,S01,P104,307,0,57,250,143,3
2026-10-06,S01,P105,404,404,56,348,124,4
2026-10-06,S01,P106,111,0,78,33,126,3
2026-10-06,S01,P201,42,0,39,3,89,3
2026-10-06,S01,P202,400,0,82,316,150,1
2026-10-06,S01,P203,418,0,67,351,159,3
2026-10-06,S01,P204,157,0,68,89,117,3
2026-10-06,S01,P205,78,53,11,67,27,1
2026-10-06,S01,P206,189,0,38,151,92,3
2026-10-06,S01,P207,240,240,58,182,111,3
2026-10-06,S01,P301,225,0,69,156,139,2
2026-10-06,S01,P302,55,0,55,0,106,2
2026-10-06,S01,P303,151,0,63,88,109,3
2026-10-06,S01,P304,272,272,33,237,74,3
2026-10-06,S01,P305,151,0,40,111,76,2
2026-10-06,S01,P306,131,0,42,89,83,1
2026-10-06,S01,P330,202,202,33,169,93,4
2026-10-06,S01,P401,214,182,26,188,71,2
2026-10-06,S01,P402,79,0,20,59,46,2
2026-10-06,S01,P403,27,0,27,0,46,3
2026-10-06,S01,P404,42,0,31,11,61,4
2026-10-06,S01,P405,0,0,0,0,43,4
2026-10-06,S01,P406,114,0,26,88,71,4
2026-10-06,S01,P407,67,0,25,42,55,1
2026-10-06,S01,P442,312,0,49,263,132,3
2026-10-06,S01,P501,106,0,21,85,41,3
2026-10-06,S01,P502,47,0,10,37,28,1
2026-10-06,S01,P503,161,123,19,142,40,1
2026-10-06,S01,P504,48,0,18,30,30,3
2026-10-06,S01,P505,55,0,15,40,37,4
2026-10-06,S01,P601,73,0,13,60,32,2
2026-10-06,S01,P602,33,0,17,16,37,2
2026-10-06,S01,P603,85,85,19,66,36,4
2026-10-06,S01,P604,18,0,12,6,23,2
2026-10-06,S01,P605,90,0,12,78,33,1
2026-10-06,S01,P701,114,103,17,97,36,2
2026-10-06,S01,P702,87,0,22,65,53,4
2026-10-06,S01,P703,86,0,19,67,47,1
2026-10-06,S01,P704,86,0,12,74,33,3
2026-10-06,S01,P801,200,200,28,172,60,4
2026-10-06,S01,P802,150,0,44,106,90,2
2026-10-06,S01,P803,190,0,34,156,59,2
2026-10-06,S02,P101,87,0,87,0,333,3
2026-10-06,S02,P102,554,0,227,327,347,1
2026-10-06,S02,P103,901,571,176,725,334,1
2026-10-06,S02,P104,687,0,136,551,268,1
2026-10-06,S02,P105,431,0,234,197,300,3
2026-10-06,S02,P106,878,730,162,716,294,2
2026-10-06,S02,P201,977,0,143,837,283,1
2026-10-06,S02,P202,990,759,189,801,316,1
2026-10-06,S02,P203,756,0,196,560,255,1
2026-10-06,S02,P204,463,0,121,342,215,4
2026-10-06,S02,P205,140,0,61,79,116,2
2026-10-06,S02,P206,315,0,91,222,196,3
2026-10-06,S02,P207,345,0,151,194,307,1
2026-10-06,S02,P301,314,0,97,217,177,1
2026-10-06,S02,P302,298,0,153,145,326,2
2026-10-06,S02,P303,851,675,146,705,224,1
2026-10-06,S02,P304,604,0,132,472,325,1
2026-10-06,S02,P305,734,734,128,606,329,4
2026-10-06,S02,P306,745,745,98,647,214,4
2026-10-06,S02,P330,440,0,213,227,277,3
2026-10-06,S02,P401,341,341,58,283,111,3
2026-10-06,S02,P402,113,0,36,77,103,2
2026-10-06,S02,P403,25,0,25,0,114,4
2026-10-06,S02,P404,234,0,63,171,136,3
2026-10-06,S02,P405,158,0,71,87,164,3
2026-10-06,S02,P406,298,0,58,240,151,4
2026-10-06,S02,P407,378,0,75,303,189,2
2026-10-06,S02,P442,299,0,79,220,238,2
2026-10-06,S02,P501,273,273,48,225,80,4
2026-10-06,S02,P502,63,0,42,21,126,4
2026-10-06,S02,P503,168,0,72,96,106,3
2026-10-06,S02,P504,73,0,31,42,72,1
2026-10-06,S02,P505,124,0,35,87,73,4
2026-10-06,S02,P601,211,159,56,155,61,1
2026-10-06,S02,P602,323,264,50,273,99,1
2026-10-06,S02,P603,211,0,33,178,77,1
2026-10-06,S02,P604,218,0,38,180,84,4
2026-10-06,S02,P605,59,0,27,32,56,3
2026-10-06,S02,P701,132,0,46,86,101,2
2026-10-06,S02,P702,176,0,43,133,82,2
2026-10-06,S02,P703,63,0,34,29,78,2
2026-10-06,S02,P704,254,183,41,213,80,1
2026-10-06,S02,P801,279,279,58,221,134,3
2026-10-06,S02,P802,204,0,86,118,129,3
2026-10-06,S02,P803,460,0,75,385,194,2
2026-10-06,S03,P101,204,194,31,173,68,2
2026-10-06,S03,P102,118,0,47,71,93,2
2026-10-06,S03,P103,217,0,42,175,83,4
2026-10-06,S03,P104,165,0,26,139,63,1
2026-10-06,S03,P105,197,170,33,164,63,2
2026-10-06,S03,P106,154,0,32,122,84,4
2026-10-06,S03,P201,245,245,39,206,83,4
2026-10-06,S03,P202,12,0,12,0,75,4
2026-10-06,S03,P203,63,0,24,39,40,3
2026-10-06,S03,P204,199,152,44,155,89,2
2026-10-06,S03,P205,30,0,10,20,22,4
2026-10-06,S03,P206,30,0,30,0,67,4
2026-10-06,S03,P207,170,0,49,121,83,3
2026-10-06,S03,P301,70,0,32,38,59,1
2026-10-06,S03,P302,95,0,38,57,65,2
2026-10-06,S03,P303,145,0,35,110,86,3
2026-10-06,S03,P304,110,0,27,83,51,2
2026-10-06,S03,P305,214,0,36,178,81,1
2026-10-06,S03,P306,159,0,42,117,75,3
2026-10-06,S03,P330,160,0,36,124,66,1
2026-10-06,S03,P401,84,84,13,71,34,4
2026-10-06,S03,P402,20,0,17,3,33,4
2026-10-06,S03,P403,71,0,14,57,33,1
2026-10-06,S03,P404,62,0,15,47,23,2
2026-10-06,S03,P405,88,69,10,78,27,1
2026-10-06,S03,P406,92,92,17,75,35,3
2026-10-06,S03,P407,72,0,16,56,32,2
2026-10-06,S03,P442,140,0,35,105,72,1
2026-10-06,S03,P501,33,0,11,22,14,2
2026-10-06,S03,P502,23,0,9,14,22,4
2026-10-06,S03,P503,51,0,9,42,24,3
2026-10-06,S03,P504,54,54,8,44,16,4
2026-10-06,S03,P505,41,0,7,34,17,2
2026-10-06,S03,P601,35,0,11,24,18,1
2026-10-06,S03,P602,23,0,6,17,16,1
2026-10-06,S03,P603,34,34,6,28,13,4
2026-10-06,S03,P604,24,0,9,15,24,4
2026-10-06,S03,P605,0,0,0,0,19,4
2026-10-06,S03,P701,32,0,7,25,18,3
2026-10-06,S03,P702,25,0,13,12,17,4
2026-10-06,S03,P703,24,0,11,13,17,4
2026-10-06,S03,P704,71,53,11,60,26,1
2026-10-06,S03,P801,63,0,18,45,41,1
2026-10-06,S03,P802,69,0,24,45,36,3
2026-10-06,S03,P803,61,0,25,36,43,3
2026-10-06,S04,P101,169,0,48,121,95,4
2026-10-06,S04,P102,26,0,26,0,113,3
2026-10-06,S04,P103,31,0,31,0,105,4
2026-10-06,S04,P104,0,0,0,0,114,4
2026-10-06,S04,P105,0,0,0,0,145,3
2026-10-06,S04,P106,255,192,45,210,101,1
2026-10-06,S04,P201,257,0,51,206,96,1
2026-10-06,S04,P202,0,0,0,0,98,4
2026-10-06,S04,P203,175,0,70,105,99,3
2026-10-06,S04,P204,37,0,37,0,110,3
2026-10-06,S04,P205,11,0,11,3,27,4
2026-10-06,S04,P206,0,0,0,0,83,4
2026-10-06,S04,P207,32,0,32,0,114,4
2026-10-06,S04,P301,68,0,27,41,62,3
2026-10-06,S04,P302,103,0,35,68,85,1
2026-10-06,S04,P303,124,0,67,57,90,3
2026-10-06,S04,P304,79,0,42,37,79,2
2026-10-06,S04,P305,221,0,37,184,78,4
2026-10-06,S04,P306,251,0,49,202,127,3
2026-10-06,S04,P330,145,0,42,103,86,4
2026-10-06,S04,P401,145,0,27,118,73,1
2026-10-06,S04,P402,179,0,23,156,64,1
2026-10-06,S04,P403,147,106,22,125,44,1
2026-10-06,S04,P404,110,0,33,77,56,3
2026-10-06,S04,P405,46,0,31,15,53,2
2026-10-06,S04,P406,67,0,21,46,46,2
2026-10-06,S04,P407,90,0,30,60,57,3
2026-10-06,S04,P442,176,159,30,146,64,2
2026-10-06,S04,P501,58,0,14,44,29,2
2026-10-06,S04,P502,79,79,8,71,32,3
2026-10-06,S04,P503,71,62,11,60,34,2
2026-10-06,S04,P504,34,0,13,21,28,1
2026-10-06,S04,P505,100,82,11,89,25,1
2026-10-06,S04,P601,62,0,23,39,38,3
2026-10-06,S04,P602,30,0,13,17,30,1
2026-10-06,S04,P603,26,0,11,15,26,1
2026-10-06,S04,P604,64,0,15,49,25,1
2026-10-06,S04,P605,63,0,15,48,34,4
2026-10-06,S04,P701,35,0,31,4,41,2
2026-10-06,S04,P702,55,0,14,41,31,4
2026-10-06,S04,P703,36,0,20,16,45,3
2026-10-06,S04,P704,50,0,14,36,26,1
2026-10-06,S04,P801,151,0,37,114,64,3
2026-10-06,S04,P802,61,0,22,39,55,3
2026-10-06,S04,P803,33,0,26,7,38,3
2026-10-06,S05,P101,84,0,36,48,92,3
2026-10-06,S05,P102,82,0,36,46,72,3
2026-10-06,S05,P103,195,167,33,162,76,2
2026-10-06,S05,P104,59,0,31,28,56,1
2026-10-06,S05,P105,143,143,28,115,63,4
2026-10-06,S05,P106,153,0,42,111,69,3
2026-10-06,S05,P201,153,0,23,130,51,4
2026-10-06,S05,P202,190,190,21,169,69,3
2026-10-06,S05,P203,162,0,34,128,80,2
2026-10-06,S05,P204,114,0,25,89,60,2
2026-10-06,S05,P205,55,55,8,47,19,4
2026-10-06,S05,P206,78,0,21,57,50,2
2026-10-06,S05,P207,108,0,35,73,55,4
2026-10-06,S05,P301,44,0,22,22,63,2
2026-10-06,S05,P302,71,0,24,47,70,3
2026-10-06,S05,P303,51,0,32,19,73,3
2026-10-06,S05,P304,113,0,32,81,53,3
2026-10-06,S05,P305,65,0,19,46,45,2
2026-10-06,S05,P306,184,184,42,142,64,2
2026-10-06,S05,P330,89,0,26,63,49,1
2026-10-06,S05,P401,41,0,9,32,21,3
2026-10-06,S05,P402,79,79,12,67,30,3
2026-10-06,S05,P403,107,0,18,89,39,1
2026-10-06,S05,P404,48,0,9,39,21,3
2026-10-06,S05,P405,57,0,9,48,21,3
2026-10-06,S05,P406,74,54,13,61,31,1
2026-10-06,S05,P407,105,0,20,85,30,1
2026-10-06,S05,P442,108,108,25,83,53,3
2026-10-06,S05,P501,21,0,9,12,13,4
2026-10-06,S05,P502,30,0,8,22,14,3
2026-10-06,S05,P503,13,0,5,8,11,3
2026-10-06,S05,P504,49,0,14,35,24,1
2026-10-06,S05,P505,29,0,8,21,17,2
2026-10-06,S05,P601,28,0,7,21,13,2
2026-10-06,S05,P602,0,0,0,0,15,4
2026-10-06,S05,P603,43,0,8,35,19,1
2026-10-06,S05,P604,7,0,7,0,15,3
2026-10-06,S05,P605,28,0,7,21,11,2
2026-10-06,S05,P701,23,0,10,13,18,1
2026-10-06,S05,P702,44,0,11,33,25,1
2026-10-06,S05,P703,46,0,11,35,21,1
2026-10-06,S05,P704,43,0,10,33,25,1
2026-10-06,S05,P801,97,0,19,78,44,3
2026-10-06,S05,P802,7,0,7,0,32,3
2026-10-06,S05,P803,47,0,28,19,46,1
2026-10-06,S06,P101,153,0,47,106,86,4
2026-10-06,S06,P102,321,0,45,276,101,1
2026-10-06,S06,P103,98,0,53,45,142,2
2026-10-06,S06,P104,78,0,44,34,81,4
2026-10-06,S06,P105,174,0,50,124,98,4
2026-10-06,S06,P106,291,291,45,246,117,3
2026-10-06,S06,P201,179,0,44,135,88,1
2026-10-06,S06,P202,160,0,30,130,65,3
2026-10-06,S06,P203,85,0,27,58,60,2
2026-10-06,S06,P204,171,0,42,129,108,2
2026-10-06,S06,P205,0,0,0,0,29,4
2026-10-06,S06,P206,225,0,61,164,87,4
2026-10-06,S06,P207,74,0,47,27,73,3
2026-10-06,S06,P301,227,0,46,181,96,1
2026-10-06,S06,P302,153,0,30,123,76,1
2026-10-06,S06,P303,42,0,42,0,81,3
2026-10-06,S06,P304,128,0,31,97,72,2
2026-10-06,S06,P305,129,0,62,67,90,1
2026-10-06,S06,P306,185,185,38,147,82,3
2026-10-06,S06,P330,100,0,35,65,85,2
2026-10-06,S06,P401,158,120,20,138,48,1
2026-10-06,S06,P402,91,0,20,71,34,2
2026-10-06,S06,P403,98,0,24,74,42,2
2026-10-06,S06,P404,120,0,20,100,51,3
2026-10-06,S06,P405,113,0,19,94,60,4
2026-10-06,S06,P406,28,0,15,13,34,3
2026-10-06,S06,P407,72,72,20,52,41,3
2026-10-06,S06,P442,129,0,31,98,88,2
2026-10-06,S06,P501,19,0,10,9,25,3
2026-10-06,S06,P502,37,0,11,26,38,2
2026-10-06,S06,P503,38,0,16,22,34,2
2026-10-06,S06,P504,22,0,7,15,20,3
2026-10-06,S06,P505,74,0,16,58,27,3
2026-10-06,S06,P601,39,0,10,29,18,1
2026-10-06,S06,P602,78,0,20,58,33,2
2026-10-06,S06,P603,26,0,16,10,24,3
2026-10-06,S06,P604,53,35,8,45,19,1
2026-10-06,S06,P605,65,0,14,54,31,3
2026-10-06,S06,P701,41,0,8,33,20,1
2026-10-06,S06,P702,11,0,11,0,37,3
2026-10-06,S06,P703,78,0,17,61,32,1
2026-10-06,S06,P704,16,0,16,0,29,2
2026-10-06,S06,P801,67,0,22,45,53,1
2026-10-06,S06,P802,179,0,31,148,76,1
2026-10-06,S06,P803,169,169,33,136,53,4
2026-10-07,S01,P101,110,0,57,53,121,3
2026-10-07,S01,P102,176,0,61,115,98,2
2026-10-07,S01,P103,0,0,0,0,164,4
2026-10-07,S01,P104,250,0,61,189,143,3
2026-10-07,S01,P105,348,0,54,294,124,4
2026-10-07,S01,P106,33,0,33,0,126,3
2026-10-07,S01,P201,3,0,3,0,89,3
2026-10-07,S01,P202,318,0,44,274,150,1
2026-10-07,S01,P203,351,0,66,285,159,3
2026-10-07,S01,P204,89,0,82,7,117,3
2026-10-07,S01,P205,67,0,17,50,27,1
2026-10-07,S01,P206,151,0,39,112,92,3
2026-10-07,S01,P207,182,0,41,141,111,3
2026-10-07,S01,P301,156,0,60,96,139,2
2026-10-07,S01,P302,242,242,72,170,106,2
2026-10-07,S01,P303,88,0,41,47,109,3
2026-10-07,S01,P304,239,0,32,207,74,3
2026-10-07,S01,P305,111,0,32,79,76,2
2026-10-07,S01,P306,89,0,29,60,83,1
2026-10-07,S01,P330,169,0,28,141,93,4
2026-10-07,S01,P401,188,0,27,161,71,2
2026-10-07,S01,P402,59,0,25,34,46,2
2026-10-07,S01,P403,0,0,0,0,46,3
2026-10-07,S01,P404,11,0,11,5,61,4
2026-10-07,S01,P405,112,112,15,97,43,4
2026-10-07,S01,P406,88,0,29,59,71,4
2026-10-07,S01,P407,191,149,26,165,55,1
2026-10-07,S01,P442,263,0,71,192,132,3
2026-10-07,S01,P501,85,0,14,71,41,3
2026-10-07,S01,P502,37,0,13,29,28,1
2026-10-07,S01,P503,142,0,25,117,40,1
2026-10-07,S01,P504,30,0,16,14,30,3
2026-10-07,S01,P505,40,0,18,22,37,4
2026-10-07,S01,P601,60,0,12,48,32,2
2026-10-07,S01,P602,99,83,25,74,37,2
2026-10-07,S01,P603,66,0,15,51,36,4
2026-10-07,S01,P604,64,58,10,54,23,2
2026-10-07,S01,P605,78,0,14,64,33,1
2026-10-07,S01,P701,97,0,16,81,36,2
2026-10-07,S01,P702,65,0,23,42,53,4
2026-10-07,S01,P703,67,0,24,43,47,1
2026-10-07,S01,P704,74,0,18,56,33,3
2026-10-07,S01,P801,172,0,28,144,60,4
2026-10-07,S01,P802,106,0,58,48,90,2
2026-10-07,S01,P803,156,0,37,119,59,2
2026-10-07,S02,P101,1037,1037,173,864,333,3
2026-10-07,S02,P102,1500,1173,200,1300,347,1
2026-10-07,S02,P103,725,0,173,552,334,1
2026-10-07,S02,P104,551,0,150,401,268,1
2026-10-07,S02,P105,197,0,169,33,300,3
2026-10-07,S02,P106,716,0,146,570,294,2
2026-10-07,S02,P201,834,0,129,705,283,1
2026-10-07,S02,P202,801,0,172,629,316,1
2026-10-07,S02,P203,560,0,152,408,255,1
2026-10-07,S02,P204,342,0,80,262,215,4
2026-10-07,S02,P205,79,0,50,29,116,2
2026-10-07,S02,P206,224,0,121,103,196,3
2026-10-07,S02,P207,948,754,176,772,307,1
2026-10-07,S02,P301,217,0,131,86,177,1
2026-10-07,S02,P302,966,821,219,747,326,2
2026-10-07,S02,P303,705,0,126,579,224,1
2026-10-07,S02,P304,472,0,117,355,325,1
2026-10-07,S02,P305,606,0,162,444,329,4
2026-10-07,S02,P306,647,0,116,531,214,4
2026-10-07,S02,P330,227,0,227,0,277,3
2026-10-07,S02,P401,283,0,52,231,111,3
2026-10-07,S02,P402,77,0,50,27,103,2
2026-10-07,S02,P403,0,0,0,0,114,4
2026-10-07,S02,P404,171,0,64,107,136,3
2026-10-07,S02,P405,87,0,87,0,164,3
2026-10-07,S02,P406,240,0,84,156,151,4
2026-10-07,S02,P407,303,0,82,221,189,2
2026-10-07,S02,P442,220,0,69,151,238,2
2026-10-07,S02,P501,225,0,38,187,80,4
2026-10-07,S02,P502,21,0,21,0,126,4
2026-10-07,S02,P503,96,0,51,45,106,3
2026-10-07,S02,P504,242,200,33,209,72,1
2026-10-07,S02,P505,89,0,38,51,73,4
2026-10-07,S02,P601,155,0,30,125,61,1
2026-10-07,S02,P602,273,0,46,227,99,1
2026-10-07,S02,P603,178,0,32,146,77,1
2026-10-07,S02,P604,180,0,43,137,84,4
2026-10-07,S02,P605,32,0,29,3,56,3
2026-10-07,S02,P701,86,0,55,31,101,2
2026-10-07,S02,P702,133,0,52,81,82,2
2026-10-07,S02,P703,190,161,43,147,78,2
2026-10-07,S02,P704,213,0,62,151,80,1
2026-10-07,S02,P801,221,0,68,153,134,3
2026-10-07,S02,P802,118,0,94,24,129,3
2026-10-07,S02,P803,385,0,96,289,194,2
2026-10-07,S03,P101,173,0,30,143,68,2
2026-10-07,S03,P102,71,0,37,34,93,2
2026-10-07,S03,P103,175,0,52,123,83,4
2026-10-07,S03,P104,139,0,34,105,63,1
2026-10-07,S03,P105,164,0,30,134,63,2
2026-10-07,S03,P106,122,0,58,64,84,4
2026-10-07,S03,P201,206,0,37,169,83,4
2026-10-07,S03,P202,0,0,0,0,75,4
2026-10-07,S03,P203,39,0,25,14,40,3
2026-10-07,S03,P204,155,0,46,109,89,2
2026-10-07,S03,P205,20,0,7,13,22,4
2026-10-07,S03,P206,0,0,0,0,67,4
2026-10-07,S03,P207,121,0,41,80,83,3
2026-10-07,S03,P301,162,124,19,143,59,1
2026-10-07,S03,P302,57,0,37,20,65,2
2026-10-07,S03,P303,110,0,24,86,86,3
2026-10-07,S03,P304,83,0,23,60,51,2
2026-10-07,S03,P305,178,0,41,137,81,1
2026-10-07,S03,P306,117,0,48,69,75,3
2026-10-07,S03,P330,124,0,26,98,66,1
2026-10-07,S03,P401,71,0,22,49,34,4
2026-10-07,S03,P402,3,0,3,0,33,4
2026-10-07,S03,P403,57,0,17,38,33,1
2026-10-07,S03,P404,47,0,16,31,23,2
2026-10-07,S03,P405,78,0,10,68,27,1
2026-10-07,S03,P406,75,0,16,59,35,3
2026-10-07,S03,P407,56,0,13,43,32,2
2026-10-07,S03,P442,105,0,37,68,72,1
2026-10-07,S03,P501,22,0,8,14,14,2
2026-10-07,S03,P502,14,0,14,0,22,4
2026-10-07,S03,P503,42,0,11,31,24,3
2026-10-07,S03,P504,46,0,12,34,16,4
2026-10-07,S03,P505,34,0,6,28,17,2
2026-10-07,S03,P601,24,0,10,14,18,1
2026-10-07,S03,P602,17,0,7,10,16,1
2026-10-07,S03,P603,28,0,7,21,13,4
2026-10-07,S03,P604,15,0,11,4,24,4
2026-10-07,S03,P605,0,0,0,0,19,4
2026-10-07,S03,P701,25,0,7,18,18,3
2026-10-07,S03,P702,12,0,7,5,17,4
2026-10-07,S03,P703,13,0,8,5,17,4
2026-10-07,S03,P704,60,0,19,41,26,1
2026-10-07,S03,P801,45,0,19,26,41,1
2026-10-07,S03,P802,45,0,16,29,36,3
2026-10-07,S03,P803,36,0,14,22,43,3
2026-10-07,S04,P101,121,0,41,80,95,4
2026-10-07,S04,P102,251,251,76,175,113,3
2026-10-07,S04,P103,0,0,0,0,105,4
2026-10-07,S04,P104,291,291,64,227,114,4
2026-10-07,S04,P105,266,266,76,190,145,3
2026-10-07,S04,P106,210,0,51,159,101,1
2026-10-07,S04,P201,206,0,46,160,96,1
2026-10-07,S04,P202,305,305,62,243,98,4
2026-10-07,S04,P203,105,0,74,31,99,3
2026-10-07,S04,P204,258,258,93,165,110,3
2026-10-07,S04,P205,0,0,0,0,27,4
2026-10-07,S04,P206,171,171,34,137,83,4
2026-10-07,S04,P207,0,0,0,0,114,4
2026-10-07,S04,P301,41,0,33,8,62,3
2026-10-07,S04,P302,268,200,35,233,85,1
2026-10-07,S04,P303,57,0,51,6,90,3
2026-10-07,S04,P304,37,0,30,7,79,2
2026-10-07,S04,P305,184,0,27,157,78,4
2026-10-07,S04,P306,202,0,55,147,127,3
2026-10-07,S04,P330,103,0,53,50,86,4
2026-10-07,S04,P401,118,0,30,88,73,1
2026-10-07,S04,P402,156,0,39,117,64,1
2026-10-07,S04,P403,125,0,16,109,44,1
2026-10-07,S04,P404,77,0,31,46,56,3
2026-10-07,S04,P405,120,105,18,102,53,2
2026-10-07,S04,P406,46,0,30,16,46,2
2026-10-07,S04,P407,60,0,21,44,57,3
2026-10-07,S04,P442,146,0,28,118,64,2
2026-10-07,S04,P501,44,0,24,20,29,2
2026-10-07,S04,P502,71,0,13,58,32,3
2026-10-07,S04,P503,60,0,15,45,34,2
2026-10-07,S04,P504,100,79,13,87,28,1
2026-10-07,S04,P505,89,0,10,79,25,1
2026-10-07,S04,P601,39,0,15,24,38,3
2026-10-07,S04,P602,119,102,15,104,30,1
2026-10-07,S04,P603,90,75,10,80,26,1
2026-10-07,S04,P604,49,0,12,37,25,1
2026-10-07,S04,P605,48,0,17,31,34,4
2026-10-07,S04,P701,118,114,21,97,41,2
2026-10-07,S04,P702,41,0,16,25,31,4
2026-10-07,S04,P703,16,0,16,0,45,3
2026-10-07,S04,P704,36,0,12,24,26,1
2026-10-07,S04,P801,114,0,34,80,64,3
2026-10-07,S04,P802,39,0,20,19,55,3
2026-10-07,S04,P803,7,0,7,0,38,3
2026-10-07,S05,P101,48,0,46,2,92,3
2026-10-07,S05,P102,46,0,29,17,72,3
2026-10-07,S05,P103,162,0,23,139,76,2
2026-10-07,S05,P104,154,126,26,128,56,1
2026-10-07,S05,P105,115,0,36,79,63,4
2026-10-07,S05,P106,111,0,36,75,69,3
2026-10-07,S05,P201,130,0,20,110,51,4
2026-10-07,S05,P202,169,0,40,129,69,3
2026-10-07,S05,P203,128,0,39,89,80,2
2026-10-07,S05,P204,89,0,29,60,60,2
2026-10-07,S05,P205,47,0,10,37,19,4
2026-10-07,S05,P206,57,0,20,37,50,2
2026-10-07,S05,P207,73,0,27,46,55,4
2026-10-07,S05,P301,195,173,24,171,63,2
2026-10-07,S05,P302,47,0,32,15,70,3
2026-10-07,S05,P303,19,0,19,0,73,3
2026-10-07,S05,P304,81,0,30,51,53,3
2026-10-07,S05,P305,46,0,17,29,45,2
2026-10-07,S05,P306,142,0,29,113,64,2
2026-10-07,S05,P330,63,0,22,41,49,1
2026-10-07,S05,P401,32,0,9,23,21,3
2026-10-07,S05,P402,67,0,15,52,30,3
2026-10-07,S05,P403,89,0,14,75,39,1
2026-10-07,S05,P404,39,0,9,30,21,3
2026-10-07,S05,P405,48,0,12,36,21,3
2026-10-07,S05,P406,61,0,17,44,31,1
2026-10-07,S05,P407,85,0,12,73,30,1
2026-10-07,S05,P442,83,0,23,60,53,3
2026-10-07,S05,P501,12,0,9,3,13,4
2026-10-07,S05,P502,22,0,6,16,14,3
2026-10-07,S05,P503,8,0,5,3,11,3
2026-10-07,S05,P504,35,0,8,27,24,1
2026-10-07,S05,P505,21,0,10,11,17,2
2026-10-07,S05,P601,21,0,8,13,13,2
2026-10-07,S05,P602,0,0,0,0,15,4
2026-10-07,S05,P603,35,0,7,28,19,1
2026-10-07,S05,P604,32,32,7,25,15,3
2026-10-07,S05,P605,21,0,4,17,11,2
2026-10-07,S05,P701,66,53,13,53,18,1
2026-10-07,S05,P702,33,0,11,22,25,1
2026-10-07,S05,P703,35,0,12,23,21,1
2026-10-07,S05,P704,33,0,16,17,25,1
2026-10-07,S05,P801,78,0,20,58,44,3
2026-10-07,S05,P802,64,64,15,49,32,3
2026-10-07,S05,P803,116,97,12,104,46,1
2026-10-07,S06,P101,106,0,34,72,86,4
2026-10-07,S06,P102,276,0,47,229,101,1
2026-10-07,S06,P103,292,247,58,234,142,2
2026-10-07,S06,P104,34,0,34,0,81,4
2026-10-07,S06,P105,124,0,51,73,98,4
2026-10-07,S06,P106,246,0,44,202,117,3
2026-10-07,S06,P201,135,0,55,80,88,1
2026-10-07,S06,P202,130,0,31,99,65,3
2026-10-07,S06,P203,58,0,30,28,60,2
2026-10-07,S06,P204,129,0,69,60,108,2
2026-10-07,S06,P205,0,0,0,0,29,4
2026-10-07,S06,P206,164,0,43,121,87,4
2026-10-07,S06,P207,27,0,27,0,73,3
2026-10-07,S06,P301,181,0,24,157,96,1
2026-10-07,S06,P302,123,0,33,90,76,1
2026-10-07,S06,P303,0,0,0,0,81,3
2026-10-07,S06,P304,97,0,33,64,72,2
2026-10-07,S06,P305,305,238,40,265,90,1
2026-10-07,S06,P306,147,0,40,107,82,3
2026-10-07,S06,P330,65,0,62,3,85,2
2026-10-07,S06,P401,138,0,19,119,48,1
2026-10-07,S06,P402,71,0,15,56,34,2
2026-10-07,S06,P403,74,0,16,58,42,2
2026-10-07,S06,P404,100,0,21,79,51,3
2026-10-07,S06,P405,94,0,21,73,60,4
2026-10-07,S06,P406,13,0,13,0,34,3
2026-10-07,S06,P407,52,0,21,31,41,3
2026-10-07,S06,P442,98,0,46,52,88,2
2026-10-07,S06,P501,9,0,9,0,25,3
2026-10-07,S06,P502,106,80,21,85,38,2
2026-10-07,S06,P503,22,0,17,5,34,2
2026-10-07,S06,P504,15,0,10,5,20,3
2026-10-07,S06,P505,58,0,13,45,27,3
2026-10-07,S06,P601,29,0,7,22,18,1
2026-10-07,S06,P602,58,0,18,40,33,2
2026-10-07,S06,P603,10,0,7,3,24,3
2026-10-07,S06,P604,45,0,8,37,19,1
2026-10-07,S06,P605,51,0,16,38,31,3
2026-10-07,S06,P701,33,0,10,23,20,1
2026-10-07,S06,P702,103,103,14,89,37,3
2026-10-07,S06,P703,61,0,17,44,32,1
2026-10-07,S06,P704,60,60,13,47,29,2
2026-10-07,S06,P801,184,139,21,163,53,1
2026-10-07,S06,P802,148,0,33,113,76,1
2026-10-07,S06,P803,136,0,28,108,53,4
2026-10-08,S01,P101,53,0,53,0,121,3
2026-10-08,S01,P102,115,0,66,49,98,2
2026-10-08,S01,P103,371,371,93,278,164,4
2026-10-08,S01,P104,189,0,55,134,143,3
2026-10-08,S01,P105,294,0,74,220,124,4
2026-10-08,S01,P106,332,332,79,253,126,3
2026-10-08,S01,P201,237,237,50,187,89,3
2026-10-08,S01,P202,274,0,71,203,150,1
2026-10-08,S01,P203,285,0,76,209,159,3
2026-10-08,S01,P204,7,0,7,0,117,3
2026-10-08,S01,P205,50,0,12,38,27,1
2026-10-08,S01,P206,112,0,63,49,92,3
2026-10-08,S01,P207,141,0,58,83,111,3
2026-10-08,S01,P301,96,0,57,39,139,2
2026-10-08,S01,P302,170,0,56,114,106,2
2026-10-08,S01,P303,47,0,47,0,109,3
2026-10-08,S01,P304,207,0,36,171,74,3
2026-10-08,S01,P305,79,0,45,34,76,2
2026-10-08,S01,P306,298,238,28,270,83,1
2026-10-08,S01,P330,141,0,50,91,93,4
2026-10-08,S01,P401,161,0,29,132,71,2
2026-10-08,S01,P402,34,0,28,6,46,2
2026-10-08,S01,P403,152,152,22,130,46,3
2026-10-08,S01,P404,0,0,0,0,61,4
2026-10-08,S01,P405,97,0,21,76,43,4
2026-10-08,S01,P406,59,0,45,14,71,4
2026-10-08,S01,P407,165,0,26,139,55,1
2026-10-08,S01,P442,192,0,58,134,132,3
2026-10-08,S01,P501,71,0,17,54,41,3
2026-10-08,S01,P502,85,61,10,75,28,1
2026-10-08,S01,P503,117,0,23,94,40,1
2026-10-08,S01,P504,14,0,14,0,30,3
2026-10-08,S01,P505,22,0,22,0,37,4
2026-10-08,S01,P601,48,0,16,32,32,2
2026-10-08,S01,P602,74,0,20,54,37,2
2026-10-08,S01,P603,51,0,14,37,36,4
2026-10-08,S01,P604,54,0,11,43,23,2
2026-10-08,S01,P605,64,0,18,46,33,1
2026-10-08,S01,P701,81,0,17,64,36,2
2026-10-08,S01,P702,42,0,20,22,53,4
2026-10-08,S01,P703,158,115,40,118,47,1
2026-10-08,S01,P704,56,0,18,38,33,3
2026-10-08,S01,P801,144,0,39,105,60,4
2026-10-08,S01,P802,48,0,43,5,90,2
2026-10-08,S01,P803,119,0,31,88,59,2
2026-10-08,S02,P101,864,0,181,683,333,3
2026-10-08,S02,P102,1300,0,320,980,347,1
2026-10-08,S02,P103,552,0,155,397,334,1
2026-10-08,S02,P104,401,0,139,262,268,1
2026-10-08,S02,P105,28,0,28,0,300,3
2026-10-08,S02,P106,570,0,146,424,294,2
2026-10-08,S02,P201,705,0,100,605,283,1
2026-10-08,S02,P202,629,0,152,477,316,1
2026-10-08,S02,P203,408,0,127,281,255,1
2026-10-08,S02,P204,262,0,96,166,215,4
2026-10-08,S02,P205,292,263,55,237,116,2
2026-10-08,S02,P206,103,0,103,0,196,3
2026-10-08,S02,P207,772,0,153,619,307,1
2026-10-08,S02,P301,636,550,121,515,177,1
2026-10-08,S02,P302,747,0,140,607,326,2
2026-10-08,S02,P303,579,0,120,455,224,1
2026-10-08,S02,P304,355,0,127,228,325,1
2026-10-08,S02,P305,444,0,124,320,329,4
2026-10-08,S02,P306,531,0,139,392,214,4
2026-10-08,S02,P330,0,0,0,0,277,3
2026-10-08,S02,P401,231,0,69,162,111,3
2026-10-08,S02,P402,325,298,45,280,103,2
2026-10-08,S02,P403,262,262,52,210,114,4
2026-10-08,S02,P404,107,0,49,58,136,3
2026-10-08,S02,P405,481,481,68,413,164,3
2026-10-08,S02,P406,156,0,90,66,151,4
2026-10-08,S02,P407,221,0,83,138,189,2
2026-10-08,S02,P442,713,562,105,608,238,2
2026-10-08,S02,P501,187,0,60,127,80,4
2026-10-08,S02,P502,269,269,42,227,126,4
2026-10-08,S02,P503,45,0,43,2,106,3
2026-10-08,S02,P504,209,0,31,178,72,1
2026-10-08,S02,P505,51,0,32,19,73,4
2026-10-08,S02,P601,125,0,32,93,61,1
2026-10-08,S02,P602,227,0,50,177,99,1
2026-10-08,S02,P603,146,0,43,103,77,1
2026-10-08,S02,P604,137,0,48,89,84,4
2026-10-08,S02,P605,3,0,3,0,56,3
2026-10-08,S02,P701,233,202,44,189,101,2
2026-10-08,S02,P702,81,0,47,34,82,2
2026-10-08,S02,P703,147,0,43,104,78,2
2026-10-08,S02,P704,151,0,39,112,80,1
2026-10-08,S02,P801,153,0,89,64,134,3
2026-10-08,S02,P802,24,0,24,0,129,3
2026-10-08,S02,P803,289,0,86,203,194,2
2026-10-08,S03,P101,143,0,33,110,68,2
2026-10-08,S03,P102,287,253,50,237,93,2
2026-10-08,S03,P103,123,0,38,85,83,4
2026-10-08,S03,P104,105,0,39,66,63,1
2026-10-08,S03,P105,134,0,30,104,63,2
2026-10-08,S03,P106,64,0,39,25,84,4
2026-10-08,S03,P201,169,0,41,128,83,4
2026-10-08,S03,P202,143,143,51,92,75,4
2026-10-08,S03,P203,14,0,14,0,40,3
2026-10-08,S03,P204,109,0,44,65,89,2
2026-10-08,S03,P205,13,0,10,3,22,4
2026-10-08,S03,P206,0,0,0,0,67,4
2026-10-08,S03,P207,80,0,39,41,83,3
2026-10-08,S03,P301,143,0,16,127,59,1
2026-10-08,S03,P302,195,175,42,153,65,2
2026-10-08,S03,P303,86,0,31,55,86,3
2026-10-08,S03,P304,60,0,26,34,51,2
2026-10-08,S03,P305,137,0,36,101,81,1
2026-10-08,S03,P306,69,0,32,37,75,3
2026-10-08,S03,P330,98,0,29,69,66,1
2026-10-08,S03,P401,49,0,18,31,34,4
2026-10-08,S03,P402,66,66,14,52,33,4
2026-10-08,S03,P403,40,0,17,23,33,1
2026-10-08,S03,P404,31,0,17,14,23,2
2026-10-08,S03,P405,68,0,10,58,27,1
2026-10-08,S03,P406,59,0,17,42,35,3
2026-10-08,S03,P407,43,0,14,29,32,2
2026-10-08,S03,P442,254,186,40,214,72,1
2026-10-08,S03,P501,14,0,9,5,14,2
2026-10-08,S03,P502,0,0,0,0,22,4
2026-10-08,S03,P503,31,0,7,24,24,3
2026-10-08,S03,P504,34,0,6,28,16,4
2026-10-08,S03,P505,28,0,4,24,17,2
2026-10-08,S03,P601,50,36,7,43,18,1
2026-10-08,S03,P602,45,35,8,37,16,1
2026-10-08,S03,P603,21,0,9,12,13,4
2026-10-08,S03,P604,4,0,4,0,24,4
2026-10-08,S03,P605,45,45,12,33,19,4
2026-10-08,S03,P701,18,0,9,9,18,3
2026-10-08,S03,P702,5,0,5,0,17,4
2026-10-08,S03,P703,5,0,5,0,17,4
2026-10-08,S03,P704,41,0,11,30,26,1
2026-10-08,S03,P801,155,129,25,130,41,1
2026-10-08,S03,P802,29,0,24,5,36,3
2026-10-08,S03,P803,22,0,21,1,43,3
2026-10-08,S04,P101,80,0,30,50,95,4
2026-10-08,S04,P102,175,0,62,113,113,3
2026-10-08,S04,P103,273,273,40,233,105,4
2026-10-08,S04,P104,227,0,55,172,114,4
2026-10-08,S04,P105,190,0,93,97,145,3
2026-10-08,S04,P106,159,0,38,121,101,1
2026-10-08,S04,P201,160,0,43,117,96,1
2026-10-08,S04,P202,243,0,45,198,98,4
2026-10-08,S04,P203,31,0,31,0,99,3
2026-10-08,S04,P204,165,0,66,99,110,3
2026-10-08,S04,P205,73,73,12,61,27,4
2026-10-08,S04,P206,137,0,39,98,83,4
2026-10-08,S04,P207,317,317,75,242,114,4
2026-10-08,S04,P301,8,0,8,0,62,3
2026-10-08,S04,P302,233,0,35,198,85,1
2026-10-08,S04,P303,6,0,6,0,90,3
2026-10-08,S04,P304,198,191,37,161,79,2
2026-10-08,S04,P305,157,0,33,124,78,4
2026-10-08,S04,P306,147,0,48,99,127,3
2026-10-08,S04,P330,50,0,49,1,86,4
2026-10-08,S04,P401,88,0,27,61,73,1
2026-10-08,S04,P402,117,0,19,98,64,1
2026-10-08,S04,P403,109,0,15,94,44,1
2026-10-08,S04,P404,46,0,31,15,56,3
2026-10-08,S04,P405,102,0,24,78,53,2
2026-10-08,S04,P406,16,0,16,0,46,2
2026-10-08,S04,P407,39,0,25,14,57,3
2026-10-08,S04,P442,118,0,34,84,64,2
2026-10-08,S04,P501,20,0,13,7,29,2
2026-10-08,S04,P502,58,0,13,45,32,3
2026-10-08,S04,P503,45,0,14,31,34,2
2026-10-08,S04,P504,87,0,14,78,28,1
2026-10-08,S04,P505,79,0,8,71,25,1
2026-10-08,S04,P601,24,0,15,9,38,3
2026-10-08,S04,P602,104,0,19,85,30,1
2026-10-08,S04,P603,80,0,11,69,26,1
2026-10-08,S04,P604,37,0,9,28,25,1
2026-10-08,S04,P605,31,0,15,16,34,4
2026-10-08,S04,P701,97,0,18,79,41,2
2026-10-08,S04,P702,25,0,9,16,31,4
2026-10-08,S04,P703,89,89,22,67,45,3
2026-10-08,S04,P704,95,71,9,86,26,1
2026-10-08,S04,P801,80,0,31,49,64,3
2026-10-08,S04,P802,19,0,19,0,55,3
2026-10-08,S04,P803,125,125,32,93,38,3
2026-10-08,S05,P101,271,269,53,218,92,3
2026-10-08,S05,P102,17,0,17,0,72,3
2026-10-08,S05,P103,139,0,36,103,76,2
2026-10-08,S05,P104,128,0,36,92,56,1
2026-10-08,S05,P105,79,0,29,50,63,4
2026-10-08,S05,P106,75,0,63,8,69,3
2026-10-08,S05,P201,110,0,29,77,51,4
2026-10-08,S05,P202,129,0,38,91,69,3
2026-10-08,S05,P203,89,0,39,50,80,2
2026-10-08,S05,P204,60,0,44,16,60,2
2026-10-08,S05,P205,37,0,8,29,19,4
2026-10-08,S05,P206,37,0,21,16,50,2
2026-10-08,S05,P207,46,0,28,18,55,4
2026-10-08,S05,P301,171,0,26,145,63,2
2026-10-08,S05,P302,15,0,15,0,70,3
2026-10-08,S05,P303,139,139,40,99,73,3
2026-10-08,S05,P304,51,0,25,26,53,3
2026-10-08,S05,P305,29,0,22,7,45,2
2026-10-08,S05,P306,113,0,42,71,64,2
2026-10-08,S05,P330,204,163,28,176,49,1
2026-10-08,S05,P401,23,0,11,12,21,3
2026-10-08,S05,P402,52,0,12,40,30,3
2026-10-08,S05,P403,75,0,21,54,39,1
2026-10-08,S05,P404,30,0,6,24,21,3
2026-10-08,S05,P405,36,0,7,29,21,3
2026-10-08,S05,P406,44,0,14,30,31,1
2026-10-08,S05,P407,73,0,16,57,30,1
2026-10-08,S05,P442,60,0,24,36,53,3
2026-10-08,S05,P501,3,0,3,0,13,4
2026-10-08,S05,P502,16,0,8,8,14,3
2026-10-08,S05,P503,3,0,3,0,11,3
2026-10-08,S05,P504,27,0,9,18,24,1
2026-10-08,S05,P505,11,0,8,3,17,2
2026-10-08,S05,P601,13,0,8,5,13,2
2026-10-08,S05,P602,32,32,9,23,15,4
2026-10-08,S05,P603,28,0,7,21,19,1
2026-10-08,S05,P604,25,0,8,17,15,3
2026-10-08,S05,P605,17,0,5,12,11,2
2026-10-08,S05,P701,53,0,10,43,18,1
2026-10-08,S05,P702,79,57,19,60,25,1
2026-10-08,S05,P703,23,0,9,14,21,1
2026-10-08,S05,P704,91,74,11,80,25,1
2026-10-08,S05,P801,58,0,19,39,44,3
2026-10-08,S05,P802,49,0,17,32,32,3
2026-10-08,S05,P803,104,0,23,81,46,1
2026-10-08,S06,P101,72,0,40,32,86,4
2026-10-08,S06,P102,229,0,66,163,101,1
2026-10-08,S06,P103,234,0,71,163,142,2
2026-10-08,S06,P104,0,0,0,0,81,4
2026-10-08,S06,P105,73,0,56,17,98,4
2026-10-08,S06,P106,202,0,47,155,117,3
2026-10-08,S06,P201,321,241,34,287,88,1
2026-10-08,S06,P202,99,0,21,78,65,3
2026-10-08,S06,P203,225,197,30,195,60,2
2026-10-08,S06,P204,60,0,40,20,108,2
2026-10-08,S06,P205,60,60,11,49,29,4
2026-10-08,S06,P206,121,0,39,82,87,4
2026-10-08,S06,P207,0,0,0,0,73,3
2026-10-08,S06,P301,157,0,41,116,96,1
2026-10-08,S06,P302,90,0,37,53,76,1
2026-10-08,S06,P303,221,221,39,182,81,3
2026-10-08,S06,P304,64,0,35,29,72,2
2026-10-08,S06,P305,265,0,45,220,90,1
2026-10-08,S06,P306,107,0,35,72,82,3
2026-10-08,S06,P330,257,254,41,216,85,2
2026-10-08,S06,P401,119,0,18,101,48,1
2026-10-08,S06,P402,56,0,16,40,34,2
2026-10-08,S06,P403,58,0,20,38,42,2
2026-10-08,S06,P404,79,0,22,57,51,3
2026-10-08,S06,P405,73,0,19,54,60,4
2026-10-08,S06,P406,100,100,22,78,34,3
2026-10-08,S06,P407,31,0,22,9,41,3
2026-10-08,S06,P442,52,0,42,10,88,2
2026-10-08,S06,P501,65,65,17,48,25,3
2026-10-08,S06,P502,85,0,16,69,38,2
2026-10-08,S06,P503,108,103,15,93,34,2
2026-10-08,S06,P504,5,0,5,0,20,3
2026-10-08,S06,P505,45,0,16,29,27,3
2026-10-08,S06,P601,22,0,10,12,18,1
2026-10-08,S06,P602,40,0,12,28,33,2
2026-10-08,S06,P603,3,0,3,0,24,3
2026-10-08,S06,P604,37,0,10,27,19,1
2026-10-08,S06,P605,35,0,11,24,31,3
2026-10-08,S06,P701,23,0,10,13,20,1
2026-10-08,S06,P702,89,0,12,77,37,3
2026-10-08,S06,P703,44,0,15,29,32,1
2026-10-08,S06,P704,47,0,14,33,29,2
2026-10-08,S06,P801,163,0,26,137,53,1
2026-10-08,S06,P802,115,0,25,90,76,1
2026-10-08,S06,P803,108,0,24,84,53,4
2026-10-09,S01,P101,346,346,49,297,121,3
2026-10-09,S01,P102,49,0,49,0,98,2
2026-10-09,S01,P103,278,0,65,213,164,4
2026-10-09,S01,P104,134,0,64,70,143,3
2026-10-09,S01,P105,220,0,59,161,124,4
2026-10-09,S01,P106,253,0,86,167,126,3
2026-10-09,S01,P201,187,0,48,139,89,3
2026-10-09,S01,P202,203,0,70,133,150,1
2026-10-09,S01,P203,209,0,83,126,159,3
2026-10-09,S01,P204,226,226,65,161,117,3
2026-10-09,S01,P205,38,0,15,23,27,1
2026-10-09,S01,P206,49,0,49,0,92,3
2026-10-09,S01,P207,83,0,51,32,111,3
2026-10-09,S01,P301,279,240,58,221,139,2
2026-10-09,S01,P302,114,0,73,41,106,2
2026-10-09,S01,P303,365,365,61,304,109,3
2026-10-09,S01,P304,171,0,43,128,74,3
2026-10-09,S01,P305,34,0,34,0,76,2
2026-10-09,S01,P306,270,0,29,241,83,1
2026-10-09,S01,P330,91,0,36,55,93,4
2026-10-09,S01,P401,132,0,31,101,71,2
2026-10-09,S01,P402,140,134,17,123,46,2
2026-10-09,S01,P403,130,0,27,103,46,3
2026-10-09,S01,P404,140,140,30,110,61,4
2026-10-09,S01,P405,76,0,22,54,43,4
2026-10-09,S01,P406,14,0,14,0,71,4
2026-10-09,S01,P407,139,0,28,111,55,1
2026-10-09,S01,P442,134,0,82,52,132,3
2026-10-09,S01,P501,54,0,17,37,41,3
2026-10-09,S01,P502,75,0,14,61,28,1
2026-10-09,S01,P503,94,0,16,78,40,1
2026-10-09,S01,P504,0,0,0,0,30,3
2026-10-09,S01,P505,0,0,0,0,37,4
2026-10-09,S01,P601,32,0,15,17,32,2
2026-10-09,S01,P602,54,0,21,33,37,2
2026-10-09,S01,P603,37,0,16,21,36,4
2026-10-09,S01,P604,43,0,12,31,23,2
2026-10-09,S01,P605,46,0,16,30,33,1
2026-10-09,S01,P701,64,0,13,51,36,2
2026-10-09,S01,P702,22,0,18,4,53,4
2026-10-09,S01,P703,118,0,18,100,47,1
2026-10-09,S01,P704,38,0,15,23,33,3
2026-10-09,S01,P801,105,0,31,74,60,4
2026-10-09,S01,P802,181,176,58,123,90,2
2026-10-09,S01,P803,88,0,29,59,59,2
2026-10-09,S02,P101,683,0,136,552,333,3
2026-10-09,S02,P102,980,0,193,787,347,1
2026-10-09,S02,P103,397,0,109,288,334,1
2026-10-09,S02,P104,844,582,123,721,268,1
2026-10-09,S02,P105,636,636,152,484,300,3
2026-10-09,S02,P106,424,0,132,292,294,2
2026-10-09,S02,P201,605,0,109,496,283,1
2026-10-09,S02,P202,477,0,121,356,316,1
2026-10-09,S02,P203,281,0,143,138,255,1
2026-10-09,S02,P204,166,0,75,91,215,4
2026-10-09,S02,P205,237,0,55,182,116,2
2026-10-09,S02,P206,0,0,0,0,196,3
2026-10-09,S02,P207,619,0,148,471,307,1
2026-10-09,S02,P301,515,0,88,427,177,1
2026-10-09,S02,P302,607,0,147,460,326,2
2026-10-09,S02,P303,459,0,146,313,224,1
2026-10-09,S02,P304,830,602,126,704,325,1
2026-10-09,S02,P305,320,0,125,195,329,4
2026-10-09,S02,P306,392,0,101,291,214,4
2026-10-09,S02,P330,723,723,165,558,277,3
2026-10-09,S02,P401,162,0,70,92,111,3
2026-10-09,S02,P402,280,0,46,234,103,2
2026-10-09,S02,P403,210,0,62,148,114,4
2026-10-09,S02,P404,58,0,57,1,136,3
2026-10-09,S02,P405,413,0,78,333,164,3
2026-10-09,S02,P406,66,0,66,0,151,4
2026-10-09,S02,P407,138,0,85,53,189,2
2026-10-09,S02,P442,608,0,160,448,238,2
2026-10-09,S02,P501,127,0,39,88,80,4
2026-10-09,S02,P502,227,0,45,182,126,4
2026-10-09,S02,P503,214,212,64,150,106,3
2026-10-09,S02,P504,178,0,38,140,72,1
2026-10-09,S02,P505,19,0,19,0,73,4
2026-10-09,S02,P601,93,0,31,62,61,1
2026-10-09,S02,P602,177,0,39,138,99,1
2026-10-09,S02,P603,103,0,55,48,77,1
2026-10-09,S02,P604,89,0,45,44,84,4
2026-10-09,S02,P605,120,120,29,91,56,3
2026-10-09,S02,P701,189,0,33,156,101,2
2026-10-09,S02,P702,236,202,58,178,82,2
2026-10-09,S02,P703,104,0,36,68,78,2
2026-10-09,S02,P704,112,0,44,68,80,1
2026-10-09,S02,P801,64,0,64,0,134,3
2026-10-09,S02,P802,325,325,63,262,129,3
2026-10-09,S02,P803,203,0,98,105,194,2
2026-10-09,S03,P101,110,0,38,72,68,2
2026-10-09,S03,P102,237,0,49,188,93,2
2026-10-09,S03,P103,85,0,43,42,83,4
2026-10-09,S03,P104,66,0,28,38,63,1
2026-10-09,S03,P105,104,0,40,64,63,2
2026-10-09,S03,P106,25,0,25,0,84,4
2026-10-09,S03,P201,128,0,52,76,83,4
2026-10-09,S03,P202,92,0,34,58,75,4
2026-10-09,S03,P203,122,122,23,99,40,3
2026-10-09,S03,P204,65,0,39,26,89,2
2026-10-09,S03,P205,3,0,3,0,22,4
2026-10-09,S03,P206,207,207,42,165,67,4
2026-10-09,S03,P207,41,0,41,0,83,3
2026-10-09,S03,P301,127,0,26,101,59,1
2026-10-09,S03,P302,153,0,22,131,65,2
2026-10-09,S03,P303,55,0,31,24,86,3
2026-10-09,S03,P304,34,0,33,1,51,2
2026-10-09,S03,P305,101,0,44,57,81,1
2026-10-09,S03,P306,37,0,32,5,75,3
2026-10-09,S03,P330,69,0,32,37,66,1
2026-10-09,S03,P401,31,0,21,10,34,4
2026-10-09,S03,P402,52,0,12,40,33,4
2026-10-09,S03,P403,92,69,16,76,33,1
2026-10-09,S03,P404,14,0,9,5,23,2
2026-10-09,S03,P405,58,0,10,48,27,1
2026-10-09,S03,P406,42,0,15,27,35,3
2026-10-09,S03,P407,29,0,21,8,32,2
2026-10-09,S03,P442,214,0,39,175,72,1
2026-10-09,S03,P501,5,0,5,0,14,2
2026-10-09,S03,P502,0,0,0,0,22,4
2026-10-09,S03,P503,24,0,11,13,24,3
2026-10-09,S03,P504,28,0,8,20,16,4
2026-10-09,S03,P505,24,0,8,16,17,2
2026-10-09,S03,P601,43,0,12,31,18,1
2026-10-09,S03,P602,37,0,7,30,16,1
2026-10-09,S03,P603,12,0,7,5,13,4
2026-10-09,S03,P604,0,0,0,0,24,4
2026-10-09,S03,P605,33,0,10,23,19,4
2026-10-09,S03,P701,9,0,9,5,18,3
2026-10-09,S03,P702,0,0,0,0,17,4
2026-10-09,S03,P703,0,0,0,0,17,4
2026-10-09,S03,P704,30,0,11,19,26,1
2026-10-09,S03,P801,130,0,22,108,41,1
2026-10-09,S03,P802,5,0,5,0,36,3
2026-10-09,S03,P803,97,96,17,80,43,3
2026-10-09,S04,P101,50,0,42,13,95,4
2026-10-09,S04,P102,113,0,52,61,113,3
2026-10-09,S04,P103,233,0,57,176,105,4
2026-10-09,S04,P104,172,0,44,128,114,4
2026-10-09,S04,P105,97,0,57,40,145,3
2026-10-09,S04,P106,121,0,59,62,101,1
2026-10-09,S04,P201,117,0,49,68,96,1
2026-10-09,S04,P202,198,0,42,156,98,4
2026-10-09,S04,P203,0,0,0,0,99,3
2026-10-09,S04,P204,99,0,64,35,110,3
2026-10-09,S04,P205,61,0,12,49,27,4
2026-10-09,S04,P206,98,0,36,62,83,4
2026-10-09,S04,P207,242,0,65,177,114,4
2026-10-09,S04,P301,139,139,36,103,62,3
2026-10-09,S04,P302,198,0,42,156,85,1
2026-10-09,S04,P303,246,246,43,203,90,3
2026-10-09,S04,P304,161,0,51,110,79,2
2026-10-09,S04,P305,124,0,44,80,78,4
2026-10-09,S04,P306,99,0,65,34,127,3
2026-10-09,S04,P330,1,0,1,0,86,4
2026-10-09,S04,P401,188,127,35,153,73,1
2026-10-09,S04,P402,98,0,26,72,64,1
2026-10-09,S04,P403,94,0,17,77,44,1
2026-10-09,S04,P404,15,0,15,0,56,3
2026-10-09,S04,P405,78,0,37,41,53,2
2026-10-09,S04,P406,97,97,26,71,46,2
2026-10-09,S04,P407,14,0,14,0,57,3
2026-10-09,S04,P442,84,0,45,39,64,2
2026-10-09,S04,P501,93,86,15,78,29,2
2026-10-09,S04,P502,45,0,16,29,32,3
2026-10-09,S04,P503,31,0,15,16,34,2
2026-10-09,S04,P504,73,0,14,59,28,1
2026-10-09,S04,P505,71,0,9,62,25,1
2026-10-09,S04,P601,9,0,9,0,38,3
2026-10-09,S04,P602,85,0,15,70,30,1
2026-10-09,S04,P603,69,0,11,58,26,1
2026-10-09,S04,P604,28,0,15,16,25,1
2026-10-09,S04,P605,16,0,16,0,34,4
2026-10-09,S04,P701,79,0,16,63,41,2
2026-10-09,S04,P702,16,0,14,2,31,4
2026-10-09,S04,P703,67,0,22,45,45,3
2026-10-09,S04,P704,86,0,12,74,26,1
2026-10-09,S04,P801,49,0,29,20,64,3
2026-10-09,S04,P802,151,151,36,115,55,3
2026-10-09,S04,P803,93,0,19,74,38,3
2026-10-09,S05,P101,218,0,37,181,92,3
2026-10-09,S05,P102,188,188,40,148,72,3
2026-10-09,S05,P103,103,0,37,66,76,2
2026-10-09,S05,P104,92,0,29,63,56,1
2026-10-09,S05,P105,50,0,36,14,63,4
2026-10-09,S05,P106,12,0,12,0,69,3
2026-10-09,S05,P201,81,0,26,55,51,4
2026-10-09,S05,P202,91,0,27,64,69,3
2026-10-09,S05,P203,50,0,25,25,80,2
2026-10-09,S05,P204,16,0,16,0,60,2
2026-10-09,S05,P205,29,0,10,19,19,4
2026-10-09,S05,P206,135,119,23,112,50,2
2026-10-09,S05,P207,18,0,18,0,55,4
2026-10-09,S05,P301,145,0,25,120,63,2
2026-10-09,S05,P302,212,212,32,180,70,3
2026-10-09,S05,P303,99,0,26,73,73,3
2026-10-09,S05,P304,26,0,26,0,53,3
2026-10-09,S05,P305,84,77,23,61,45,2
2026-10-09,S05,P306,71,0,34,37,64,2
2026-10-09,S05,P330,176,0,28,148,49,1
2026-10-09,S05,P401,12,0,11,1,21,3
2026-10-09,S05,P402,40,0,10,30,30,3
2026-10-09,S05,P403,54,0,18,36,39,1
2026-10-09,S05,P404,24,0,8,16,21,3
2026-10-09,S05,P405,29,0,11,18,21,3
2026-10-09,S05,P406,110,80,12,98,31,1
2026-10-09,S05,P407,57,0,17,40,30,1
2026-10-09,S05,P442,36,0,32,4,53,3
2026-10-09,S05,P501,0,0,0,0,13,4
2026-10-09,S05,P502,8,0,5,3,14,3
2026-10-09,S05,P503,35,35,5,30,11,3
2026-10-09,S05,P504,67,49,11,56,24,1
2026-10-09,S05,P505,37,34,7,30,17,2
2026-10-09,S05,P601,5,0,5,0,13,2
2026-10-09,S05,P602,23,0,8,15,15,4
2026-10-09,S05,P603,21,0,10,11,19,1
2026-10-09,S05,P604,17,0,6,11,15,3
2026-10-09,S05,P605,12,0,5,7,11,2
2026-10-09,S05,P701,43,0,13,30,18,1
2026-10-09,S05,P702,60,0,13,47,25,1
2026-10-09,S05,P703,90,76,14,76,21,1
2026-10-09,S05,P704,80,0,8,72,25,1
2026-10-09,S05,P801,39,0,19,20,44,3
2026-10-09,S05,P802,32,0,13,19,32,3
2026-10-09,S05,P803,81,0,23,58,46,1
2026-10-09,S06,P101,32,0,32,0,86,4
2026-10-09,S06,P102,163,0,48,115,101,1
2026-10-09,S06,P103,163,0,68,95,142,2
2026-10-09,S06,P104,272,272,43,229,81,4
2026-10-09,S06,P105,17,0,17,0,98,4
2026-10-09,S06,P106,155,0,48,107,117,3
2026-10-09,S06,P201,287,0,44,243,88,1
2026-10-09,S06,P202,78,0,29,49,65,3
2026-10-09,S06,P203,195,0,26,169,60,2
2026-10-09,S06,P204,254,234,64,190,108,2
2026-10-09,S06,P205,49,0,12,37,29,4
2026-10-09,S06,P206,82,0,46,36,87,4
2026-10-09,S06,P207,229,229,46,183,73,3
2026-10-09,S06,P301,116,0,48,68,96,1
2026-10-09,S06,P302,284,231,56,228,76,1
2026-10-09,S06,P303,182,0,41,141,81,3
2026-10-09,S06,P304,238,209,26,212,72,2
2026-10-09,S06,P305,220,0,40,180,90,1
2026-10-09,S06,P306,72,0,33,39,82,3
2026-10-09,S06,P330,216,0,53,163,85,2
2026-10-09,S06,P401,101,0,22,79,48,1
2026-10-09,S06,P402,40,0,18,22,34,2
2026-10-09,S06,P403,38,0,24,14,42,2
2026-10-09,S06,P404,57,0,21,36,51,3
2026-10-09,S06,P405,54,0,20,34,60,4
2026-10-09,S06,P406,78,0,18,60,34,3
2026-10-09,S06,P407,9,0,9,0,41,3
2026-10-09,S06,P442,258,248,28,230,88,2
2026-10-09,S06,P501,48,0,13,35,25,3
2026-10-09,S06,P502,69,0,20,49,38,2
2026-10-09,S06,P503,93,0,11,82,34,2
2026-10-09,S06,P504,50,50,12,38,20,3
2026-10-09,S06,P505,29,0,25,4,27,3
2026-10-09,S06,P601,59,47,8,51,18,1
2026-10-09,S06,P602,28,0,18,10,33,2
2026-10-09,S06,P603,50,50,13,37,24,3
2026-10-09,S06,P604,27,0,6,21,19,1
2026-10-09,S06,P605,24,0,15,9,31,3
2026-10-09,S06,P701,73,60,11,62,20,1
2026-10-09,S06,P702,77,0,16,61,37,3
2026-10-09,S06,P703,143,114,17,126,32,1
2026-10-09,S06,P704,33,0,13,20,29,2
2026-10-09,S06,P801,137,0,32,105,53,1
2026-10-09,S06,P802,90,0,27,63,76,1
2026-10-09,S06,P803,84,0,22,62,53,4
2026-10-10,S01,P101,297,0,85,212,121,3
2026-10-10,S01,P102,230,230,65,165,98,2
2026-10-10,S01,P103,213,0,93,120,164,4
2026-10-10,S01,P104,70,0,70,0,143,3
2026-10-10,S01,P105,161,0,71,90,124,4
2026-10-10,S01,P106,167,0,74,93,126,3
2026-10-10,S01,P201,139,0,52,87,89,3
2026-10-10,S01,P202,570,437,112,458,150,1
2026-10-10,S01,P203,126,0,113,13,159,3
2026-10-10,S01,P204,161,0,79,82,117,3
2026-10-10,S01,P205,83,60,17,66,27,1
2026-10-10,S01,P206,0,0,0,0,92,3
2026-10-10,S01,P207,32,0,32,0,111,3
2026-10-10,S01,P301,221,0,70,151,139,2
2026-10-10,S01,P302,41,0,41,0,106,2
2026-10-10,S01,P303,304,0,69,235,109,3
2026-10-10,S01,P304,128,0,54,74,74,3
2026-10-10,S01,P305,166,166,66,100,76,2
2026-10-10,S01,P306,241,0,42,199,83,1
2026-10-10,S01,P330,55,0,55,0,93,4
2026-10-10,S01,P401,101,0,52,49,71,2
2026-10-10,S01,P402,123,0,29,94,46,2
2026-10-10,S01,P403,103,0,29,74,46,3
2026-10-10,S01,P404,110,0,39,71,61,4
2026-10-10,S01,P405,54,0,31,23,43,4
2026-10-10,S01,P406,0,0,0,0,71,4
2026-10-10,S01,P407,111,0,23,88,55,1
2026-10-10,S01,P442,52,0,52,0,132,3
2026-10-10,S01,P501,37,0,36,1,41,3
2026-10-10,S01,P502,61,0,13,48,28,1
2026-10-10,S01,P503,78,0,31,47,40,1
2026-10-10,S01,P504,81,81,22,59,30,3
2026-10-10,S01,P505,0,0,0,0,37,4
2026-10-10,S01,P601,17,0,17,0,32,2
2026-10-10,S01,P602,33,0,23,10,37,2
2026-10-10,S01,P603,21,0,17,4,36,4
2026-10-10,S01,P604,31,0,17,14,23,2
2026-10-10,S01,P605,99,69,24,75,33,1
2026-10-10,S01,P701,51,0,16,35,36,2
2026-10-10,S01,P702,4,0,4,0,53,4
2026-10-10,S01,P703,100,0,26,74,47,1
2026-10-10,S01,P704,23,0,16,7,33,3
2026-10-10,S01,P801,74,0,41,33,60,4
2026-10-10,S01,P802,123,0,56,67,90,2
2026-10-10,S01,P803,59,0,38,21,59,2
2026-10-10,S01,P902,76,0,27,49,36,1
2026-10-10,S02,P101,547,0,281,266,333,3
2026-10-10,S02,P102,787,0,220,567,347,1
2026-10-10,S02,P103,872,584,215,657,334,1
2026-10-10,S02,P104,721,0,197,524,268,1
2026-10-10,S02,P105,484,0,188,296,300,3
2026-10-10,S02,P106,292,0,189,103,294,2
2026-10-10,S02,P201,496,0,140,356,283,1
2026-10-10,S02,P202,356,0,239,117,316,1
2026-10-10,S02,P203,1064,926,167,897,255,1
2026-10-10,S02,P204,91,0,91,0,215,4
2026-10-10,S02,P205,182,0,83,99,116,2
2026-10-10,S02,P206,671,671,162,509,196,3
2026-10-10,S02,P207,471,0,163,308,307,1
2026-10-10,S02,P301,427,0,104,323,177,1
2026-10-10,S02,P302,460,0,134,326,326,2
2026-10-10,S02,P303,313,0,191,122,224,1
2026-10-10,S02,P304,704,0,219,485,325,1
2026-10-10,S02,P305,195,0,195,0,329,4
2026-10-10,S02,P306,291,0,211,80,214,4
2026-10-10,S02,P330,558,0,321,237,277,3
2026-10-10,S02,P401,92,0,92,0,111,3
2026-10-10,S02,P402,234,0,52,182,103,2
2026-10-10,S02,P403,148,0,61,87,114,4
2026-10-10,S02,P404,371,370,77,294,136,3
2026-10-10,S02,P405,335,0,133,202,164,3
2026-10-10,S02,P406,0,0,0,0,151,4
2026-10-10,S02,P407,551,498,98,453,189,2
2026-10-10,S02,P442,448,0,134,314,238,2
2026-10-10,S02,P501,88,0,49,39,80,4
2026-10-10,S02,P502,182,0,57,125,126,4
2026-10-10,S02,P503,150,0,77,76,106,3
2026-10-10,S02,P504,140,0,54,86,72,1
2026-10-10,S02,P505,0,0,0,0,73,4
2026-10-10,S02,P601,62,0,49,13,61,1
2026-10-10,S02,P602,138,0,59,79,99,1
2026-10-10,S02,P603,250,202,74,176,77,1
2026-10-10,S02,P604,44,0,44,0,84,4
2026-10-10,S02,P605,91,0,31,60,56,3
2026-10-10,S02,P701,156,0,61,95,101,2
2026-10-10,S02,P702,178,0,60,118,82,2
2026-10-10,S02,P703,68,0,53,15,78,2
2026-10-10,S02,P704,287,219,63,224,80,1
2026-10-10,S02,P801,0,0,0,0,134,3
2026-10-10,S02,P802,262,0,77,185,129,3
2026-10-10,S02,P803,105,0,95,10,194,2
2026-10-10,S02,P902,155,0,54,101,57,2
2026-10-10,S03,P101,72,0,43,29,68,2
2026-10-10,S03,P102,188,0,70,118,93,2
2026-10-10,S03,P103,42,0,42,0,83,4
2026-10-10,S03,P104,223,185,47,176,63,1
2026-10-10,S03,P105,64,0,47,17,63,2
2026-10-10,S03,P106,0,0,0,0,84,4
2026-10-10,S03,P201,76,0,55,21,83,4
2026-10-10,S03,P202,58,0,45,13,75,4
2026-10-10,S03,P203,99,0,39,60,40,3
2026-10-10,S03,P204,195,169,59,136,89,2
2026-10-10,S03,P205,56,56,11,45,22,4
2026-10-10,S03,P206,165,0,65,100,67,4
2026-10-10,S03,P207,180,180,41,139,83,3
2026-10-10,S03,P301,101,0,26,75,59,1
2026-10-10,S03,P302,131,0,54,77,65,2
2026-10-10,S03,P303,24,0,24,0,86,3
2026-10-10,S03,P304,184,183,39,145,51,2
2026-10-10,S03,P305,209,152,42,167,81,1
2026-10-10,S03,P306,184,179,71,113,75,3
2026-10-10,S03,P330,194,157,43,151,66,1
2026-10-10,S03,P401,10,0,10,0,34,4
2026-10-10,S03,P402,40,0,19,21,33,4
2026-10-10,S03,P403,76,0,21,55,33,1
2026-10-10,S03,P404,94,89,20,74,23,2
2026-10-10,S03,P405,48,0,14,34,27,1
2026-10-10,S03,P406,27,0,19,8,35,3
2026-10-10,S03,P407,72,64,18,54,32,2
2026-10-10,S03,P442,175,0,52,123,72,1
2026-10-10,S03,P501,50,50,9,41,14,2
2026-10-10,S03,P502,64,64,14,50,22,4
2026-10-10,S03,P503,13,0,10,3,24,3
2026-10-10,S03,P504,20,0,10,10,16,4
2026-10-10,S03,P505,16,0,10,6,17,2
2026-10-10,S03,P601,31,0,9,22,18,1
2026-10-10,S03,P602,30,0,11,19,16,1
2026-10-10,S03,P603,5,0,5,0,13,4
2026-10-10,S03,P604,68,68,11,57,24,4
2026-10-10,S03,P605,23,0,10,13,19,4
2026-10-10,S03,P701,0,0,0,0,18,3
2026-10-10,S03,P702,59,59,17,42,17,4
2026-10-10,S03,P703,33,33,15,18,17,4
2026-10-10,S03,P704,73,54,17,56,26,1
2026-10-10,S03,P801,108,0,24,84,41,1
2026-10-10,S03,P802,86,86,22,64,36,3
2026-10-10,S03,P803,80,0,28,52,43,3
2026-10-10,S03,P902,43,0,14,29,16,4
2026-10-10,S04,P101,8,0,8,0,95,4
2026-10-10,S04,P102,61,0,61,0,113,3
2026-10-10,S04,P103,176,0,64,112,105,4
2026-10-10,S04,P104,128,0,99,29,114,4
2026-10-10,S04,P105,40,0,40,0,145,3
2026-10-10,S04,P106,348,286,59,289,101,1
2026-10-10,S04,P201,263,195,52,211,96,1
2026-10-10,S04,P202,156,0,80,76,98,4
2026-10-10,S04,P203,280,280,70,210,99,3
2026-10-10,S04,P204,35,0,35,0,110,3
2026-10-10,S04,P205,49,0,13,36,27,4
2026-10-10,S04,P206,62,0,58,4,83,4
2026-10-10,S04,P207,177,0,80,97,114,4
2026-10-10,S04,P301,103,0,41,62,62,3
2026-10-10,S04,P302,156,0,39,117,85,1
2026-10-10,S04,P303,203,0,55,148,90,3
2026-10-10,S04,P304,110,0,41,69,79,2
2026-10-10,S04,P305,80,0,65,15,78,4
2026-10-10,S04,P306,34,0,34,0,127,3
2026-10-10,S04,P330,0,0,0,0,86,4
2026-10-10,S04,P401,153,0,39,114,73,1
2026-10-10,S04,P402,72,0,39,36,64,1
2026-10-10,S04,P403,77,0,23,54,44,1
2026-10-10,S04,P404,151,151,36,115,56,3
2026-10-10,S04,P405,41,0,34,7,53,2
2026-10-10,S04,P406,71,0,32,39,46,2
2026-10-10,S04,P407,135,135,31,104,57,3
2026-10-10,S04,P442,39,0,39,0,64,2
2026-10-10,S04,P501,78,0,21,57,29,2
2026-10-10,S04,P502,29,0,18,11,32,3
2026-10-10,S04,P503,86,70,24,62,34,2
2026-10-10,S04,P504,59,0,22,37,28,1
2026-10-10,S04,P505,62,0,17,45,25,1
2026-10-10,S04,P601,75,75,22,53,38,3
2026-10-10,S04,P602,70,0,19,51,30,1
2026-10-10,S04,P603,58,0,17,41,26,1
2026-10-10,S04,P604,93,80,16,77,25,1
2026-10-10,S04,P605,0,0,0,0,34,4
2026-10-10,S04,P701,63,0,32,31,41,2
2026-10-10,S04,P702,2,0,2,0,31,4
2026-10-10,S04,P703,45,0,24,21,45,3
2026-10-10,S04,P704,74,0,18,56,26,1
2026-10-10,S04,P801,20,0,20,0,64,3
2026-10-10,S04,P802,115,0,25,90,55,3
2026-10-10,S04,P803,74,0,21,56,38,3
2026-10-10,S04,P902,76,0,18,58,26,2
2026-10-10,S05,P101,181,0,66,115,92,3
2026-10-10,S05,P102,148,0,46,102,72,3
2026-10-10,S05,P103,66,0,53,13,76,2
2026-10-10,S05,P104,63,0,47,16,56,1
2026-10-10,S05,P105,14,0,14,0,63,4
2026-10-10,S05,P106,0,0,0,0,69,3
2026-10-10,S05,P201,55,0,32,23,51,4
2026-10-10,S05,P202,64,0,50,14,69,3
2026-10-10,S05,P203,178,153,46,132,80,2
2026-10-10,S05,P204,183,183,41,142,60,2
2026-10-10,S05,P205,19,0,13,6,19,4
2026-10-10,S05,P206,112,0,29,83,50,2
2026-10-10,S05,P207,0,0,0,0,55,4
2026-10-10,S05,P301,120,0,35,85,63,2
2026-10-10,S05,P302,180,0,48,132,70,3
2026-10-10,S05,P303,73,0,34,39,73,3
2026-10-10,S05,P304,154,154,38,116,53,3
2026-10-10,S05,P305,61,0,24,37,45,2
2026-10-10,S05,P306,37,0,37,0,64,2
2026-10-10,S05,P330,148,0,37,111,49,1
2026-10-10,S05,P401,1,0,1,0,21,3
2026-10-10,S05,P402,30,0,16,14,30,3
2026-10-10,S05,P403,115,79,27,84,39,1
2026-10-10,S05,P404,16,0,16,0,21,3
2026-10-10,S05,P405,18,0,15,3,21,3
2026-10-10,S05,P406,98,0,14,84,31,1
2026-10-10,S05,P407,40,0,23,17,30,1
2026-10-10,S05,P442,4,0,4,0,53,3
2026-10-10,S05,P501,32,32,10,22,13,4
2026-10-10,S05,P502,3,0,3,0,14,3
2026-10-10,S05,P503,30,0,6,24,11,3
2026-10-10,S05,P504,56,0,13,43,24,1
2026-10-10,S05,P505,30,0,10,20,17,2
2026-10-10,S05,P601,45,45,6,39,13,2
2026-10-10,S05,P602,15,0,9,6,15,4
2026-10-10,S05,P603,47,36,11,36,19,1
2026-10-10,S05,P604,11,0,10,1,15,3
2026-10-10,S05,P605,7,0,7,0,11,2
2026-10-10,S05,P701,30,0,15,13,18,1
2026-10-10,S05,P702,47,0,17,30,25,1
2026-10-10,S05,P703,76,0,18,58,21,1
2026-10-10,S05,P704,72,0,16,56,25,1
2026-10-10,S05,P801,20,0,20,0,44,3
2026-10-10,S05,P802,19,0,17,2,32,3
2026-10-10,S05,P803,58,0,25,33,46,1
2026-10-10,S05,P902,29,0,8,21,16,4
2026-10-10,S06,P101,0,0,0,0,86,4
2026-10-10,S06,P102,115,0,54,61,101,1
2026-10-10,S06,P103,95,0,71,24,142,2
2026-10-10,S06,P104,229,0,53,176,81,4
2026-10-10,S06,P105,0,0,0,0,98,4
2026-10-10,S06,P106,107,0,74,33,117,3
2026-10-10,S06,P201,243,0,55,188,88,1
2026-10-10,S06,P202,49,0,49,0,65,3
2026-10-10,S06,P203,169,0,40,129,60,2
2026-10-10,S06,P204,190,0,54,136,108,2
2026-10-10,S06,P205,37,0,20,17,29,4
2026-10-10,S06,P206,36,0,36,0,87,4
2026-10-10,S06,P207,183,0,51,132,73,3
2026-10-10,S06,P301,342,274,62,280,96,1
2026-10-10,S06,P302,228,0,37,191,76,1
2026-10-10,S06,P303,141,0,49,92,81,3
2026-10-10,S06,P304,212,0,45,167,72,2
2026-10-10,S06,P305,180,0,67,113,90,1
2026-10-10,S06,P306,39,0,39,0,82,3
2026-10-10,S06,P330,163,0,58,105,85,2
2026-10-10,S06,P401,79,0,22,57,48,1
2026-10-10,S06,P402,22,0,22,0,34,2
2026-10-10,S06,P403,111,97,19,92,42,2
2026-10-10,S06,P404,36,0,30,6,51,3
2026-10-10,S06,P405,34,0,34,0,60,4
2026-10-10,S06,P406,60,0,20,40,34,3
2026-10-10,S06,P407,116,116,22,97,41,3
2026-10-10,S06,P442,230,0,47,183,88,2
2026-10-10,S06,P501,35,0,13,22,25,3
2026-10-10,S06,P502,49,0,20,29,38,2
2026-10-10,S06,P503,82,0,17,65,34,2
2026-10-10,S06,P504,38,0,14,24,20,3
2026-10-10,S06,P505,4,0,4,0,27,3
2026-10-10,S06,P601,51,0,13,38,18,1
2026-10-10,S06,P602,70,60,18,52,33,2
2026-10-10,S06,P603,37,0,16,21,24,3
2026-10-10,S06,P604,21,0,10,11,19,1
2026-10-10,S06,P605,9,0,9,0,31,3
2026-10-10,S06,P701,62,0,11,51,20,1
2026-10-10,S06,P702,61,0,19,42,37,3
2026-10-10,S06,P703,126,0,24,102,32,1
2026-10-10,S06,P704,20,0,12,8,29,2
2026-10-10,S06,P801,105,0,23,82,53,1
2026-10-10,S06,P802,294,231,47,247,76,1
2026-10-10,S06,P803,62,0,43,19,53,4
2026-10-10,S06,P902,77,0,12,65,22,3
2026-10-11,S01,P101,212,0,68,144,121,3
2026-10-11,S01,P102,165,0,70,95,98,2
2026-10-11,S01,P103,120,0,88,32,164,4
2026-10-11,S01,P104,300,300,83,217,143,3
2026-10-11,S01,P105,90,0,90,0,124,4
2026-10-11,S01,P106,93,0,66,27,126,3
2026-10-11,S01,P201,87,0,53,34,89,3
2026-10-11,S01,P202,458,0,93,365,150,1
2026-10-11,S01,P203,13,0,13,0,159,3
2026-10-11,S01,P204,82,0,69,13,117,3
2026-10-11,S01,P205,66,0,20,46,27,1
2026-10-11,S01,P206,227,227,63,164,92,3
2026-10-11,S01,P207,309,309,65,244,111,3
2026-10-11,S01,P301,151,0,82,69,139,2
2026-10-11,S01,P302,298,298,89,209,106,2
2026-10-11,S01,P303,235,0,71,164,109,3
2026-10-11,S01,P304,74,0,48,26,74,3
2026-10-11,S01,P305,100,0,48,52,76,2
2026-10-11,S01,P306,199,0,55,144,83,1
2026-10-11,S01,P330,0,0,0,0,93,4
2026-10-11,S01,P401,49,0,47,2,71,2
2026-10-11,S01,P402,94,0,31,63,46,2
2026-10-11,S01,P403,74,0,27,47,46,3
2026-10-11,S01,P404,71,0,39,32,61,4
2026-10-11,S01,P405,23,0,20,3,43,4
2026-10-11,S01,P406,121,121,41,80,71,4
2026-10-11,S01,P407,88,0,35,53,55,1
2026-10-11,S01,P442,0,0,0,0,132,3
2026-10-11,S01,P501,1,0,1,0,41,3
2026-10-11,S01,P502,48,0,16,32,28,1
2026-10-11,S01,P503,47,0,35,12,40,1
2026-10-11,S01,P504,59,0,25,34,30,3
2026-10-11,S01,P505,98,98,28,70,37,4
2026-10-11,S01,P601,100,100,31,69,32,2
2026-10-11,S01,P602,95,85,14,81,37,2
2026-10-11,S01,P603,4,0,4,0,36,4
2026-10-11,S01,P604,14,0,14,0,23,2
2026-10-11,S01,P605,75,0,17,58,33,1
2026-10-11,S01,P701,35,0,22,13,36,2
2026-10-11,S01,P702,117,117,25,92,53,4
2026-10-11,S01,P703,74,0,35,39,47,1
2026-10-11,S01,P704,7,0,7,0,33,3
2026-10-11,S01,P801,33,0,33,0,60,4
2026-10-11,S01,P802,67,0,48,19,90,2
2026-10-11,S01,P803,21,0,21,0,59,2
2026-10-11,S01,P902,49,0,20,29,36,1
2026-10-11,S02,P101,266,0,259,7,333,3
2026-10-11,S02,P102,567,0,259,308,347,1
2026-10-11,S02,P103,657,0,195,462,334,1
2026-10-11,S02,P104,524,0,167,357,268,1
2026-10-11,S02,P105,296,0,240,56,300,3
2026-10-11,S02,P106,692,589,211,481,294,2
2026-10-11,S02,P201,356,0,203,153,283,1
2026-10-11,S02,P202,676,559,228,448,316,1
2026-10-11,S02,P203,897,0,224,673,255,1
2026-10-11,S02,P204,0,0,0,0,215,4
2026-10-11,S02,P205,99,0,98,1,116,2
2026-10-11,S02,P206,509,0,135,374,196,3
2026-10-11,S02,P207,308,0,249,59,307,1
2026-10-11,S02,P301,323,0,127,196,177,1
2026-10-11,S02,P302,326,0,187,139,326,2
2026-10-11,S02,P303,865,743,182,683,224,1
2026-10-11,S02,P304,485,0,192,293,325,1
2026-10-11,S02,P305,0,0,0,0,329,4
2026-10-11,S02,P306,80,0,80,0,214,4
2026-10-11,S02,P330,237,0,232,1,277,3
2026-10-11,S02,P401,0,0,0,0,111,3
2026-10-11,S02,P402,182,0,62,120,103,2
2026-10-11,S02,P403,87,0,71,16,114,4
2026-10-11,S02,P404,294,0,69,225,136,3
2026-10-11,S02,P405,202,0,107,95,164,3
2026-10-11,S02,P406,0,0,0,0,151,4
2026-10-11,S02,P407,453,0,102,351,189,2
2026-10-11,S02,P442,314,0,184,130,238,2
2026-10-11,S02,P501,39,0,39,0,80,4
2026-10-11,S02,P502,125,0,67,58,126,4
2026-10-11,S02,P503,73,0,59,14,106,3
2026-10-11,S02,P504,86,0,48,38,72,1
2026-10-11,S02,P505,222,222,52,170,73,4
2026-10-11,S02,P601,174,161,39,135,61,1
2026-10-11,S02,P602,357,278,66,291,99,1
2026-10-11,S02,P603,176,0,63,113,77,1
2026-10-11,S02,P604,0,0,0,0,84,4
2026-10-11,S02,P605,60,0,27,33,56,3
2026-10-11,S02,P701,95,0,55,40,101,2
2026-10-11,S02,P702,118,0,61,57,82,2
2026-10-11,S02,P703,183,168,83,100,78,2
2026-10-11,S02,P704,224,0,64,160,80,1
2026-10-11,S02,P801,404,404,95,309,134,3
2026-10-11,S02,P802,185,0,131,54,129,3
2026-10-11,S02,P803,476,466,132,344,194,2
2026-10-11,S02,P902,101,0,38,63,57,2
2026-10-11,S03,P101,29,0,29,0,68,2
2026-10-11,S03,P102,118,0,63,55,93,2
2026-10-11,S03,P103,0,0,0,0,83,4
2026-10-11,S03,P104,176,0,48,128,63,1
2026-10-11,S03,P105,17,0,17,0,63,2
2026-10-11,S03,P106,182,182,61,121,84,4
2026-10-11,S03,P201,21,0,21,0,83,4
2026-10-11,S03,P202,13,0,13,0,75,4
2026-10-11,S03,P203,60,0,34,26,40,3
2026-10-11,S03,P204,136,0,52,84,89,2
2026-10-11,S03,P205,45,0,10,35,22,4
2026-10-11,S03,P206,100,0,45,55,67,4
2026-10-11,S03,P207,139,0,48,91,83,3
2026-10-11,S03,P301,75,0,39,39,59,1
2026-10-11,S03,P302,77,0,39,38,65,2
2026-10-11,S03,P303,242,242,38,204,86,3
2026-10-11,S03,P304,145,0,33,112,51,2
2026-10-11,S03,P305,167,0,57,110,81,1
2026-10-11,S03,P306,113,0,52,61,75,3
2026-10-11,S03,P330,151,0,43,108,66,1
2026-10-11,S03,P401,0,0,0,0,34,4
2026-10-11,S03,P402,21,0,18,3,33,4
2026-10-11,S03,P403,55,0,19,41,33,1
2026-10-11,S03,P404,74,0,16,58,23,2
2026-10-11,S03,P405,34,0,14,20,27,1
2026-10-11,S03,P406,8,0,8,0,35,3
2026-10-11,S03,P407,54,0,18,36,32,2
2026-10-11,S03,P442,123,0,42,81,72,1
2026-10-11,S03,P501,41,0,11,30,14,2
2026-10-11,S03,P502,50,0,11,39,22,4
2026-10-11,S03,P503,3,0,3,0,24,3
2026-10-11,S03,P504,10,0,9,1,16,4
2026-10-11,S03,P505,44,38,8,36,17,2
2026-10-11,S03,P601,22,0,7,15,18,1
2026-10-11,S03,P602,19,0,13,6,16,1
2026-10-11,S03,P603,0,0,0,0,13,4
2026-10-11,S03,P604,57,0,13,44,24,4
2026-10-11,S03,P605,13,0,9,4,19,4
2026-10-11,S03,P701,51,51,14,37,18,3
2026-10-11,S03,P702,42,0,13,29,17,4
2026-10-11,S03,P703,18,0,16,2,17,4
2026-10-11,S03,P704,56,0,18,38,26,1
2026-10-11,S03,P801,84,0,24,60,41,1
2026-10-11,S03,P802,64,0,27,37,36,3
2026-10-11,S03,P803,52,0,21,31,43,3
2026-10-11,S03,P902,29,0,13,16,16,4
2026-10-11,S04,P101,237,237,51,186,95,4
2026-10-11,S04,P102,0,0,0,0,113,3
2026-10-11,S04,P103,112,0,70,42,105,4
2026-10-11,S04,P104,29,0,29,0,114,4
2026-10-11,S04,P105,313,313,85,228,145,3
2026-10-11,S04,P106,289,0,61,228,101,1
2026-10-11,S04,P201,211,0,54,157,96,1
2026-10-11,S04,P202,76,0,56,20,98,4
2026-10-11,S04,P203,210,0,72,138,99,3
2026-10-11,S04,P204,265,265,68,197,110,3
2026-10-11,S04,P205,36,0,22,14,27,4
2026-10-11,S04,P206,4,0,4,0,83,4
2026-10-11,S04,P207,97,0,66,31,114,4
2026-10-11,S04,P301,62,0,48,14,62,3
2026-10-11,S04,P302,117,0,41,76,85,1
2026-10-11,S04,P303,148,0,51,97,90,3
2026-10-11,S04,P304,69,0,47,22,79,2
2026-10-11,S04,P305,15,0,15,0,78,4
2026-10-11,S04,P306,250,250,66,184,127,3
2026-10-11,S04,P330,176,176,37,139,86,4
2026-10-11,S04,P401,114,0,43,71,73,1
2026-10-11,S04,P402,222,189,46,176,64,1
2026-10-11,S04,P403,54,0,17,37,44,1
2026-10-11,S04,P404,115,0,35,80,56,3
2026-10-11,S04,P405,142,135,35,107,53,2
2026-10-11,S04,P406,39,0,27,12,46,2
2026-10-11,S04,P407,104,0,42,62,57,3
2026-10-11,S04,P442,134,134,43,91,64,2
2026-10-11,S04,P501,57,0,25,32,29,2
2026-10-11,S04,P502,11,0,11,0,32,3
2026-10-11,S04,P503,62,0,21,41,34,2
2026-10-11,S04,P504,37,0,21,16,28,1
2026-10-11,S04,P505,45,0,15,30,25,1
2026-10-11,S04,P601,53,0,19,34,38,3
2026-10-11,S04,P602,51,0,17,34,30,1
2026-10-11,S04,P603,41,0,13,28,26,1
2026-10-11,S04,P604,77,0,14,63,25,1
2026-10-11,S04,P605,95,95,28,67,34,4
2026-10-11,S04,P701,31,0,15,16,41,2
2026-10-11,S04,P702,87,87,15,72,31,4
2026-10-11,S04,P703,21,0,21,0,45,3
2026-10-11,S04,P704,56,0,18,38,26,1
2026-10-11,S04,P801,164,164,45,119,64,3
2026-10-11,S04,P802,90,0,26,64,55,3
2026-10-11,S04,P803,53,0,23,30,38,3
2026-10-11,S04,P902,58,0,16,42,26,2
2026-10-11,S05,P101,115,0,59,56,92,3
2026-10-11,S05,P102,102,0,40,62,72,3
2026-10-11,S05,P103,229,216,37,192,76,2
2026-10-11,S05,P104,196,180,31,165,56,1
2026-10-11,S05,P105,0,0,0,0,63,4
2026-10-11,S05,P106,211,211,45,166,69,3
2026-10-11,S05,P201,23,0,23,3,51,4
2026-10-11,S05,P202,14,0,14,0,69,3
2026-10-11,S05,P203,132,0,72,60,80,2
2026-10-11,S05,P204,142,0,33,109,60,2
2026-10-11,S05,P205,6,0,6,3,19,4
2026-10-11,S05,P206,83,0,31,52,50,2
2026-10-11,S05,P207,181,181,37,144,55,4
2026-10-11,S05,P301,85,0,37,48,63,2
2026-10-11,S05,P302,132,0,40,92,70,3
2026-10-11,S05,P303,39,0,39,0,73,3
2026-10-11,S05,P304,116,0,29,87,53,3
2026-10-11,S05,P305,37,0,29,8,45,2
2026-10-11,S05,P306,145,145,44,101,64,2
2026-10-11,S05,P330,111,0,37,74,49,1
2026-10-11,S05,P401,49,49,15,34,21,3
2026-10-11,S05,P402,14,0,14,0,30,3
2026-10-11,S05,P403,88,0,23,65,39,1
2026-10-11,S05,P404,0,0,0,0,21,3
2026-10-11,S05,P405,3,0,3,0,21,3
2026-10-11,S05,P406,84,0,18,66,31,1
2026-10-11,S05,P407,122,105,24,98,30,1
2026-10-11,S05,P442,130,130,36,94,53,3
2026-10-11,S05,P501,22,0,9,13,13,4
2026-10-11,S05,P502,40,40,9,31,14,3
2026-10-11,S05,P503,24,0,10,19,11,3
2026-10-11,S05,P504,43,0,9,34,24,1
2026-10-11,S05,P505,20,0,10,10,17,2
2026-10-11,S05,P601,39,0,10,29,13,2
2026-10-11,S05,P602,6,0,6,0,15,4
2026-10-11,S05,P603,36,0,13,23,19,1
2026-10-11,S05,P604,1,0,1,0,15,3
2026-10-11,S05,P605,24,24,5,19,11,2
2026-10-11,S05,P701,65,50,10,55,18,1
2026-10-11,S05,P702,30,0,18,12,25,1
2026-10-11,S05,P703,58,0,14,44,21,1
2026-10-11,S05,P704,56,0,13,43,25,1
2026-10-11,S05,P801,106,106,27,79,44,3
2026-10-11,S05,P802,2,0,2,0,32,3
2026-10-11,S05,P803,163,130,27,136,46,1
2026-10-11,S05,P902,21,0,9,12,16,4
2026-10-11,S06,P101,212,212,44,168,86,4
2026-10-11,S06,P102,280,219,66,214,101,1
2026-10-11,S06,P103,404,380,95,309,142,2
2026-10-11,S06,P104,176,0,52,124,81,4
2026-10-11,S06,P105,264,264,86,178,98,4
2026-10-11,S06,P106,33,0,33,0,117,3
2026-10-11,S06,P201,188,0,47,141,88,1
2026-10-11,S06,P202,0,0,0,0,65,3
2026-10-11,S06,P203,129,0,39,90,60,2
2026-10-11,S06,P204,136,0,47,89,108,2
2026-10-11,S06,P205,17,0,17,0,29,4
2026-10-11,S06,P206,0,0,0,0,87,4
2026-10-11,S06,P207,132,0,44,88,73,3
2026-10-11,S06,P301,280,0,45,235,96,1
2026-10-11,S06,P302,191,0,65,126,76,1
2026-10-11,S06,P303,92,0,53,39,81,3
2026-10-11,S06,P304,167,0,37,130,72,2
2026-10-11,S06,P305,113,0,59,54,90,1
2026-10-11,S06,P306,179,179,46,133,82,3
2026-10-11,S06,P330,105,0,48,57,85,2
2026-10-11,S06,P401,57,0,27,30,48,1
2026-10-11,S06,P402,102,102,25,77,34,2
2026-10-11,S06,P403,92,0,21,71,42,2
2026-10-11,S06,P404,6,0,6,0,51,3
2026-10-11,S06,P405,0,0,0,0,60,4
2026-10-11,S06,P406,40,0,29,11,34,3
2026-10-11,S06,P407,94,0,21,73,41,3
2026-10-11,S06,P442,183,0,68,115,88,2
2026-10-11,S06,P501,22,0,13,9,25,3
2026-10-11,S06,P502,29,0,16,13,38,2
2026-10-11,S06,P503,65,0,19,46,34,2
2026-10-11,S06,P504,24,0,14,10,20,3
2026-10-11,S06,P505,0,0,0,0,27,3
2026-10-11,S06,P601,38,0,10,28,18,1
2026-10-11,S06,P602,52,0,13,35,33,2
2026-10-11,S06,P603,21,0,16,5,24,3
2026-10-11,S06,P604,52,41,11,41,19,1
2026-10-11,S06,P605,90,90,17,73,31,3
2026-10-11,S06,P701,51,0,14,37,20,1
2026-10-11,S06,P702,42,0,28,14,37,3
2026-10-11,S06,P703,102,0,22,80,32,1
2026-10-11,S06,P704,86,78,18,68,29,2
2026-10-11,S06,P801,82,0,31,51,53,1
2026-10-11,S06,P802,247,0,52,195,76,1
2026-10-11,S06,P803,19,0,19,0,53,4
2026-10-11,S06,P902,65,0,15,50,22,3
2026-10-12,S01,P101,144,0,52,92,121,3
2026-10-12,S01,P102,95,0,49,46,98,2
2026-10-12,S01,P103,32,0,32,0,164,4
2026-10-12,S01,P104,217,0,51,166,143,3
2026-10-12,S01,P105,0,0,0,0,124,4
2026-10-12,S01,P106,27,0,27,0,126,3
2026-10-12,S01,P201,34,0,34,3,89,3
2026-10-12,S01,P202,365,0,56,309,150,1
2026-10-12,S01,P203,315,315,40,275,159,3
2026-10-12,S01,P204,13,0,13,0,117,3
2026-10-12,S01,P205,46,0,13,33,27,1
2026-10-12,S01,P206,164,0,50,114,92,3
2026-10-12,S01,P207,244,0,47,197,111,3
2026-10-12,S01,P301,69,0,39,30,139,2
2026-10-12,S01,P302,209,0,47,162,106,2
2026-10-12,S01,P303,164,0,44,120,109,3
2026-10-12,S01,P304,26,0,26,0,74,3
2026-10-12,S01,P305,52,0,27,25,76,2
2026-10-12,S01,P306,144,0,32,112,83,1
2026-10-12,S01,P330,157,157,28,129,93,4
2026-10-12,S01,P401,190,188,25,165,71,2
2026-10-12,S01,P402,63,0,17,51,46,2
2026-10-12,S01,P403,47,0,16,31,46,3
2026-10-12,S01,P404,32,0,20,12,61,4
2026-10-12,S01,P405,3,0,3,0,43,4
2026-10-12,S01,P406,80,0,25,55,71,4
2026-10-12,S01,P407,217,164,29,188,55,1
2026-10-12,S01,P442,306,306,42,264,132,3
2026-10-12,S01,P501,108,108,14,94,41,3
2026-10-12,S01,P502,32,0,8,24,28,1
2026-10-12,S01,P503,109,97,12,97,40,1
2026-10-12,S01,P504,34,0,14,20,30,3
2026-10-12,S01,P505,70,0,16,54,37,4
2026-10-12,S01,P601,69,0,12,57,32,2
2026-10-12,S01,P602,81,0,13,68,37,2
2026-10-12,S01,P603,0,0,0,0,36,4
2026-10-12,S01,P604,77,77,11,66,23,2
2026-10-12,S01,P605,58,0,18,40,33,1
2026-10-12,S01,P701,114,101,15,99,36,2
2026-10-12,S01,P702,92,0,19,73,53,4
2026-10-12,S01,P703,202,163,20,182,47,1
2026-10-12,S01,P704,79,79,15,64,33,3
2026-10-12,S01,P801,0,0,0,0,60,4
2026-10-12,S01,P802,261,242,37,224,90,2
2026-10-12,S01,P803,189,189,37,152,59,2
2026-10-12,S01,P902,143,114,15,128,36,1
2026-10-12,S02,P101,7,0,7,0,333,3
2026-10-12,S02,P102,1325,1017,191,1134,347,1
2026-10-12,S02,P103,462,0,134,328,334,1
2026-10-12,S02,P104,357,0,109,248,268,1
2026-10-12,S02,P105,56,0,56,0,300,3
2026-10-12,S02,P106,481,0,93,388,294,2
2026-10-12,S02,P201,718,565,146,572,283,1
2026-10-12,S02,P202,448,0,180,268,316,1
2026-10-12,S02,P203,673,0,146,527,255,1
2026-10-12,S02,P204,457,457,104,353,215,4
2026-10-12,S02,P205,246,245,46,200,116,2
2026-10-12,S02,P206,374,0,101,273,196,3
2026-10-12,S02,P207,967,908,130,837,307,1
2026-10-12,S02,P301,196,0,97,99,177,1
2026-10-12,S02,P302,139,0,115,24,326,2
2026-10-12,S02,P303,683,0,90,593,224,1
2026-10-12,S02,P304,1236,943,127,1109,325,1
2026-10-12,S02,P305,835,835,148,687,329,4
2026-10-12,S02,P306,0,0,0,0,214,4
2026-10-12,S02,P330,5,0,5,0,277,3
2026-10-12,S02,P401,232,232,46,186,111,3
2026-10-12,S02,P402,120,0,38,82,103,2
2026-10-12,S02,P403,16,0,16,0,114,4
2026-10-12,S02,P404,225,0,67,158,136,3
2026-10-12,S02,P405,95,0,59,36,164,3
2026-10-12,S02,P406,452,452,68,384,151,4
2026-10-12,S02,P407,351,0,60,291,189,2
2026-10-12,S02,P442,130,0,102,28,238,2
2026-10-12,S02,P501,0,0,0,5,80,4
2026-10-12,S02,P502,58,0,58,0,126,4
2026-10-12,S02,P503,14,0,14,0,106,3
2026-10-12,S02,P504,234,196,19,215,72,1
2026-10-12,S02,P505,170,0,27,148,73,4
2026-10-12,S02,P601,135,0,19,116,61,1
2026-10-12,S02,P602,291,0,39,252,99,1
2026-10-12,S02,P603,113,0,27,86,77,1
2026-10-12,S02,P604,0,0,0,0,84,4
2026-10-12,S02,P605,33,0,25,8,56,3
2026-10-12,S02,P701,226,186,30,196,101,2
2026-10-12,S02,P702,57,0,37,20,82,2
2026-10-12,S02,P703,100,0,30,70,78,2
2026-10-12,S02,P704,160,0,52,108,80,1
2026-10-12,S02,P801,309,0,48,261,134,3
2026-10-12,S02,P802,54,0,54,0,129,3
2026-10-12,S02,P803,344,0,73,271,194,2
2026-10-12,S02,P902,63,0,25,38,57,2
2026-10-12,S03,P101,135,135,32,103,68,2
2026-10-12,S03,P102,55,0,41,14,93,2
2026-10-12,S03,P103,0,0,0,0,83,4
2026-10-12,S03,P104,128,0,35,93,63,1
2026-10-12,S03,P105,111,111,24,87,63,2
2026-10-12,S03,P106,121,0,53,68,84,4
2026-10-12,S03,P201,0,0,0,0,83,4
2026-10-12,S03,P202,0,0,0,0,75,4
2026-10-12,S03,P203,26,0,23,3,40,3
2026-10-12,S03,P204,84,0,28,56,89,2
2026-10-12,S03,P205,35,0,10,25,22,4
2026-10-12,S03,P206,55,0,29,26,67,4
2026-10-12,S03,P207,91,0,31,60,83,3
2026-10-12,S03,P301,194,158,16,178,59,1
2026-10-12,S03,P302,38,0,32,6,65,2
2026-10-12,S03,P303,204,0,28,176,86,3
2026-10-12,S03,P304,112,0,33,79,51,2
2026-10-12,S03,P305,110,0,33,77,81,1
2026-10-12,S03,P306,61,0,34,27,75,3
2026-10-12,S03,P330,108,0,36,72,66,1
2026-10-12,S03,P401,65,65,10,55,34,4
2026-10-12,S03,P402,3,0,3,0,33,4
2026-10-12,S03,P403,36,0,12,24,33,1
2026-10-12,S03,P404,58,0,11,47,23,2
2026-10-12,S03,P405,86,66,10,76,27,1
2026-10-12,S03,P406,99,99,13,86,35,3
2026-10-12,S03,P407,36,0,12,24,32,2
2026-10-12,S03,P442,81,0,17,64,72,1
2026-10-12,S03,P501,30,0,8,18,14,2
2026-10-12,S03,P502,39,0,7,32,22,4
2026-10-12,S03,P503,63,63,13,50,24,3
2026-10-12,S03,P504,1,0,1,0,16,4
2026-10-12,S03,P505,36,0,5,31,17,2
2026-10-12,S03,P601,69,54,7,62,18,1
2026-10-12,S03,P602,53,47,9,44,16,1
2026-10-12,S03,P603,42,42,6,36,13,4
2026-10-12,S03,P604,44,0,12,32,24,4
2026-10-12,S03,P605,4,0,4,0,19,4
2026-10-12,S03,P701,37,0,7,30,18,3
2026-10-12,S03,P702,29,0,11,18,17,4
2026-10-12,S03,P703,2,0,2,0,17,4
2026-10-12,S03,P704,38,0,10,28,26,1
2026-10-12,S03,P801,60,0,19,41,41,1
2026-10-12,S03,P802,37,0,18,19,36,3
2026-10-12,S03,P803,31,0,14,17,43,3
2026-10-12,S03,P902,16,0,4,15,16,4
2026-10-12,S04,P101,186,0,35,151,95,4
2026-10-12,S04,P102,336,336,35,301,113,3
2026-10-12,S04,P103,42,0,42,0,105,4
2026-10-12,S04,P104,0,0,0,0,114,4
2026-10-12,S04,P105,228,0,75,153,145,3
2026-10-12,S04,P106,228,0,29,199,101,1
2026-10-12,S04,P201,157,0,55,102,96,1
2026-10-12,S04,P202,20,0,20,0,98,4
2026-10-12,S04,P203,138,0,49,89,99,3
2026-10-12,S04,P204,197,0,55,142,110,3
2026-10-12,S04,P205,14,0,10,4,27,4
2026-10-12,S04,P206,0,0,0,0,83,4
2026-10-12,S04,P207,31,0,23,8,114,4
2026-10-12,S04,P301,14,0,14,0,62,3
2026-10-12,S04,P302,246,170,29,217,85,1
2026-10-12,S04,P303,97,0,42,55,90,3
2026-10-12,S04,P304,216,194,21,195,79,2
2026-10-12,S04,P305,0,0,0,0,78,4
2026-10-12,S04,P306,184,0,62,122,127,3
2026-10-12,S04,P330,139,0,36,103,86,4
2026-10-12,S04,P401,276,205,29,247,73,1
2026-10-12,S04,P402,176,0,23,153,64,1
2026-10-12,S04,P403,160,123,13,147,44,1
2026-10-12,S04,P404,80,0,28,52,56,3
2026-10-12,S04,P405,107,0,21,86,53,2
2026-10-12,S04,P406,143,131,20,123,46,2
2026-10-12,S04,P407,62,0,28,34,57,3
2026-10-12,S04,P442,91,0,31,56,64,2
2026-10-12,S04,P501,32,0,16,16,29,2
2026-10-12,S04,P502,69,69,11,58,32,3
2026-10-12,S04,P503,41,0,12,29,34,2
2026-10-12,S04,P504,84,68,8,76,28,1
2026-10-12,S04,P505,30,0,9,26,25,1
2026-10-12,S04,P601,34,0,17,17,38,3
2026-10-12,S04,P602,34,0,18,16,30,1
2026-10-12,S04,P603,28,0,13,15,26,1
2026-10-12,S04,P604,63,0,8,55,25,1
2026-10-12,S04,P605,67,0,15,52,34,4
2026-10-12,S04,P701,123,107,20,103,41,2
2026-10-12,S04,P702,72,0,11,61,31,4
2026-10-12,S04,P703,0,0,0,0,45,3
2026-10-12,S04,P704,38,0,10,28,26,1
2026-10-12,S04,P801,119,0,23,96,64,3
2026-10-12,S04,P802,64,0,18,46,55,3
2026-10-12,S04,P803,30,0,11,19,38,3
2026-10-12,S04,P902,42,0,9,33,26,2
2026-10-12,S05,P101,56,0,39,17,92,3
2026-10-12,S05,P102,62,0,33,29,72,3
2026-10-12,S05,P103,192,0,40,148,76,2
2026-10-12,S05,P104,165,0,24,141,56,1
2026-10-12,S05,P105,213,213,36,177,63,4
2026-10-12,S05,P106,166,0,36,130,69,3
2026-10-12,S05,P201,0,0,0,0,51,4
2026-10-12,S05,P202,178,178,37,141,69,3
2026-10-12,S05,P203,60,0,33,27,80,2
2026-10-12,S05,P204,109,0,28,81,60,2
2026-10-12,S05,P205,0,0,0,0,19,4
2026-10-12,S05,P206,52,0,18,34,50,2
2026-10-12,S05,P207,144,0,21,123,55,4
2026-10-12,S05,P301,48,0,20,28,63,2
2026-10-12,S05,P302,92,0,38,54,70,3
2026-10-12,S05,P303,0,0,0,0,73,3
2026-10-12,S05,P304,87,0,31,56,53,3
2026-10-12,S05,P305,120,112,11,109,45,2
2026-10-12,S05,P306,101,0,26,75,64,2
2026-10-12,S05,P330,74,0,24,50,49,1
2026-10-12,S05,P401,34,0,14,20,21,3
2026-10-12,S05,P402,0,0,0,0,30,3
2026-10-12,S05,P403,65,0,18,47,39,1
2026-10-12,S05,P404,60,60,9,51,21,3
2026-10-12,S05,P405,44,44,7,37,21,3
2026-10-12,S05,P406,66,0,12,54,31,1
2026-10-12,S05,P407,98,0,12,86,30,1
2026-10-12,S05,P442,94,0,28,69,53,3
2026-10-12,S05,P501,13,0,6,7,13,4
2026-10-12,S05,P502,31,0,5,26,14,3
2026-10-12,S05,P503,14,0,5,9,11,3
2026-10-12,S05,P504,34,0,9,25,24,1
2026-10-12,S05,P505,10,0,6,4,17,2
2026-10-12,S05,P601,29,0,7,22,13,2
2026-10-12,S05,P602,0,0,0,0,15,4
2026-10-12,S05,P603,23,0,9,14,19,1
2026-10-12,S05,P604,44,44,7,37,15,3
2026-10-12,S05,P605,19,0,3,16,11,2
2026-10-12,S05,P701,55,0,6,49,18,1
2026-10-12,S05,P702,76,64,14,62,25,1
2026-10-12,S05,P703,44,0,13,31,21,1
2026-10-12,S05,P704,43,0,9,34,25,1
2026-10-12,S05,P801,79,0,8,71,44,3
2026-10-12,S05,P802,65,65,12,53,32,3
2026-10-12,S05,P803,136,0,14,125,46,1
2026-10-12,S05,P902,12,0,4,8,16,4
2026-10-12,S06,P101,168,0,49,119,86,4
2026-10-12,S06,P102,214,0,61,153,101,1
2026-10-12,S06,P103,309,0,57,252,142,2
2026-10-12,S06,P104,124,0,39,85,81,4
2026-10-12,S06,P105,178,0,44,134,98,4
2026-10-12,S06,P106,354,354,49,305,117,3
2026-10-12,S06,P201,141,0,34,107,88,1
2026-10-12,S06,P202,159,159,23,136,65,3
2026-10-12,S06,P203,90,0,30,60,60,2
2026-10-12,S06,P204,89,0,29,60,108,2
2026-10-12,S06,P205,0,0,0,0,29,4
2026-10-12,S06,P206,237,237,38,199,87,4
2026-10-12,S06,P207,88,0,38,50,73,3
2026-10-12,S06,P301,235,0,32,203,96,1
2026-10-12,S06,P302,126,0,28,98,76,1
2026-10-12,S06,P303,39,0,36,3,81,3
2026-10-12,S06,P304,130,0,20,110,72,2
2026-10-12,S06,P305,270,216,38,232,90,1
2026-10-12,S06,P306,133,0,33,100,82,3
2026-10-12,S06,P330,57,0,31,26,85,2
2026-10-12,S06,P401,146,116,18,128,48,1
2026-10-12,S06,P402,77,0,9,68,34,2
2026-10-12,S06,P403,71,0,12,59,42,2
2026-10-12,S06,P404,117,117,18,99,51,3
2026-10-12,S06,P405,118,118,30,88,60,4
2026-10-12,S06,P406,11,0,11,0,34,3
2026-10-12,S06,P407,73,0,11,62,41,3
2026-10-12,S06,P442,115,0,25,90,88,2
2026-10-12,S06,P501,9,0,9,0,25,3
2026-10-12,S06,P502,78,65,15,63,38,2
2026-10-12,S06,P503,46,0,13,33,34,2
2026-10-12,S06,P504,10,0,9,1,20,3
2026-10-12,S06,P505,72,72,15,57,27,3
2026-10-12,S06,P601,28,0,6,22,18,1
2026-10-12,S06,P602,39,0,9,33,33,2
2026-10-12,S06,P603,5,0,5,0,24,3
2026-10-12,S06,P604,41,0,8,33,19,1
2026-10-12,S06,P605,73,0,11,62,31,3
2026-10-12,S06,P701,37,0,8,29,20,1
2026-10-12,S06,P702,14,0,14,0,37,3
2026-10-12,S06,P703,80,0,16,64,32,1
2026-10-12,S06,P704,68,0,11,57,29,2
2026-10-12,S06,P801,216,165,22,194,53,1
2026-10-12,S06,P802,195,0,28,167,76,1
2026-10-12,S06,P803,0,0,0,0,53,4
2026-10-12,S06,P902,50,0,7,43,22,3
2026-10-13,S01,P101,92,0,44,48,121,3
2026-10-13,S01,P102,293,247,52,241,98,2
2026-10-13,S01,P103,0,0,0,0,164,4
2026-10-13,S01,P104,166,0,77,89,143,3
2026-10-13,S01,P105,0,0,0,0,124,4
2026-10-13,S01,P106,310,310,57,253,126,3
2026-10-13,S01,P201,298,298,50,248,89,3
2026-10-13,S01,P202,309,0,68,241,150,1
2026-10-13,S01,P203,275,0,91,184,159,3
2026-10-13,S01,P204,239,239,77,162,117,3
2026-10-13,S01,P205,33,0,12,21,27,1
2026-10-13,S01,P206,114,0,36,78,92,3
2026-10-13,S01,P207,197,0,43,157,111,3
2026-10-13,S01,P301,361,331,46,315,139,2
2026-10-13,S01,P302,162,0,74,88,106,2
2026-10-13,S01,P303,120,0,43,77,109,3
2026-10-13,S01,P304,0,0,0,0,74,3
2026-10-13,S01,P305,190,165,41,149,76,2
2026-10-13,S01,P306,112,0,34,78,83,1
2026-10-13,S01,P330,129,0,35,94,93,4
2026-10-13,S01,P401,165,0,37,128,71,2
2026-10-13,S01,P402,46,0,18,28,46,2
2026-10-13,S01,P403,31,0,27,4,46,3
2026-10-13,S01,P404,12,0,12,0,61,4
2026-10-13,S01,P405,0,0,0,0,43,4
2026-10-13,S01,P406,55,0,27,28,71,4
2026-10-13,S01,P407,188,0,31,157,55,1
2026-10-13,S01,P442,264,0,51,213,132,3
2026-10-13,S01,P501,94,0,19,75,41,3
2026-10-13,S01,P502,89,65,11,78,28,1
2026-10-13,S01,P503,97,0,18,79,40,1
2026-10-13,S01,P504,20,0,20,0,30,3
2026-10-13,S01,P505,54,0,16,38,37,4
2026-10-13,S01,P601,57,0,13,44,32,2
2026-10-13,S01,P602,68,0,18,50,37,2
2026-10-13,S01,P603,82,82,17,65,36,4
2026-10-13,S01,P604,66,0,14,52,23,2
2026-10-13,S01,P605,40,0,8,32,33,1
2026-10-13,S01,P701,99,0,13,86,36,2
2026-10-13,S01,P702,73,0,25,48,53,4
2026-10-13,S01,P703,182,0,24,158,47,1
2026-10-13,S01,P704,64,0,16,48,33,3
2026-10-13,S01,P801,0,0,0,0,60,4
2026-10-13,S01,P802,224,0,58,166,90,2
2026-10-13,S01,P803,152,0,24,128,59,2
2026-10-13,S01,P902,128,0,19,109,36,1
2026-10-13,S02,P101,815,815,178,637,333,3
2026-10-13,S02,P102,1134,0,184,950,347,1
2026-10-13,S02,P103,1141,813,140,1001,334,1
2026-10-13,S02,P104,924,676,155,769,268,1
2026-10-13,S02,P105,779,779,162,617,300,3
2026-10-13,S02,P106,388,0,195,193,294,2
2026-10-13,S02,P201,572,0,128,444,283,1
2026-10-13,S02,P202,1112,844,182,930,316,1
2026-10-13,S02,P203,527,0,138,389,255,1
2026-10-13,S02,P204,353,0,102,251,215,4
2026-10-13,S02,P205,200,0,47,153,116,2
2026-10-13,S02,P206,273,0,98,175,196,3
2026-10-13,S02,P207,837,0,164,673,307,1
2026-10-13,S02,P301,635,536,95,540,177,1
2026-10-13,S02,P302,1006,982,134,872,326,2
2026-10-13,S02,P303,593,0,122,471,224,1
2026-10-13,S02,P304,1109,0,130,979,325,1
2026-10-13,S02,P305,687,0,167,520,329,4
2026-10-13,S02,P306,0,0,0,0,214,4
2026-10-13,S02,P330,808,808,167,641,277,3
2026-10-13,S02,P401,186,0,76,110,111,3
2026-10-13,S02,P402,82,0,36,46,103,2
2026-10-13,S02,P403,0,0,0,0,114,4
2026-10-13,S02,P404,158,0,55,103,136,3
2026-10-13,S02,P405,36,0,36,0,164,3
2026-10-13,S02,P406,384,0,83,301,151,4
2026-10-13,S02,P407,291,0,63,228,189,2
2026-10-13,S02,P442,695,667,105,590,238,2
2026-10-13,S02,P501,0,0,0,0,80,4
2026-10-13,S02,P502,0,0,0,0,126,4
2026-10-13,S02,P503,308,308,62,246,106,3
2026-10-13,S02,P504,215,0,31,184,72,1
2026-10-13,S02,P505,143,0,36,107,73,4
2026-10-13,S02,P601,116,0,28,88,61,1
2026-10-13,S02,P602,252,0,42,210,99,1
2026-10-13,S02,P603,86,0,62,24,77,1
2026-10-13,S02,P604,234,234,40,194,84,4
2026-10-13,S02,P605,8,0,8,0,56,3
2026-10-13,S02,P701,196,0,58,138,101,2
2026-10-13,S02,P702,243,223,43,200,82,2
2026-10-13,S02,P703,70,0,42,28,78,2
2026-10-13,S02,P704,108,0,49,59,80,1
2026-10-13,S02,P801,261,0,60,201,134,3
2026-10-13,S02,P802,0,0,0,0,129,3
2026-10-13,S02,P803,271,0,85,186,194,2
2026-10-13,S02,P902,38,0,36,2,57,2
2026-10-13,S03,P101,103,0,32,71,68,2
2026-10-13,S03,P102,191,177,39,152,93,2
2026-10-13,S03,P103,235,235,46,189,83,4
2026-10-13,S03,P104,93,0,41,52,63,1
2026-10-13,S03,P105,87,0,26,61,63,2
2026-10-13,S03,P106,68,0,46,22,84,4
2026-10-13,S03,P201,152,152,42,110,83,4
2026-10-13,S03,P202,203,203,32,171,75,4
2026-10-13,S03,P203,3,0,3,0,40,3
2026-10-13,S03,P204,284,228,44,240,89,2
2026-10-13,S03,P205,25,0,9,16,22,4
2026-10-13,S03,P206,26,0,26,0,67,4
2026-10-13,S03,P207,60,0,37,23,83,3
2026-10-13,S03,P301,178,0,26,152,59,1
2026-10-13,S03,P302,133,127,26,107,65,2
2026-10-13,S03,P303,176,0,16,160,86,3
2026-10-13,S03,P304,79,0,28,51,51,2
2026-10-13,S03,P305,239,162,43,196,81,1
2026-10-13,S03,P306,27,0,27,0,75,3
2026-10-13,S03,P330,72,0,42,30,66,1
2026-10-13,S03,P401,55,0,12,43,34,4
2026-10-13,S03,P402,0,0,0,0,33,4
2026-10-13,S03,P403,88,64,16,72,33,1
2026-10-13,S03,P404,47,0,12,35,23,2
2026-10-13,S03,P405,76,0,5,71,27,1
2026-10-13,S03,P406,86,0,14,72,35,3
2026-10-13,S03,P407,24,0,10,14,32,2
2026-10-13,S03,P442,269,205,25,244,72,1
2026-10-13,S03,P501,22,0,11,11,14,2
2026-10-13,S03,P502,32,0,7,25,22,4
2026-10-13,S03,P503,50,0,9,41,24,3
2026-10-13,S03,P504,0,0,0,0,16,4
2026-10-13,S03,P505,31,0,4,27,17,2
2026-10-13,S03,P601,62,0,9,53,18,1
2026-10-13,S03,P602,44,0,9,35,16,1
2026-10-13,S03,P603,36,0,6,30,13,4
2026-10-13,S03,P604,32,0,7,25,24,4
2026-10-13,S03,P605,0,0,0,0,19,4
2026-10-13,S03,P701,30,0,10,20,18,3
2026-10-13,S03,P702,18,0,9,9,17,4
2026-10-13,S03,P703,0,0,0,0,17,4
2026-10-13,S03,P704,28,0,14,14,26,1
2026-10-13,S03,P801,41,0,26,15,41,1
2026-10-13,S03,P802,19,0,16,3,36,3
2026-10-13,S03,P803,17,0,17,0,43,3
2026-10-13,S03,P902,12,0,7,5,16,4
2026-10-13,S04,P101,151,0,32,119,95,4
2026-10-13,S04,P102,301,0,57,244,113,3
2026-10-13,S04,P103,0,0,0,0,105,4
2026-10-13,S04,P104,0,0,0,0,114,4
2026-10-13,S04,P105,153,0,57,96,145,3
2026-10-13,S04,P106,199,0,50,149,101,1
2026-10-13,S04,P201,102,0,45,57,96,1
2026-10-13,S04,P202,0,0,0,0,98,4
2026-10-13,S04,P203,89,0,47,42,99,3
2026-10-13,S04,P204,142,0,66,76,110,3
2026-10-13,S04,P205,4,0,4,0,27,4
2026-10-13,S04,P206,163,163,51,112,83,4
2026-10-13,S04,P207,8,0,8,0,114,4
2026-10-13,S04,P301,0,0,0,0,62,3
2026-10-13,S04,P302,217,0,28,189,85,1
2026-10-13,S04,P303,55,0,55,0,90,3
2026-10-13,S04,P304,195,0,43,152,79,2
2026-10-13,S04,P305,0,0,0,0,78,4
2026-10-13,S04,P306,122,0,68,54,127,3
2026-10-13,S04,P330,103,0,38,65,86,4
2026-10-13,S04,P401,247,0,22,225,73,1
2026-10-13,S04,P402,153,0,23,130,64,1
2026-10-13,S04,P403,147,0,17,130,44,1
2026-10-13,S04,P404,52,0,32,20,56,3
2026-10-13,S04,P405,86,0,24,62,53,2
2026-10-13,S04,P406,123,0,36,87,46,2
2026-10-13,S04,P407,34,0,25,9,57,3
2026-10-13,S04,P442,60,0,35,25,64,2
2026-10-13,S04,P501,16,0,16,0,29,2
2026-10-13,S04,P502,58,0,16,42,32,3
2026-10-13,S04,P503,29,0,18,11,34,2
2026-10-13,S04,P504,76,0,11,65,28,1
2026-10-13,S04,P505,70,49,9,61,25,1
2026-10-13,S04,P601,17,0,15,2,38,3
2026-10-13,S04,P602,97,81,17,80,30,1
2026-10-13,S04,P603,66,51,12,54,26,1
2026-10-13,S04,P604,55,0,12,43,25,1
2026-10-13,S04,P605,52,0,14,38,34,4
2026-10-13,S04,P701,103,0,28,75,41,2
2026-10-13,S04,P702,61,0,16,45,31,4
2026-10-13,S04,P703,110,110,28,82,45,3
2026-10-13,S04,P704,28,0,15,13,26,1
2026-10-13,S04,P801,96,0,44,52,64,3
2026-10-13,S04,P802,46,0,24,22,55,3
2026-10-13,S04,P803,19,0,19,0,38,3
2026-10-13,S04,P902,33,0,12,21,26,2
2026-10-13,S05,P101,17,0,17,0,92,3
2026-10-13,S05,P102,29,0,29,0,72,3
2026-10-13,S05,P103,152,0,29,123,76,2
2026-10-13,S05,P104,141,0,27,114,56,1
2026-10-13,S05,P105,177,0,28,145,63,4
2026-10-13,S05,P106,130,0,26,104,69,3
2026-10-13,S05,P201,0,0,0,0,51,4
2026-10-13,S05,P202,141,0,29,112,69,3
2026-10-13,S05,P203,249,222,30,219,80,2
2026-10-13,S05,P204,81,0,41,40,60,2
2026-10-13,S05,P205,0,0,0,0,19,4
2026-10-13,S05,P206,34,0,20,14,50,2
2026-10-13,S05,P207,123,0,30,93,55,4
2026-10-13,S05,P301,208,180,30,178,63,2
2026-10-13,S05,P302,54,0,50,4,70,3
2026-10-13,S05,P303,123,123,24,99,73,3
2026-10-13,S05,P304,56,0,24,32,53,3
2026-10-13,S05,P305,109,0,13,96,45,2
2026-10-13,S05,P306,75,0,37,38,64,2
2026-10-13,S05,P330,50,0,36,14,49,1
2026-10-13,S05,P401,20,0,13,7,21,3
2026-10-13,S05,P402,71,71,17,54,30,3
2026-10-13,S05,P403,47,0,17,30,39,1
2026-10-13,S05,P404,51,0,8,43,21,3
2026-10-13,S05,P405,37,0,11,26,21,3
2026-10-13,S05,P406,54,0,9,45,31,1
2026-10-13,S05,P407,86,0,13,73,30,1
2026-10-13,S05,P442,66,0,25,41,53,3
2026-10-13,S05,P501,7,0,6,1,13,4
2026-10-13,S05,P502,26,0,9,17,14,3
2026-10-13,S05,P503,9,0,8,1,11,3
2026-10-13,S05,P504,25,0,11,14,24,1
2026-10-13,S05,P505,39,35,7,32,17,2
2026-10-13,S05,P601,22,0,7,15,13,2
2026-10-13,S05,P602,0,0,0,0,15,4
2026-10-13,S05,P603,70,56,7,63,19,1
2026-10-13,S05,P604,37,0,8,29,15,3
2026-10-13,S05,P605,16,0,5,11,11,2
2026-10-13,S05,P701,49,0,10,39,18,1
2026-10-13,S05,P702,62,0,10,52,25,1
2026-10-13,S05,P703,31,0,13,18,21,1
2026-10-13,S05,P704,34,0,14,20,25,1
2026-10-13,S05,P801,71,0,26,45,44,3
2026-10-13,S05,P802,53,0,15,38,32,3
2026-10-13,S05,P803,122,0,17,105,46,1
2026-10-13,S05,P902,8,0,7,1,16,4
2026-10-13,S06,P101,119,0,43,76,86,4
2026-10-13,S06,P102,153,0,64,89,101,1
2026-10-13,S06,P103,252,0,70,182,142,2
2026-10-13,S06,P104,85,0,40,45,81,4
2026-10-13,S06,P105,134,0,79,55,98,4
2026-10-13,S06,P106,305,0,62,246,117,3
2026-10-13,S06,P201,107,0,37,70,88,1
2026-10-13,S06,P202,136,0,31,105,65,3
2026-10-13,S06,P203,60,0,35,25,60,2
2026-10-13,S06,P204,264,204,60,204,108,2
2026-10-13,S06,P205,0,0,0,0,29,4
2026-10-13,S06,P206,199,0,46,153,87,4
2026-10-13,S06,P207,50,0,48,2,73,3
2026-10-13,S06,P301,203,0,52,151,96,1
2026-10-13,S06,P302,98,0,33,65,76,1
2026-10-13,S06,P303,3,0,3,0,81,3
2026-10-13,S06,P304,110,0,29,81,72,2
2026-10-13,S06,P305,232,0,47,185,90,1
2026-10-13,S06,P306,100,0,43,57,82,3
2026-10-13,S06,P330,270,244,64,206,85,2
2026-10-13,S06,P401,128,0,25,103,48,1
2026-10-13,S06,P402,68,0,16,52,34,2
2026-10-13,S06,P403,59,0,20,39,42,2
2026-10-13,S06,P404,99,0,24,75,51,3
2026-10-13,S06,P405,88,0,32,56,60,4
2026-10-13,S06,P406,0,0,0,0,34,3
2026-10-13,S06,P407,62,0,17,45,41,3
2026-10-13,S06,P442,90,0,34,56,88,2
2026-10-13,S06,P501,81,81,13,68,25,3
2026-10-13,S06,P502,63,0,13,50,38,2
2026-10-13,S06,P503,33,0,18,15,34,2
2026-10-13,S06,P504,1,0,1,0,20,3
2026-10-13,S06,P505,57,0,19,38,27,3
2026-10-13,S06,P601,22,0,11,11,18,1
2026-10-13,S06,P602,30,0,12,18,33,2
2026-10-13,S06,P603,66,66,17,49,24,3
2026-10-13,S06,P604,33,0,6,27,19,1
2026-10-13,S06,P605,62,0,15,47,31,3
2026-10-13,S06,P701,29,0,10,19,20,1
2026-10-13,S06,P702,0,0,0,0,37,3
2026-10-13,S06,P703,64,0,16,48,32,1
2026-10-13,S06,P704,57,0,16,41,29,2
2026-10-13,S06,P801,194,0,30,164,53,1
2026-10-13,S06,P802,167,0,26,141,76,1
2026-10-13,S06,P803,0,0,0,0,53,4
2026-10-13,S06,P902,43,0,10,33,22,3
2026-10-14,S01,P101,48,0,47,1,121,3
2026-10-14,S01,P102,241,0,50,191,98,2
2026-10-14,S01,P103,386,386,61,325,164,4
2026-10-14,S01,P104,89,0,55,34,143,3
2026-10-14,S01,P105,381,381,87,294,124,4
2026-10-14,S01,P106,253,0,48,205,126,3
2026-10-14,S01,P201,248,0,57,191,89,3
2026-10-14,S01,P202,241,0,54,187,150,1
2026-10-14,S01,P203,184,0,72,112,159,3
2026-10-14,S01,P204,162,0,61,101,117,3
2026-10-14,S01,P205,102,81,15,87,27,1
2026-10-14,S01,P206,78,0,49,29,92,3
2026-10-14,S01,P207,154,0,76,78,111,3
2026-10-14,S01,P301,315,0,66,249,139,2
2026-10-14,S01,P302,88,0,54,34,106,2
2026-10-14,S01,P303,77,0,67,10,109,3
2026-10-14,S01,P304,188,188,17,171,74,3
2026-10-14,S01,P305,149,0,38,111,76,2
2026-10-14,S01,P306,281,203,36,245,83,1
2026-10-14,S01,P330,94,0,54,40,93,4
2026-10-14,S01,P401,128,0,33,95,71,2
2026-10-14,S01,P402,28,0,19,9,46,2
2026-10-14,S01,P403,4,0,4,0,46,3
2026-10-14,S01,P404,0,0,0,0,61,4
2026-10-14,S01,P405,126,126,21,105,43,4
2026-10-14,S01,P406,28,0,28,0,71,4
2026-10-14,S01,P407,157,0,32,125,55,1
2026-10-14,S01,P442,213,0,42,171,132,3
2026-10-14,S01,P501,75,0,25,50,41,3
2026-10-14,S01,P502,78,0,13,65,28,1
2026-10-14,S01,P503,79,0,20,59,40,1
2026-10-14,S01,P504,0,0,0,0,30,3
2026-10-14,S01,P505,38,0,14,24,37,4
2026-10-14,S01,P601,44,0,15,29,32,2
2026-10-14,S01,P602,50,0,13,37,37,2
2026-10-14,S01,P603,65,0,13,52,36,4
2026-10-14,S01,P604,52,0,12,40,23,2
2026-10-14,S01,P605,100,68,17,83,33,1
2026-10-14,S01,P701,86,0,18,71,36,2
2026-10-14,S01,P702,48,0,23,25,53,4
2026-10-14,S01,P703,158,0,27,131,47,1
2026-10-14,S01,P704,48,0,14,34,33,3
2026-10-14,S01,P801,183,183,31,152,60,4
2026-10-14,S01,P802,166,0,47,119,90,2
2026-10-14,S01,P803,128,0,19,109,59,2
2026-10-14,S01,P902,109,0,17,92,36,1
2026-10-14,S02,P101,637,0,183,454,333,3
2026-10-14,S02,P102,950,0,208,742,347,1
2026-10-14,S02,P103,1001,0,155,846,334,1
2026-10-14,S02,P104,769,0,157,612,268,1
2026-10-14,S02,P105,617,0,163,454,300,3
2026-10-14,S02,P106,193,0,145,48,294,2
2026-10-14,S02,P201,444,0,171,273,283,1
2026-10-14,S02,P202,930,0,156,774,316,1
2026-10-14,S02,P203,389,0,172,217,255,1
2026-10-14,S02,P204,251,0,95,156,215,4
2026-10-14,S02,P205,153,0,44,109,116,2
2026-10-14,S02,P206,175,0,116,59,196,3
2026-10-14,S02,P207,673,0,201,472,307,1
2026-10-14,S02,P301,540,0,88,452,177,1
2026-10-14,S02,P302,872,0,146,726,326,2
2026-10-14,S02,P303,471,0,157,314,224,1
2026-10-14,S02,P304,979,0,128,851,325,1
2026-10-14,S02,P305,520,0,153,367,329,4
2026-10-14,S02,P306,735,735,83,652,214,4
2026-10-14,S02,P330,641,0,237,404,277,3
2026-10-14,S02,P401,110,0,62,48,111,3
2026-10-14,S02,P402,285,239,61,224,103,2
2026-10-14,S02,P403,313,313,51,262,114,4
2026-10-14,S02,P404,103,0,66,37,136,3
2026-10-14,S02,P405,397,397,80,317,164,3
2026-10-14,S02,P406,301,0,64,237,151,4
2026-10-14,S02,P407,228,0,78,150,189,2
2026-10-14,S02,P442,590,0,122,468,238,2
2026-10-14,S02,P501,220,220,34,186,80,4
2026-10-14,S02,P502,266,266,52,214,126,4
2026-10-14,S02,P503,246,0,48,198,106,3
2026-10-14,S02,P504,184,0,32,152,72,1
2026-10-14,S02,P505,107,0,36,71,73,4
2026-10-14,S02,P601,88,0,31,57,61,1
2026-10-14,S02,P602,210,0,48,162,99,1
2026-10-14,S02,P603,207,183,40,167,77,1
2026-10-14,S02,P604,194,0,37,157,84,4
2026-10-14,S02,P605,129,129,24,105,56,3
2026-10-14,S02,P701,138,0,48,90,101,2
2026-10-14,S02,P702,200,0,50,148,82,2
2026-10-14,S02,P703,190,162,48,142,78,2
2026-10-14,S02,P704,329,270,54,275,80,1
2026-10-14,S02,P801,201,0,97,104,134,3
2026-10-14,S02,P802,318,318,67,251,129,3
2026-10-14,S02,P803,186,0,83,103,194,2
2026-10-14,S02,P902,145,143,27,118,57,2
2026-10-14,S03,P101,71,0,31,40,68,2
2026-10-14,S03,P102,152,0,58,94,93,2
2026-10-14,S03,P103,189,0,37,152,83,4
2026-10-14,S03,P104,178,126,33,145,63,1
2026-10-14,S03,P105,61,0,31,30,63,2
2026-10-14,S03,P106,22,0,22,0,84,4
2026-10-14,S03,P201,110,0,46,64,83,4
2026-10-14,S03,P202,171,0,62,109,75,4
2026-10-14,S03,P203,113,113,25,88,40,3
2026-10-14,S03,P204,240,0,49,191,89,2
2026-10-14,S03,P205,16,0,9,7,22,4
2026-10-14,S03,P206,0,0,0,0,67,4
2026-10-14,S03,P207,23,0,23,0,83,3
2026-10-14,S03,P301,152,0,29,123,59,1
2026-10-14,S03,P302,107,0,25,82,65,2
2026-10-14,S03,P303,160,0,33,127,86,3
2026-10-14,S03,P304,51,0,41,10,51,2
2026-10-14,S03,P305,196,0,28,168,81,1
2026-10-14,S03,P306,184,184,34,150,75,3
2026-10-14,S03,P330,219,189,35,184,66,1
2026-10-14,S03,P401,43,0,12,31,34,4
2026-10-14,S03,P402,56,56,21,35,33,4
2026-10-14,S03,P403,72,0,14,58,33,1
2026-10-14,S03,P404,35,0,17,18,23,2
2026-10-14,S03,P405,71,0,12,59,27,1
2026-10-14,S03,P406,72,0,20,52,35,3
2026-10-14,S03,P407,96,82,18,78,32,2
2026-10-14,S03,P442,244,0,27,217,72,1
2026-10-14,S03,P501,11,0,8,3,14,2
2026-10-14,S03,P502,25,0,10,15,22,4
2026-10-14,S03,P503,41,0,11,30,24,3
2026-10-14,S03,P504,33,33,6,27,16,4
2026-10-14,S03,P505,27,0,6,21,17,2
2026-10-14,S03,P601,53,0,10,43,18,1
2026-10-14,S03,P602,35,0,7,28,16,1
2026-10-14,S03,P603,30,0,6,24,13,4
2026-10-14,S03,P604,25,0,10,15,24,4
2026-10-14,S03,P605,56,56,12,44,19,4
2026-10-14,S03,P701,20,0,9,11,18,3
2026-10-14,S03,P702,9,0,7,2,17,4
2026-10-14,S03,P703,0,0,0,0,17,4
2026-10-14,S03,P704,91,77,13,78,26,1
2026-10-14,S03,P801,148,133,15,133,41,1
2026-10-14,S03,P802,3,0,3,0,36,3
2026-10-14,S03,P803,128,128,20,108,43,3
2026-10-14,S03,P902,5,0,5,0,16,4
2026-10-14,S04,P101,119,0,51,68,95,4
2026-10-14,S04,P102,244,0,58,186,113,3
2026-10-14,S04,P103,0,0,0,0,105,4
2026-10-14,S04,P104,211,211,54,157,114,4
2026-10-14,S04,P105,96,0,63,33,145,3
2026-10-14,S04,P106,149,0,35,114,101,1
2026-10-14,S04,P201,272,215,49,223,96,1
2026-10-14,S04,P202,281,281,47,234,98,4
2026-10-14,S04,P203,42,0,42,0,99,3
2026-10-14,S04,P204,76,0,41,35,110,3
2026-10-14,S04,P205,0,0,0,0,27,4
2026-10-14,S04,P206,112,0,53,59,83,4
2026-10-14,S04,P207,259,259,57,202,114,4
2026-10-14,S04,P301,169,169,36,133,62,3
2026-10-14,S04,P302,189,0,39,150,85,1
2026-10-14,S04,P303,0,0,0,0,90,3
2026-10-14,S04,P304,152,0,41,111,79,2
2026-10-14,S04,P305,152,152,56,96,78,4
2026-10-14,S04,P306,54,0,35,19,127,3
2026-10-14,S04,P330,65,0,51,14,86,4
2026-10-14,S04,P401,225,0,31,194,73,1
2026-10-14,S04,P402,130,0,28,102,64,1
2026-10-14,S04,P403,130,0,19,111,44,1
2026-10-14,S04,P404,20,0,20,0,56,3
2026-10-14,S04,P405,62,0,25,37,53,2
2026-10-14,S04,P406,87,0,23,64,46,2
2026-10-14,S04,P407,9,0,9,0,57,3
2026-10-14,S04,P442,162,137,43,119,64,2
2026-10-14,S04,P501,82,82,12,70,29,2
2026-10-14,S04,P502,42,0,14,28,32,3
2026-10-14,S04,P503,87,76,14,73,34,2
2026-10-14,S04,P504,65,0,11,54,28,1
2026-10-14,S04,P505,61,0,10,51,25,1
2026-10-14,S04,P601,100,98,19,81,38,3
2026-10-14,S04,P602,80,0,11,69,30,1
2026-10-14,S04,P603,54,0,11,43,26,1
2026-10-14,S04,P604,43,0,11,32,25,1
2026-10-14,S04,P605,38,0,14,24,34,4
2026-10-14,S04,P701,75,0,23,52,41,2
2026-10-14,S04,P702,45,0,13,32,31,4
2026-10-14,S04,P703,82,0,21,61,45,3
2026-10-14,S04,P704,84,71,10,74,26,1
2026-10-14,S04,P801,52,0,35,17,64,3
2026-10-14,S04,P802,22,0,22,0,55,3
2026-10-14,S04,P803,91,91,17,74,38,3
2026-10-14,S04,P902,21,0,12,9,26,2
2026-10-14,S05,P101,238,238,40,198,92,3
2026-10-14,S05,P102,189,189,31,158,72,3
2026-10-14,S05,P103,123,0,35,88,76,2
2026-10-14,S05,P104,114,0,33,81,56,1
2026-10-14,S05,P105,149,0,30,119,63,4
2026-10-14,S05,P106,104,0,42,62,69,3
2026-10-14,S05,P201,174,174,23,151,51,4
2026-10-14,S05,P202,112,0,36,76,69,3
2026-10-14,S05,P203,219,0,36,183,80,2
2026-10-14,S05,P204,40,0,30,10,60,2
2026-10-14,S05,P205,42,42,11,31,19,4
2026-10-14,S05,P206,141,127,28,113,50,2
2026-10-14,S05,P207,93,0,31,62,55,4
2026-10-14,S05,P301,178,0,27,151,63,2
2026-10-14,S05,P302,4,0,4,0,70,3
2026-10-14,S05,P303,99,0,33,66,73,3
2026-10-14,S05,P304,32,0,23,9,53,3
2026-10-14,S05,P305,96,0,14,82,45,2
2026-10-14,S05,P306,38,0,28,10,64,2
2026-10-14,S05,P330,150,136,23,127,49,1
2026-10-14,S05,P401,7,0,7,0,21,3
2026-10-14,S05,P402,54,0,20,34,30,3
2026-10-14,S05,P403,115,85,16,99,39,1
2026-10-14,S05,P404,43,0,8,35,21,3
2026-10-14,S05,P405,26,0,12,14,21,3
2026-10-14,S05,P406,45,0,11,34,31,1
2026-10-14,S05,P407,73,0,12,61,30,1
2026-10-14,S05,P442,41,0,20,21,53,3
2026-10-14,S05,P501,1,0,1,0,13,4
2026-10-14,S05,P502,17,0,7,10,14,3
2026-10-14,S05,P503,1,0,1,0,11,3
2026-10-14,S05,P504,60,46,9,51,24,1
2026-10-14,S05,P505,32,0,6,26,17,2
2026-10-14,S05,P601,15,0,5,10,13,2
2026-10-14,S05,P602,30,30,8,22,15,4
2026-10-14,S05,P603,63,0,8,55,19,1
2026-10-14,S05,P604,29,0,6,23,15,3
2026-10-14,S05,P605,11,0,5,6,11,2
2026-10-14,S05,P701,39,0,9,30,18,1
2026-10-14,S05,P702,52,0,12,40,25,1
2026-10-14,S05,P703,73,55,17,56,21,1
2026-10-14,S05,P704,88,68,11,77,25,1
2026-10-14,S05,P801,45,0,24,21,44,3
2026-10-14,S05,P802,38,0,12,26,32,3
2026-10-14,S05,P803,105,0,29,76,46,1
2026-10-14,S05,P902,1,0,1,0,16,4
2026-10-14,S06,P101,76,0,47,29,86,4
2026-10-14,S06,P102,301,212,48,253,101,1
2026-10-14,S06,P103,182,0,66,119,142,2
2026-10-14,S06,P104,45,0,45,0,81,4
2026-10-14,S06,P105,55,0,55,0,98,4
2026-10-14,S06,P106,243,0,66,177,117,3
2026-10-14,S06,P201,256,186,50,206,88,1
2026-10-14,S06,P202,105,0,37,68,65,3
2026-10-14,S06,P203,25,0,25,0,60,2
2026-10-14,S06,P204,204,0,55,149,108,2
2026-10-14,S06,P205,65,65,15,50,29,4
2026-10-14,S06,P206,153,0,40,113,87,4
2026-10-14,S06,P207,2,0,2,0,73,3
2026-10-14,S06,P301,151,0,49,102,96,1
2026-10-14,S06,P302,236,171,39,197,76,1
2026-10-14,S06,P303,260,260,27,233,81,3
2026-10-14,S06,P304,81,0,31,50,72,2
2026-10-14,S06,P305,185,0,31,154,90,1
2026-10-14,S06,P306,57,0,39,18,82,3
2026-10-14,S06,P330,206,0,49,157,85,2
2026-10-14,S06,P401,103,0,22,81,48,1
2026-10-14,S06,P402,52,0,20,32,34,2
2026-10-14,S06,P403,39,0,13,26,42,2
2026-10-14,S06,P404,75,0,20,55,51,3
2026-10-14,S06,P405,56,0,39,17,60,4
2026-10-14,S06,P406,90,90,22,68,34,3
2026-10-14,S06,P407,45,0,16,29,41,3
2026-10-14,S06,P442,56,0,48,8,88,2
2026-10-14,S06,P501,68,0,12,56,25,3
2026-10-14,S06,P502,50,0,16,34,38,2
2026-10-14,S06,P503,91,76,16,75,34,2
2026-10-14,S06,P504,69,69,8,61,20,3
2026-10-14,S06,P505,38,0,13,25,27,3
2026-10-14,S06,P601,52,41,9,43,18,1
2026-10-14,S06,P602,74,56,14,60,33,2
2026-10-14,S06,P603,49,0,14,35,24,3
2026-10-14,S06,P604,27,0,7,20,19,1
2026-10-14,S06,P605,47,0,20,27,31,3
2026-10-14,S06,P701,80,61,13,67,20,1
2026-10-14,S06,P702,84,84,18,66,37,3
2026-10-14,S06,P703,48,0,15,33,32,1
2026-10-14,S06,P704,41,0,16,25,29,2
2026-10-14,S06,P801,164,0,25,139,53,1
2026-10-14,S06,P802,141,0,35,106,76,1
2026-10-14,S06,P803,115,115,25,90,53,4
2026-10-14,S06,P902,33,0,10,23,22,3
2026-10-15,S01,P101,242,241,55,187,121,3
2026-10-15,S01,P102,191,0,46,145,98,2
2026-10-15,S01,P103,325,0,68,257,164,4
2026-10-15,S01,P104,34,0,34,0,143,3
2026-10-15,S01,P105,294,0,66,228,124,4
2026-10-15,S01,P106,205,0,62,143,126,3
2026-10-15,S01,P201,191,0,43,148,89,3
2026-10-15,S01,P202,187,0,74,113,150,1
2026-10-15,S01,P203,112,0,94,18,159,3
2026-10-15,S01,P204,101,0,58,43,117,3
2026-10-15,S01,P205,87,0,13,74,27,1
2026-10-15,S01,P206,29,0,29,0,92,3
2026-10-15,S01,P207,78,0,52,26,111,3
2026-10-15,S01,P301,249,0,70,179,139,2
2026-10-15,S01,P302,339,305,68,271,106,2
2026-10-15,S01,P303,10,0,10,0,109,3
2026-10-15,S01,P304,171,0,40,131,74,3
2026-10-15,S01,P305,111,0,47,64,76,2
2026-10-15,S01,P306,245,0,33,212,83,1
2026-10-15,S01,P330,40,0,38,2,93,4
2026-10-15,S01,P401,95,0,27,68,71,2
2026-10-15,S01,P402,126,117,17,109,46,2
2026-10-15,S01,P403,155,155,24,131,46,3
2026-10-15,S01,P404,153,153,36,117,61,4
2026-10-15,S01,P405,105,0,22,83,43,4
2026-10-15,S01,P406,0,0,0,0,71,4
2026-10-15,S01,P407,125,0,26,99,55,1
2026-10-15,S01,P442,171,0,60,111,132,3
2026-10-15,S01,P501,50,0,19,31,41,3
2026-10-15,S01,P502,65,0,13,52,28,1
2026-10-15,S01,P503,59,0,19,40,40,1
2026-10-15,S01,P504,65,65,18,47,30,3
2026-10-15,S01,P505,24,0,16,8,37,4
2026-10-15,S01,P601,29,0,20,9,32,2
2026-10-15,S01,P602,37,0,15,22,37,2
2026-10-15,S01,P603,52,0,13,39,36,4
2026-10-15,S01,P604,40,0,14,26,23,2
2026-10-15,S01,P605,83,0,18,65,33,1
2026-10-15,S01,P701,68,0,11,57,36,2
2026-10-15,S01,P702,25,0,25,0,53,4
2026-10-15,S01,P703,131,0,24,107,47,1
2026-10-15,S01,P704,34,0,15,19,33,3
2026-10-15,S01,P801,152,0,31,121,60,4
2026-10-15,S01,P802,119,0,28,91,90,2
2026-10-15,S01,P803,109,0,26,83,59,2
2026-10-15,S01,P901,237,0,41,196,93,1
2026-10-15,S01,P902,92,0,20,72,36,1
2026-10-15,S02,P101,454,0,227,227,333,3
2026-10-15,S02,P102,742,0,244,498,347,1
2026-10-15,S02,P103,846,0,179,667,334,1
2026-10-15,S02,P104,612,0,180,432,268,1
2026-10-15,S02,P105,454,0,160,294,300,3
2026-10-15,S02,P106,558,510,143,415,294,2
2026-10-15,S02,P201,1132,859,133,999,283,1
2026-10-15,S02,P202,774,0,165,609,316,1
2026-10-15,S02,P203,1019,802,146,873,255,1
2026-10-15,S02,P204,156,0,124,32,215,4
2026-10-15,S02,P205,109,0,61,48,116,2
2026-10-15,S02,P206,59,0,59,0,196,3
2026-10-15,S02,P207,472,0,141,331,307,1
2026-10-15,S02,P301,452,0,104,348,177,1
2026-10-15,S02,P302,726,0,154,572,326,2
2026-10-15,S02,P303,314,0,104,210,224,1
2026-10-15,S02,P304,851,0,119,732,325,1
2026-10-15,S02,P305,367,0,166,201,329,4
2026-10-15,S02,P306,652,0,137,515,214,4
2026-10-15,S02,P330,404,0,196,208,277,3
2026-10-15,S02,P401,48,0,48,0,111,3
2026-10-15,S02,P402,224,0,47,177,103,2
2026-10-15,S02,P403,262,0,37,225,114,4
2026-10-15,S02,P404,37,0,37,0,136,3
2026-10-15,S02,P405,317,0,76,241,164,3
2026-10-15,S02,P406,237,0,82,155,151,4
2026-10-15,S02,P407,150,0,64,86,189,2
2026-10-15,S02,P442,468,0,105,363,238,2
2026-10-15,S02,P501,186,0,34,157,80,4
2026-10-15,S02,P502,214,0,42,172,126,4
2026-10-15,S02,P503,198,0,36,162,106,3
2026-10-15,S02,P504,152,0,36,116,72,1
2026-10-15,S02,P505,71,0,32,39,73,4
2026-10-15,S02,P601,197,140,21,176,61,1
2026-10-15,S02,P602,162,0,40,122,99,1
2026-10-15,S02,P603,167,0,36,131,77,1
2026-10-15,S02,P604,157,0,40,117,84,4
2026-10-15,S02,P605,105,0,30,75,56,3
2026-10-15,S02,P701,90,0,25,70,101,2
2026-10-15,S02,P702,150,0,55,95,82,2
2026-10-15,S02,P703,142,0,49,93,78,2
2026-10-15,S02,P704,275,0,45,230,80,1
2026-10-15,S02,P801,104,0,55,49,134,3
2026-10-15,S02,P802,251,0,72,179,129,3
2026-10-15,S02,P803,449,346,87,362,194,2
2026-10-15,S02,P901,624,0,146,478,261,3
2026-10-15,S02,P902,118,0,30,88,57,2
2026-10-15,S03,P101,40,0,40,0,68,2
2026-10-15,S03,P102,94,0,48,46,93,2
2026-10-15,S03,P103,152,0,52,100,83,4
2026-10-15,S03,P104,145,0,40,105,63,1
2026-10-15,S03,P105,146,116,31,115,63,2
2026-10-15,S03,P106,0,0,0,0,84,4
2026-10-15,S03,P201,64,0,47,17,83,4
2026-10-15,S03,P202,109,0,43,66,75,4
2026-10-15,S03,P203,88,0,32,56,40,3
2026-10-15,S03,P204,191,0,47,144,89,2
2026-10-15,S03,P205,7,0,7,0,22,4
2026-10-15,S03,P206,147,147,46,101,67,4
2026-10-15,S03,P207,136,136,55,81,83,3
2026-10-15,S03,P301,123,0,27,96,59,1
2026-10-15,S03,P302,82,0,39,43,65,2
2026-10-15,S03,P303,127,0,37,90,86,3
2026-10-15,S03,P304,10,0,10,0,51,2
2026-10-15,S03,P305,168,0,37,131,81,1
2026-10-15,S03,P306,150,0,36,114,75,3
2026-10-15,S03,P330,184,0,43,141,66,1
2026-10-15,S03,P401,31,0,15,16,34,4
2026-10-15,S03,P402,35,0,15,20,33,4
2026-10-15,S03,P403,58,0,15,43,33,1
2026-10-15,S03,P404,18,0,13,5,23,2
2026-10-15,S03,P405,59,0,9,50,27,1
2026-10-15,S03,P406,52,0,15,37,35,3
2026-10-15,S03,P407,78,0,12,66,32,2
2026-10-15,S03,P442,217,0,30,187,72,1
2026-10-15,S03,P501,38,35,6,32,14,2
2026-10-15,S03,P502,15,0,7,8,22,4
2026-10-15,S03,P503,30,0,10,20,24,3
2026-10-15,S03,P504,27,0,11,16,16,4
2026-10-15,S03,P505,21,0,6,15,17,2
2026-10-15,S03,P601,43,0,8,35,18,1
2026-10-15,S03,P602,28,0,7,21,16,1
2026-10-15,S03,P603,24,0,7,17,13,4
2026-10-15,S03,P604,15,0,10,5,24,4
2026-10-15,S03,P605,44,0,10,34,19,4
2026-10-15,S03,P701,11,0,11,0,18,3
2026-10-15,S03,P702,2,0,2,0,17,4
2026-10-15,S03,P703,54,54,9,45,17,4
2026-10-15,S03,P704,78,0,16,67,26,1
2026-10-15,S03,P801,133,0,17,116,41,1
2026-10-15,S03,P802,93,93,15,78,36,3
2026-10-15,S03,P803,108,0,21,87,43,3
2026-10-15,S03,P901,193,0,47,146,65,1
2026-10-15,S03,P902,0,0,0,0,16,4
2026-10-15,S04,P101,68,0,43,25,95,4
2026-10-15,S04,P102,186,0,52,134,113,3
2026-10-15,S04,P103,235,235,61,174,105,4
2026-10-15,S04,P104,157,0,46,111,114,4
2026-10-15,S04,P105,33,0,33,0,145,3
2026-10-15,S04,P106,114,0,37,80,101,1
2026-10-15,S04,P201,223,0,46,177,96,1
2026-10-15,S04,P202,234,0,46,188,98,4
2026-10-15,S04,P203,319,319,81,238,99,3
2026-10-15,S04,P204,35,0,35,0,110,3
2026-10-15,S04,P205,77,77,11,66,27,4
2026-10-15,S04,P206,59,0,40,19,83,4
2026-10-15,S04,P207,202,0,87,115,114,4
2026-10-15,S04,P301,133,0,35,98,62,3
2026-10-15,S04,P302,150,0,37,113,85,1
2026-10-15,S04,P303,250,250,50,200,90,3
2026-10-15,S04,P304,111,0,36,75,79,2
2026-10-15,S04,P305,96,0,44,52,78,4
2026-10-15,S04,P306,272,253,47,225,127,3
2026-10-15,S04,P330,14,0,14,0,86,4
2026-10-15,S04,P401,194,0,32,162,73,1
2026-10-15,S04,P402,102,0,38,64,64,1
2026-10-15,S04,P403,111,0,21,90,44,1
2026-10-15,S04,P404,131,131,26,105,56,3
2026-10-15,S04,P405,37,0,32,5,53,2
2026-10-15,S04,P406,64,0,22,42,46,2
2026-10-15,S04,P407,178,178,29,149,57,3
2026-10-15,S04,P442,119,0,33,86,64,2
2026-10-15,S04,P501,70,0,20,50,29,2
2026-10-15,S04,P502,28,0,15,13,32,3
2026-10-15,S04,P503,73,0,17,56,34,2
2026-10-15,S04,P504,54,0,9,45,28,1
2026-10-15,S04,P505,51,0,11,40,25,1
2026-10-15,S04,P601,81,0,17,64,38,3
2026-10-15,S04,P602,69,0,10,59,30,1
2026-10-15,S04,P603,43,0,13,30,26,1
2026-10-15,S04,P604,32,0,13,19,25,1
2026-10-15,S04,P605,24,0,16,8,34,4
2026-10-15,S04,P701,52,0,23,29,41,2
2026-10-15,S04,P702,32,0,13,19,31,4
2026-10-15,S04,P703,61,0,16,45,45,3
2026-10-15,S04,P704,74,0,10,64,26,1
2026-10-15,S04,P801,17,0,17,0,64,3
2026-10-15,S04,P802,153,153,20,133,55,3
2026-10-15,S04,P803,74,0,23,51,38,3
2026-10-15,S04,P901,161,0,36,125,80,3
2026-10-15,S04,P902,59,50,13,46,26,2
2026-10-15,S05,P101,198,0,42,156,92,3
2026-10-15,S05,P102,158,0,33,125,72,3
2026-10-15,S05,P103,88,0,39,49,76,2
2026-10-15,S05,P104,81,0,49,32,56,1
2026-10-15,S05,P105,119,0,29,90,63,4
2026-10-15,S05,P106,62,0,62,0,69,3
2026-10-15,S05,P201,151,0,19,132,51,4
2026-10-15,S05,P202,76,0,48,28,69,3
2026-10-15,S05,P203,183,0,33,150,80,2
2026-10-15,S05,P204,170,160,31,139,60,2
2026-10-15,S05,P205,31,0,9,22,19,4
2026-10-15,S05,P206,113,0,21,92,50,2
2026-10-15,S05,P207,62,0,32,30,55,4
2026-10-15,S05,P301,151,0,21,130,63,2
2026-10-15,S05,P302,133,133,29,104,70,3
2026-10-15,S05,P303,66,0,33,33,73,3
2026-10-15,S05,P304,9,0,9,0,53,3
2026-10-15,S05,P305,82,0,13,69,45,2
2026-10-15,S05,P306,198,188,25,173,64,2
2026-10-15,S05,P330,127,0,32,95,49,1
2026-10-15,S05,P401,43,43,10,33,21,3
2026-10-15,S05,P402,34,0,13,21,30,3
2026-10-15,S05,P403,99,0,17,82,39,1
2026-10-15,S05,P404,35,0,12,23,21,3
2026-10-15,S05,P405,14,0,11,3,21,3
2026-10-15,S05,P406,34,0,12,22,31,1
2026-10-15,S05,P407,61,0,18,43,30,1
2026-10-15,S05,P442,21,0,15,6,53,3
2026-10-15,S05,P501,0,0,0,0,13,4
2026-10-15,S05,P502,10,0,5,5,14,3
2026-10-15,S05,P503,38,38,8,30,11,3
2026-10-15,S05,P504,51,0,9,42,24,1
2026-10-15,S05,P505,26,0,6,20,17,2
2026-10-15,S05,P601,10,0,8,2,13,2
2026-10-15,S05,P602,22,0,4,18,15,4
2026-10-15,S05,P603,55,0,7,48,19,1
2026-10-15,S05,P604,23,0,6,17,15,3
2026-10-15,S05,P605,6,0,4,2,11,2
2026-10-15,S05,P701,30,0,11,19,18,1
2026-10-15,S05,P702,40,0,10,30,25,1
2026-10-15,S05,P703,56,0,13,43,21,1
2026-10-15,S05,P704,77,0,10,67,25,1
2026-10-15,S05,P801,21,0,20,1,44,3
2026-10-15,S05,P802,26,0,11,15,32,3
2026-10-15,S05,P803,76,0,17,59,46,1
2026-10-15,S05,P901,164,0,29,135,45,4
2026-10-15,S05,P902,46,46,5,41,16,4
2026-10-15,S06,P101,29,0,27,2,86,4
2026-10-15,S06,P102,253,0,68,185,101,1
2026-10-15,S06,P103,116,0,47,69,142,2
2026-10-15,S06,P104,0,0,0,0,81,4
2026-10-15,S06,P105,0,0,0,0,98,4
2026-10-15,S06,P106,177,0,42,135,117,3
2026-10-15,S06,P201,206,0,45,161,88,1
2026-10-15,S06,P202,68,0,24,44,65,3
2026-10-15,S06,P203,150,150,29,121,60,2
2026-10-15,S06,P204,149,0,45,104,108,2
2026-10-15,S06,P205,50,0,15,33,29,4
2026-10-15,S06,P206,113,0,49,64,87,4
2026-10-15,S06,P207,247,247,33,214,73,3
2026-10-15,S06,P301,102,0,45,57,96,1
2026-10-15,S06,P302,197,0,33,164,76,1
2026-10-15,S06,P303,233,0,42,191,81,3
2026-10-15,S06,P304,50,0,40,10,72,2
2026-10-15,S06,P305,154,0,59,95,90,1
2026-10-15,S06,P306,18,0,18,0,82,3
2026-10-15,S06,P330,157,0,41,116,85,2
2026-10-15,S06,P401,81,0,16,65,48,1
2026-10-15,S06,P402,32,0,18,14,34,2
2026-10-15,S06,P403,109,83,18,91,42,2
2026-10-15,S06,P404,55,0,26,29,51,3
2026-10-15,S06,P405,17,0,17,0,60,4
2026-10-15,S06,P406,68,0,19,49,34,3
2026-10-15,S06,P407,29,0,15,14,41,3
2026-10-15,S06,P442,271,263,55,216,88,2
2026-10-15,S06,P501,56,0,14,42,25,3
2026-10-15,S06,P502,34,0,14,20,38,2
2026-10-15,S06,P503,75,0,18,57,34,2
2026-10-15,S06,P504,61,0,11,50,20,3
2026-10-15,S06,P505,25,0,13,12,27,3
2026-10-15,S06,P601,43,0,12,31,18,1
2026-10-15,S06,P602,60,0,12,48,33,2
2026-10-15,S06,P603,35,0,10,25,24,3
2026-10-15,S06,P604,20,0,10,10,19,1
2026-10-15,S06,P605,27,0,12,15,31,3
2026-10-15,S06,P701,67,0,8,59,20,1
2026-10-15,S06,P702,66,0,12,54,37,3
2026-10-15,S06,P703,33,0,18,20,32,1
2026-10-15,S06,P704,25,0,11,14,29,2
2026-10-15,S06,P801,139,0,24,115,53,1
2026-10-15,S06,P802,106,0,29,77,76,1
2026-10-15,S06,P803,90,0,31,59,53,4
2026-10-15,S06,P901,254,0,48,206,86,2
2026-10-15,S06,P902,23,0,10,13,22,3
2026-10-16,S01,P101,187,0,49,138,121,3
2026-10-16,S01,P102,145,0,55,90,98,2
2026-10-16,S01,P103,257,0,61,196,164,4
2026-10-16,S01,P104,374,374,60,314,143,3
2026-10-16,S01,P105,228,0,66,162,124,4
2026-10-16,S01,P106,143,0,57,86,126,3
2026-10-16,S01,P201,148,0,51,97,89,3
2026-10-16,S01,P202,404,291,75,329,150,1
2026-10-16,S01,P203,18,0,18,0,159,3
2026-10-16,S01,P204,43,0,43,0,117,3
2026-10-16,S01,P205,74,0,11,63,27,1
2026-10-16,S01,P206,306,306,60,246,92,3
2026-10-16,S01,P207,26,0,26,0,111,3
2026-10-16,S01,P301,179,0,61,118,139,2
2026-10-16,S01,P302,271,0,56,215,106,2
2026-10-16,S01,P303,336,336,80,256,109,3
2026-10-16,S01,P304,131,0,48,83,74,3
2026-10-16,S01,P305,64,0,43,21,76,2
2026-10-16,S01,P306,212,0,44,168,83,1
2026-10-16,S01,P330,2,0,2,0,93,4
2026-10-16,S01,P401,68,0,28,40,71,2
2026-10-16,S01,P402,109,0,18,91,46,2
2026-10-16,S01,P403,131,0,24,107,46,3
2026-10-16,S01,P404,117,0,41,76,61,4
2026-10-16,S01,P405,83,0,16,67,43,4
2026-10-16,S01,P406,184,184,25,159,71,4
2026-10-16,S01,P407,99,0,37,62,55,1
2026-10-16,S01,P442,111,0,52,59,132,3
2026-10-16,S01,P501,31,0,21,10,41,3
2026-10-16,S01,P502,52,0,15,37,28,1
2026-10-16,S01,P503,40,0,17,23,40,1
2026-10-16,S01,P504,47,0,21,26,30,3
2026-10-16,S01,P505,8,0,8,0,37,4
2026-10-16,S01,P601,97,88,13,84,32,2
2026-10-16,S01,P602,22,0,17,5,37,2
2026-10-16,S01,P603,39,0,13,26,36,4
2026-10-16,S01,P604,26,0,13,13,23,2
2026-10-16,S01,P605,65,0,20,45,33,1
2026-10-16,S01,P701,57,0,19,38,36,2
2026-10-16,S01,P702,0,0,0,0,53,4
2026-10-16,S01,P703,107,0,28,77,47,1
2026-10-16,S01,P704,19,0,13,6,33,3
2026-10-16,S01,P801,121,0,41,80,60,4
2026-10-16,S01,P802,91,0,46,45,90,2
2026-10-16,S01,P803,83,0,30,53,59,2
2026-10-16,S01,P901,196,0,29,167,93,1
2026-10-16,S01,P902,72,0,16,56,36,1
2026-10-16,S02,P101,227,0,132,95,333,3
2026-10-16,S02,P102,498,0,220,278,347,1
2026-10-16,S02,P103,667,0,144,523,334,1
2026-10-16,S02,P104,432,0,98,334,268,1
2026-10-16,S02,P105,294,0,143,151,300,3
2026-10-16,S02,P106,415,0,119,296,294,2
2026-10-16,S02,P201,999,0,95,904,283,1
2026-10-16,S02,P202,609,0,104,503,316,1
2026-10-16,S02,P203,873,0,136,737,255,1
2026-10-16,S02,P204,32,0,32,0,215,4
2026-10-16,S02,P205,376,328,53,323,116,2
2026-10-16,S02,P206,635,635,80,555,196,3
2026-10-16,S02,P207,331,0,131,200,307,1
2026-10-16,S02,P301,348,0,116,232,177,1
2026-10-16,S02,P302,572,0,116,456,326,2
2026-10-16,S02,P303,724,514,115,609,224,1
2026-10-16,S02,P304,732,0,112,620,325,1
2026-10-16,S02,P305,201,0,159,42,329,4
2026-10-16,S02,P306,515,0,94,421,214,4
2026-10-16,S02,P330,208,0,155,53,277,3
2026-10-16,S02,P401,254,254,49,205,111,3
2026-10-16,S02,P402,177,0,50,127,103,2
2026-10-16,S02,P403,225,0,44,181,114,4
2026-10-16,S02,P404,377,377,54,323,136,3
2026-10-16,S02,P405,241,0,68,173,164,3
2026-10-16,S02,P406,155,0,79,76,151,4
2026-10-16,S02,P407,417,331,73,344,189,2
2026-10-16,S02,P442,363,0,121,242,238,2
2026-10-16,S02,P501,152,0,34,118,80,4
2026-10-16,S02,P502,172,0,69,103,126,4
2026-10-16,S02,P503,162,0,36,126,106,3
2026-10-16,S02,P504,116,0,24,92,72,1
2026-10-16,S02,P505,39,0,29,10,73,4
2026-10-16,S02,P601,176,0,39,137,61,1
2026-10-16,S02,P602,122,0,43,79,99,1
2026-10-16,S02,P603,131,0,52,79,77,1
2026-10-16,S02,P604,117,0,58,59,84,4
2026-10-16,S02,P605,75,0,28,47,56,3
2026-10-16,S02,P701,279,214,42,237,101,2
2026-10-16,S02,P702,95,0,38,57,82,2
2026-10-16,S02,P703,93,0,30,63,78,2
2026-10-16,S02,P704,230,0,57,173,80,1
2026-10-16,S02,P801,49,0,49,0,134,3
2026-10-16,S02,P802,179,0,64,115,129,3
2026-10-16,S02,P803,362,0,105,257,194,2
2026-10-16,S02,P901,478,0,124,354,261,3
2026-10-16,S02,P902,88,0,34,54,57,2
2026-10-16,S03,P101,118,118,39,79,68,2
2026-10-16,S03,P102,46,0,42,7,93,2
2026-10-16,S03,P103,100,0,66,34,83,4
2026-10-16,S03,P104,105,0,42,63,63,1
2026-10-16,S03,P105,115,0,31,84,63,2
2026-10-16,S03,P106,212,212,41,171,84,4
2026-10-16,S03,P201,17,0,17,0,83,4
2026-10-16,S03,P202,66,0,35,31,75,4
2026-10-16,S03,P203,56,0,25,31,40,3
2026-10-16,S03,P204,144,0,42,102,89,2
2026-10-16,S03,P205,0,0,0,0,22,4
2026-10-16,S03,P206,101,0,29,72,67,4
2026-10-16,S03,P207,81,0,52,29,83,3
2026-10-16,S03,P301,96,0,24,72,59,1
2026-10-16,S03,P302,43,0,29,14,65,2
2026-10-16,S03,P303,90,0,49,41,86,3
2026-10-16,S03,P304,173,173,33,140,51,2
2026-10-16,S03,P305,131,0,45,86,81,1
2026-10-16,S03,P306,114,0,44,70,75,3
2026-10-16,S03,P330,141,0,35,106,66,1
2026-10-16,S03,P401,16,0,12,4,34,4
2026-10-16,S03,P402,20,0,20,0,33,4
2026-10-16,S03,P403,43,0,15,28,33,1
2026-10-16,S03,P404,79,74,14,65,23,2
2026-10-16,S03,P405,50,0,8,42,27,1
2026-10-16,S03,P406,37,0,17,20,35,3
2026-10-16,S03,P407,66,0,17,49,32,2
2026-10-16,S03,P442,187,0,41,146,72,1
2026-10-16,S03,P501,32,0,8,22,14,2
2026-10-16,S03,P502,8,0,8,0,22,4
2026-10-16,S03,P503,20,0,11,9,24,3
2026-10-16,S03,P504,16,0,7,9,16,4
2026-10-16,S03,P505,15,0,6,9,17,2
2026-10-16,S03,P601,35,0,8,27,18,1
2026-10-16,S03,P602,21,0,7,14,16,1
2026-10-16,S03,P603,17,0,8,9,13,4
2026-10-16,S03,P604,5,0,5,0,24,4
2026-10-16,S03,P605,34,0,14,20,19,4
2026-10-16,S03,P701,0,0,0,0,18,3
2026-10-16,S03,P702,0,0,0,0,17,4
2026-10-16,S03,P703,45,0,9,36,17,4
2026-10-16,S03,P704,62,0,12,50,26,1
2026-10-16,S03,P801,116,0,25,91,41,1
2026-10-16,S03,P802,78,0,21,57,36,3
2026-10-16,S03,P803,87,0,21,66,43,3
2026-10-16,S03,P901,146,0,40,106,65,1
2026-10-16,S03,P902,43,43,6,37,16,4
2026-10-16,S04,P101,25,0,25,0,95,4
2026-10-16,S04,P102,134,0,66,68,113,3
2026-10-16,S04,P103,174,0,59,115,105,4
2026-10-16,S04,P104,111,0,54,57,114,4
2026-10-16,S04,P105,361,361,71,290,145,3
2026-10-16,S04,P106,317,240,46,271,101,1
2026-10-16,S04,P201,177,0,49,128,96,1
2026-10-16,S04,P202,188,0,61,127,98,4
2026-10-16,S04,P203,238,0,51,187,99,3
2026-10-16,S04,P204,250,250,75,175,110,3
2026-10-16,S04,P205,66,0,14,52,27,4
2026-10-16,S04,P206,19,0,19,0,83,4
2026-10-16,S04,P207,115,0,69,46,114,4
2026-10-16,S04,P301,98,0,30,68,62,3
2026-10-16,S04,P302,113,0,46,67,85,1
2026-10-16,S04,P303,200,0,49,151,90,3
2026-10-16,S04,P304,75,0,32,43,79,2
2026-10-16,S04,P305,52,0,41,11,78,4
2026-10-16,S04,P306,225,0,57,168,127,3
2026-10-16,S04,P330,0,0,0,0,86,4
2026-10-16,S04,P401,162,0,28,134,73,1
2026-10-16,S04,P402,64,0,37,27,64,1
2026-10-16,S04,P403,90,0,15,75,44,1
2026-10-16,S04,P404,105,0,31,74,56,3
2026-10-16,S04,P405,122,117,27,95,53,2
2026-10-16,S04,P406,42,0,21,21,46,2
2026-10-16,S04,P407,149,0,24,121,57,3
2026-10-16,S04,P442,86,0,30,56,64,2
2026-10-16,S04,P501,50,0,18,32,29,2
2026-10-16,S04,P502,13,0,9,4,32,3
2026-10-16,S04,P503,56,0,15,41,34,2
2026-10-16,S04,P504,45,0,12,33,28,1
2026-10-16,S04,P505,40,0,12,28,25,1
2026-10-16,S04,P601,64,0,18,46,38,3
2026-10-16,S04,P602,59,0,15,44,30,1
2026-10-16,S04,P603,30,0,12,18,26,1
2026-10-16,S04,P604,99,80,15,84,25,1
2026-10-16,S04,P605,8,0,8,0,34,4
2026-10-16,S04,P701,29,0,29,0,41,2
2026-10-16,S04,P702,19,0,19,0,31,4
2026-10-16,S04,P703,45,0,29,16,45,3
2026-10-16,S04,P704,64,0,12,52,26,1
2026-10-16,S04,P801,152,152,34,118,64,3
2026-10-16,S04,P802,133,0,35,98,55,3
2026-10-16,S04,P803,51,0,18,33,38,3
2026-10-16,S04,P901,125,0,50,75,80,3
2026-10-16,S04,P902,46,0,13,33,26,2
2026-10-16,S05,P101,156,0,36,120,92,3
2026-10-16,S05,P102,125,0,31,94,72,3
2026-10-16,S05,P103,49,0,29,20,76,2
2026-10-16,S05,P104,216,184,22,194,56,1
2026-10-16,S05,P105,90,0,23,67,63,4
2026-10-16,S05,P106,0,0,0,0,69,3
2026-10-16,S05,P201,132,0,24,108,51,4
2026-10-16,S05,P202,28,0,28,0,69,3
2026-10-16,S05,P203,150,0,28,122,80,2
2026-10-16,S05,P204,139,0,23,116,60,2
2026-10-16,S05,P205,22,0,9,13,19,4
2026-10-16,S05,P206,92,0,19,73,50,2
2026-10-16,S05,P207,30,0,20,10,55,4
2026-10-16,S05,P301,130,0,20,110,63,2
2026-10-16,S05,P302,104,0,27,77,70,3
2026-10-16,S05,P303,33,0,32,1,73,3
2026-10-16,S05,P304,130,130,27,103,53,3
2026-10-16,S05,P305,69,0,15,54,45,2
2026-10-16,S05,P306,173,0,30,143,64,2
2026-10-16,S05,P330,95,0,31,64,49,1
2026-10-16,S05,P401,33,0,11,22,21,3
2026-10-16,S05,P402,21,0,13,8,30,3
2026-10-16,S05,P403,82,0,23,59,39,1
2026-10-16,S05,P404,23,0,11,12,21,3
2026-10-16,S05,P405,3,0,3,0,21,3
2026-10-16,S05,P406,83,61,14,69,31,1
2026-10-16,S05,P407,43,0,16,27,30,1
2026-10-16,S05,P442,144,138,23,121,53,3
2026-10-16,S05,P501,46,46,5,41,13,4
2026-10-16,S05,P502,5,0,5,0,14,3
2026-10-16,S05,P503,30,0,6,24,11,3
2026-10-16,S05,P504,42,0,9,33,24,1
2026-10-16,S05,P505,20,0,10,10,17,2
2026-10-16,S05,P601,41,39,7,34,13,2
2026-10-16,S05,P602,18,0,6,12,15,4
2026-10-16,S05,P603,48,0,8,40,19,1
2026-10-16,S05,P604,17,0,6,11,15,3
2026-10-16,S05,P605,32,30,6,26,11,2
2026-10-16,S05,P701,19,0,14,5,18,1
2026-10-16,S05,P702,30,0,9,21,25,1
2026-10-16,S05,P703,43,0,12,31,21,1
2026-10-16,S05,P704,67,0,9,58,25,1
2026-10-16,S05,P801,1,0,1,0,44,3
2026-10-16,S05,P802,15,0,15,0,32,3
2026-10-16,S05,P803,59,0,20,39,46,1
2026-10-16,S05,P901,135,0,23,112,45,4
2026-10-16,S05,P902,41,0,10,31,16,4
2026-10-16,S06,P101,2,0,2,0,86,4
2026-10-16,S06,P102,185,0,45,140,101,1
2026-10-16,S06,P103,464,395,80,384,142,2
2026-10-16,S06,P104,0,0,0,0,81,4
2026-10-16,S06,P105,0,0,0,0,98,4
2026-10-16,S06,P106,135,0,65,70,117,3
2026-10-16,S06,P201,161,0,42,119,88,1
2026-10-16,S06,P202,44,0,32,12,65,3
2026-10-16,S06,P203,121,0,30,91,60,2
2026-10-16,S06,P204,104,0,39,65,108,2
2026-10-16,S06,P205,35,0,12,21,29,4
2026-10-16,S06,P206,64,0,48,16,87,4
2026-10-16,S06,P207,214,0,55,159,73,3
2026-10-16,S06,P301,255,198,41,217,96,1
2026-10-16,S06,P302,164,0,39,125,76,1
2026-10-16,S06,P303,191,0,59,132,81,3
2026-10-16,S06,P304,168,158,33,135,72,2
2026-10-16,S06,P305,95,0,77,18,90,1
2026-10-16,S06,P306,173,173,30,143,82,3
2026-10-16,S06,P330,116,0,51,65,85,2
2026-10-16,S06,P401,65,0,19,46,48,1
2026-10-16,S06,P402,88,74,20,68,34,2
2026-10-16,S06,P403,91,0,14,77,42,2
2026-10-16,S06,P404,29,0,19,10,51,3
2026-10-16,S06,P405,0,0,0,0,60,4
2026-10-16,S06,P406,49,0,22,27,34,3
2026-10-16,S06,P407,14,0,14,0,41,3
2026-10-16,S06,P442,216,0,36,180,88,2
2026-10-16,S06,P501,42,0,14,28,25,3
2026-10-16,S06,P502,121,101,10,111,38,2
2026-10-16,S06,P503,57,0,15,42,34,2
2026-10-16,S06,P504,50,0,7,43,20,3
2026-10-16,S06,P505,12,0,12,0,27,3
2026-10-16,S06,P601,31,0,8,23,18,1
2026-10-16,S06,P602,48,0,11,37,33,2
2026-10-16,S06,P603,25,0,12,13,24,3
2026-10-16,S06,P604,43,33,8,35,19,1
2026-10-16,S06,P605,15,0,15,0,31,3
2026-10-16,S06,P701,59,0,11,48,20,1
2026-10-16,S06,P702,54,0,14,40,37,3
2026-10-16,S06,P703,110,95,14,96,32,1
2026-10-16,S06,P704,84,70,12,72,29,2
2026-10-16,S06,P801,115,0,25,90,53,1
2026-10-16,S06,P802,77,0,28,49,76,1
2026-10-16,S06,P803,59,0,21,38,53,4
2026-10-16,S06,P901,206,0,37,169,86,2
2026-10-16,S06,P902,13,0,10,1,22,3
2026-10-17,S01,P101,138,0,67,71,121,3
2026-10-17,S01,P102,90,0,66,24,98,2
2026-10-17,S01,P103,196,0,108,88,164,4
2026-10-17,S01,P104,314,0,73,241,143,3
2026-10-17,S01,P105,162,0,84,78,124,4
2026-10-17,S01,P106,86,0,78,8,126,3
2026-10-17,S01,P201,97,0,74,23,89,3
2026-10-17,S01,P202,329,0,89,240,150,1
2026-10-17,S01,P203,403,403,90,313,159,3
2026-10-17,S01,P204,312,312,78,234,117,3
2026-10-17,S01,P205,63,0,21,42,27,1
2026-10-17,S01,P206,246,0,64,182,92,3
2026-10-17,S01,P207,332,332,55,277,111,3
2026-10-17,S01,P301,118,0,86,32,139,2
2026-10-17,S01,P302,215,0,67,148,106,2
2026-10-17,S01,P303,256,0,73,183,109,3
2026-10-17,S01,P304,83,0,44,39,74,3
2026-10-17,S01,P305,253,232,50,203,76,2
2026-10-17,S01,P306,168,0,43,125,83,1
2026-10-17,S01,P330,0,0,0,0,93,4
2026-10-17,S01,P401,236,196,45,191,71,2
2026-10-17,S01,P402,91,0,27,64,46,2
2026-10-17,S01,P403,107,0,31,76,46,3
2026-10-17,S01,P404,76,0,38,38,61,4
2026-10-17,S01,P405,67,0,27,40,43,4
2026-10-17,S01,P406,159,0,47,112,71,4
2026-10-17,S01,P407,62,0,37,25,55,1
2026-10-17,S01,P442,59,0,59,0,132,3
2026-10-17,S01,P501,10,0,10,0,41,3
2026-10-17,S01,P502,37,0,15,22,28,1
2026-10-17,S01,P503,96,73,27,69,40,1
2026-10-17,S01,P504,26,0,21,5,30,3
2026-10-17,S01,P505,0,0,0,0,37,4
2026-10-17,S01,P601,84,0,22,62,32,2
2026-10-17,S01,P602,82,77,23,59,37,2
2026-10-17,S01,P603,26,0,22,4,36,4
2026-10-17,S01,P604,13,0,11,2,23,2
2026-10-17,S01,P605,45,0,20,23,33,1
2026-10-17,S01,P701,38,0,23,15,36,2
2026-10-17,S01,P702,139,139,38,101,53,4
2026-10-17,S01,P703,79,0,36,43,47,1
2026-10-17,S01,P704,6,0,6,0,33,3
2026-10-17,S01,P801,80,0,32,48,60,4
2026-10-17,S01,P802,45,0,45,0,90,2
2026-10-17,S01,P803,53,0,45,8,59,2
2026-10-17,S01,P901,167,0,57,110,93,1
2026-10-17,S01,P902,56,0,29,27,36,1
2026-10-17,S02,P101,95,0,95,0,333,3
2026-10-17,S02,P102,1361,1083,277,1084,347,1
2026-10-17,S02,P103,523,0,207,316,334,1
2026-10-17,S02,P104,334,0,166,168,268,1
2026-10-17,S02,P105,151,0,151,0,300,3
2026-10-17,S02,P106,296,0,213,83,294,2
2026-10-17,S02,P201,904,0,194,710,283,1
2026-10-17,S02,P202,505,0,208,297,316,1
2026-10-17,S02,P203,737,0,188,549,255,1
2026-10-17,S02,P204,0,0,0,0,215,4
2026-10-17,S02,P205,323,0,56,267,116,2
2026-10-17,S02,P206,555,0,188,367,196,3
2026-10-17,S02,P207,777,577,217,560,307,1
2026-10-17,S02,P301,232,0,142,90,177,1
2026-10-17,S02,P302,456,0,180,276,326,2
2026-10-17,S02,P303,609,0,158,451,224,1
2026-10-17,S02,P304,620,0,171,449,325,1
2026-10-17,S02,P305,42,0,42,0,329,4
2026-10-17,S02,P306,421,0,192,229,214,4
2026-10-17,S02,P330,53,0,53,0,277,3
2026-10-17,S02,P401,205,0,67,141,111,3
2026-10-17,S02,P402,127,0,62,65,103,2
2026-10-17,S02,P403,181,0,66,115,114,4
2026-10-17,S02,P404,323,0,85,238,136,3
2026-10-17,S02,P405,173,0,84,89,164,3
2026-10-17,S02,P406,76,0,76,0,151,4
2026-10-17,S02,P407,344,0,98,246,189,2
2026-10-17,S02,P442,242,0,126,116,238,2
2026-10-17,S02,P501,118,0,43,75,80,4
2026-10-17,S02,P502,103,0,55,48,126,4
2026-10-17,S02,P503,126,0,63,63,106,3
2026-10-17,S02,P504,92,0,43,49,72,1
2026-10-17,S02,P505,10,0,10,0,73,4
2026-10-17,S02,P601,137,0,45,92,61,1
2026-10-17,S02,P602,251,172,93,158,99,1
2026-10-17,S02,P603,79,0,56,23,77,1
2026-10-17,S02,P604,59,0,56,3,84,4
2026-10-17,S02,P605,47,0,33,14,56,3
2026-10-17,S02,P701,237,0,86,151,101,2
2026-10-17,S02,P702,57,0,57,0,82,2
2026-10-17,S02,P703,63,0,49,14,78,2
2026-10-17,S02,P704,173,0,65,108,80,1
2026-10-17,S02,P801,279,279,71,208,134,3
2026-10-17,S02,P802,115,0,69,46,129,3
2026-10-17,S02,P803,257,0,80,177,194,2
2026-10-17,S02,P901,354,0,283,76,261,3
2026-10-17,S02,P902,54,0,54,0,57,2
2026-10-17,S03,P101,79,0,61,18,68,2
2026-10-17,S03,P102,157,153,58,99,93,2
2026-10-17,S03,P103,34,0,34,0,83,4
2026-10-17,S03,P104,63,0,53,10,63,1
2026-10-17,S03,P105,84,0,38,46,63,2
2026-10-17,S03,P106,171,0,62,109,84,4
2026-10-17,S03,P201,0,0,0,0,83,4
2026-10-17,S03,P202,31,0,31,0,75,4
2026-10-17,S03,P203,31,0,30,1,40,3
2026-10-17,S03,P204,102,0,52,50,89,2
2026-10-17,S03,P205,56,56,11,45,22,4
2026-10-17,S03,P206,72,0,46,26,67,4
2026-10-17,S03,P207,29,0,29,0,83,3
2026-10-17,S03,P301,72,0,35,37,59,1
2026-10-17,S03,P302,190,176,33,157,65,2
2026-10-17,S03,P303,41,0,41,0,86,3
2026-10-17,S03,P304,140,0,50,90,51,2
2026-10-17,S03,P305,86,0,46,40,81,1
2026-10-17,S03,P306,70,0,42,28,75,3
2026-10-17,S03,P330,106,0,43,63,66,1
2026-10-17,S03,P401,4,0,4,0,34,4
2026-10-17,S03,P402,0,0,0,0,33,4
2026-10-17,S03,P403,127,99,18,109,33,1
2026-10-17,S03,P404,65,0,15,50,23,2
2026-10-17,S03,P405,42,0,17,25,27,1
2026-10-17,S03,P406,20,0,18,2,35,3
2026-10-17,S03,P407,49,0,17,32,32,2
2026-10-17,S03,P442,146,0,49,97,72,1
2026-10-17,S03,P501,24,0,10,14,14,2
2026-10-17,S03,P502,0,0,0,0,22,4
2026-10-17,S03,P503,9,0,9,0,24,3
2026-10-17,S03,P504,9,0,9,0,16,4
2026-10-17,S03,P505,47,38,11,36,17,2
2026-10-17,S03,P601,27,0,10,17,18,1
2026-10-17,S03,P602,64,50,10,54,16,1
2026-10-17,S03,P603,9,0,9,0,13,4
2026-10-17,S03,P604,0,0,0,0,24,4
2026-10-17,S03,P605,20,0,10,10,19,4
2026-10-17,S03,P701,45,45,13,32,18,3
2026-10-17,S03,P702,46,46,12,34,17,4
2026-10-17,S03,P703,36,0,14,22,17,4
2026-10-17,S03,P704,50,0,20,30,26,1
2026-10-17,S03,P801,91,0,22,69,41,1
2026-10-17,S03,P802,57,0,23,34,36,3
2026-10-17,S03,P803,66,0,32,34,43,3
2026-10-17,S03,P901,106,0,60,46,65,1
2026-10-17,S03,P902,37,0,8,29,16,4
2026-10-17,S04,P101,0,0,0,0,95,4
2026-10-17,S04,P102,68,0,68,0,113,3
2026-10-17,S04,P103,115,0,96,19,105,4
2026-10-17,S04,P104,57,0,57,0,114,4
2026-10-17,S04,P105,290,0,91,199,145,3
2026-10-17,S04,P106,271,0,69,202,101,1
2026-10-17,S04,P201,128,0,72,56,96,1
2026-10-17,S04,P202,127,0,83,44,98,4
2026-10-17,S04,P203,187,0,73,114,99,3
2026-10-17,S04,P204,175,0,67,108,110,3
2026-10-17,S04,P205,52,0,17,35,27,4
2026-10-17,S04,P206,0,0,0,3,83,4
2026-10-17,S04,P207,46,0,46,0,114,4
2026-10-17,S04,P301,68,0,49,19,62,3
2026-10-17,S04,P302,256,189,65,191,85,1
2026-10-17,S04,P303,151,0,79,72,90,3
2026-10-17,S04,P304,226,183,63,163,79,2
2026-10-17,S04,P305,11,0,11,0,78,4
2026-10-17,S04,P306,168,0,67,101,127,3
2026-10-17,S04,P330,231,231,69,162,86,4
2026-10-17,S04,P401,134,0,37,97,73,1
2026-10-17,S04,P402,176,149,35,141,64,1
2026-10-17,S04,P403,75,0,23,52,44,1
2026-10-17,S04,P404,74,0,53,21,56,3
2026-10-17,S04,P405,95,0,29,66,53,2
2026-10-17,S04,P406,131,110,35,96,46,2
2026-10-17,S04,P407,125,0,29,96,57,3
2026-10-17,S04,P442,56,0,45,11,64,2
2026-10-17,S04,P501,32,0,21,11,29,2
2026-10-17,S04,P502,63,59,16,47,32,3
2026-10-17,S04,P503,41,0,20,19,34,2
2026-10-17,S04,P504,33,0,27,6,28,1
2026-10-17,S04,P505,28,0,15,13,25,1
2026-10-17,S04,P601,46,0,22,24,38,3
2026-10-17,S04,P602,44,0,19,25,30,1
2026-10-17,S04,P603,66,48,17,49,26,1
2026-10-17,S04,P604,84,0,19,65,25,1
2026-10-17,S04,P605,0,0,0,0,34,4
2026-10-17,S04,P701,72,72,31,41,41,2
2026-10-17,S04,P702,0,0,0,0,31,4
2026-10-17,S04,P703,16,0,16,0,45,3
2026-10-17,S04,P704,52,0,22,30,26,1
2026-10-17,S04,P801,118,0,53,65,64,3
2026-10-17,S04,P802,98,0,35,63,55,3
2026-10-17,S04,P803,33,0,21,12,38,3
2026-10-17,S04,P901,75,0,67,8,80,3
2026-10-17,S04,P902,33,0,11,22,26,2
2026-10-17,S05,P101,120,0,49,71,92,3
2026-10-17,S05,P102,94,0,38,56,72,3
2026-10-17,S05,P103,177,157,42,135,76,2
2026-10-17,S05,P104,194,0,36,158,56,1
2026-10-17,S05,P105,67,0,43,24,63,4
2026-10-17,S05,P106,158,158,54,104,69,3
2026-10-17,S05,P201,108,0,31,77,51,4
2026-10-17,S05,P202,0,0,0,0,69,3
2026-10-17,S05,P203,122,0,41,81,80,2
2026-10-17,S05,P204,116,0,42,72,60,2
2026-10-17,S05,P205,13,0,9,4,19,4
2026-10-17,S05,P206,73,0,30,43,50,2
2026-10-17,S05,P207,10,0,10,0,55,4
2026-10-17,S05,P301,110,0,33,77,63,2
2026-10-17,S05,P302,77,0,30,47,70,3
2026-10-17,S05,P303,152,151,58,94,73,3
2026-10-17,S05,P304,103,0,36,67,53,3
2026-10-17,S05,P305,54,0,24,30,45,2
2026-10-17,S05,P306,143,0,37,106,64,2
2026-10-17,S05,P330,64,0,46,18,49,1
2026-10-17,S05,P401,22,0,8,14,21,3
2026-10-17,S05,P402,8,0,8,0,30,3
2026-10-17,S05,P403,59,0,24,35,39,1
2026-10-17,S05,P404,12,0,12,0,21,3
2026-10-17,S05,P405,74,74,17,57,21,3
2026-10-17,S05,P406,69,0,18,51,31,1
2026-10-17,S05,P407,121,94,24,97,30,1
2026-10-17,S05,P442,121,0,30,91,53,3
2026-10-17,S05,P501,41,0,13,28,13,4
2026-10-17,S05,P502,44,44,8,36,14,3
2026-10-17,S05,P503,24,0,9,15,11,3
2026-10-17,S05,P504,33,0,12,21,24,1
2026-10-17,S05,P505,10,0,10,0,17,2
2026-10-17,S05,P601,34,0,9,25,13,2
2026-10-17,S05,P602,12,0,8,4,15,4
2026-10-17,S05,P603,40,0,14,26,19,1
2026-10-17,S05,P604,11,0,10,1,15,3
2026-10-17,S05,P605,26,0,8,18,11,2
2026-10-17,S05,P701,71,66,17,54,18,1
2026-10-17,S05,P702,88,67,22,66,25,1
2026-10-17,S05,P703,31,0,13,18,21,1
2026-10-17,S05,P704,58,0,14,44,25,1
2026-10-17,S05,P801,107,107,27,80,44,3
2026-10-17,S05,P802,91,91,20,71,32,3
2026-10-17,S05,P803,155,116,29,126,46,1
2026-10-17,S05,P901,112,0,36,76,45,4
2026-10-17,S05,P902,31,0,11,20,16,4
2026-10-17,S06,P101,251,251,53,198,86,4
2026-10-17,S06,P102,140,0,103,37,101,1
2026-10-17,S06,P103,384,0,83,301,142,2
2026-10-17,S06,P104,220,220,55,165,81,4
2026-10-17,S06,P105,231,231,56,175,98,4
2026-10-17,S06,P106,70,0,70,0,117,3
2026-10-17,S06,P201,119,0,80,37,88,1
2026-10-17,S06,P202,12,0,12,0,65,3
2026-10-17,S06,P203,91,0,48,43,60,2
2026-10-17,S06,P204,337,272,62,275,108,2
2026-10-17,S06,P205,23,0,20,3,29,4
2026-10-17,S06,P206,16,0,16,0,87,4
2026-10-17,S06,P207,159,0,55,104,73,3
2026-10-17,S06,P301,214,0,44,170,96,1
2026-10-17,S06,P302,125,0,52,73,76,1
2026-10-17,S06,P303,132,0,84,48,81,3
2026-10-17,S06,P304,135,0,40,95,72,2
2026-10-17,S06,P305,275,257,66,209,90,1
2026-10-17,S06,P306,143,0,53,90,82,3
2026-10-17,S06,P330,65,0,65,3,85,2
2026-10-17,S06,P401,162,116,27,135,48,1
2026-10-17,S06,P402,68,0,25,43,34,2
2026-10-17,S06,P403,77,0,37,40,42,2
2026-10-17,S06,P404,10,0,10,0,51,3
2026-10-17,S06,P405,105,105,38,67,60,4
2026-10-17,S06,P406,27,0,27,0,34,3
2026-10-17,S06,P407,73,73,18,55,41,3
2026-10-17,S06,P442,180,0,48,132,88,2
2026-10-17,S06,P501,28,0,15,13,25,3
2026-10-17,S06,P502,111,0,23,88,38,2
2026-10-17,S06,P503,42,0,32,10,34,2
2026-10-17,S06,P504,43,0,12,31,20,3
2026-10-17,S06,P505,65,65,18,47,27,3
2026-10-17,S06,P601,23,0,15,8,18,1
2026-10-17,S06,P602,37,0,22,15,33,2
2026-10-17,S06,P603,13,0,13,0,24,3
2026-10-17,S06,P604,35,0,12,23,19,1
2026-10-17,S06,P605,85,85,15,70,31,3
2026-10-17,S06,P701,48,0,18,30,20,1
2026-10-17,S06,P702,40,0,26,14,37,3
2026-10-17,S06,P703,96,0,19,77,32,1
2026-10-17,S06,P704,72,0,18,54,29,2
2026-10-17,S06,P801,90,0,29,61,53,1
2026-10-17,S06,P802,286,237,44,242,76,1
2026-10-17,S06,P803,38,0,31,7,53,4
2026-10-17,S06,P901,169,0,52,117,86,2
2026-10-17,S06,P902,3,0,3,0,22,3
2026-10-18,S01,P101,71,0,71,0,121,3
2026-10-18,S01,P102,310,286,74,236,98,2
2026-10-18,S01,P103,88,0,88,0,164,4
2026-10-18,S01,P104,241,0,101,140,143,3
2026-10-18,S01,P105,78,0,78,0,124,4
2026-10-18,S01,P106,8,0,8,0,126,3
2026-10-18,S01,P201,23,0,23,0,89,3
2026-10-18,S01,P202,240,0,73,167,150,1
2026-10-18,S01,P203,313,0,77,236,159,3
2026-10-18,S01,P204,234,0,65,169,117,3
2026-10-18,S01,P205,42,0,22,20,27,1
2026-10-18,S01,P206,182,0,56,126,92,3
2026-10-18,S01,P207,277,0,67,210,111,3
2026-10-18,S01,P301,290,258,87,203,139,2
2026-10-18,S01,P302,148,0,86,62,106,2
2026-10-18,S01,P303,183,0,66,117,109,3
2026-10-18,S01,P304,39,0,39,0,74,3
2026-10-18,S01,P305,203,0,79,124,76,2
2026-10-18,S01,P306,125,0,44,81,83,1
2026-10-18,S01,P330,239,239,41,198,93,4
2026-10-18,S01,P401,191,0,49,142,71,2
2026-10-18,S01,P402,64,0,36,28,46,2
2026-10-18,S01,P403,76,0,46,30,46,3
2026-10-18,S01,P404,38,0,38,0,61,4
2026-10-18,S01,P405,40,0,23,17,43,4
2026-10-18,S01,P406,112,0,44,68,71,4
2026-10-18,S01,P407,210,185,36,177,55,1
2026-10-18,S01,P442,375,375,74,301,132,3
2026-10-18,S01,P501,139,139,30,109,41,3
2026-10-18,S01,P502,99,77,14,85,28,1
2026-10-18,S01,P503,69,0,19,50,40,1
2026-10-18,S01,P504,5,0,5,0,30,3
2026-10-18,S01,P505,96,96,22,74,37,4
2026-10-18,S01,P601,62,0,18,44,32,2
2026-10-18,S01,P602,59,0,29,30,37,2
2026-10-18,S01,P603,4,0,4,0,36,4
2026-10-18,S01,P604,58,56,19,39,23,2
2026-10-18,S01,P605,119,94,33,86,33,1
2026-10-18,S01,P701,15,0,15,0,36,2
2026-10-18,S01,P702,101,0,27,74,53,4
2026-10-18,S01,P703,170,127,32,138,47,1
2026-10-18,S01,P704,61,61,24,37,33,3
2026-10-18,S01,P801,48,0,47,1,60,4
2026-10-18,S01,P802,299,299,56,243,90,2
2026-10-18,S01,P803,226,218,46,180,59,2
2026-10-18,S01,P901,110,0,48,62,93,1
2026-10-18,S01,P902,154,127,24,130,36,1
2026-10-18,S02,P101,1073,1073,270,803,333,3
2026-10-18,S02,P102,1084,0,257,827,347,1
2026-10-18,S02,P103,1035,719,216,819,334,1
2026-10-18,S02,P104,746,578,245,501,268,1
2026-10-18,S02,P105,776,776,203,573,300,3
2026-10-18,S02,P106,83,0,83,0,294,2
2026-10-18,S02,P201,710,0,220,490,283,1
2026-10-18,S02,P202,873,576,233,640,316,1
2026-10-18,S02,P203,549,0,194,355,255,1
2026-10-18,S02,P204,434,434,128,306,215,4
2026-10-18,S02,P205,267,0,70,197,116,2
2026-10-18,S02,P206,367,0,169,198,196,3
2026-10-18,S02,P207,560,0,277,283,307,1
2026-10-18,S02,P301,613,523,116,497,177,1
2026-10-18,S02,P302,276,0,145,131,326,2
2026-10-18,S02,P303,451,0,150,301,224,1
2026-10-18,S02,P304,449,0,222,227,325,1
2026-10-18,S02,P305,0,0,0,0,329,4
2026-10-18,S02,P306,229,0,140,89,214,4
2026-10-18,S02,P330,671,671,202,469,277,3
2026-10-18,S02,P401,138,0,61,77,111,3
2026-10-18,S02,P402,65,0,65,0,103,2
2026-10-18,S02,P403,115,0,73,42,114,4
2026-10-18,S02,P404,238,0,68,170,136,3
2026-10-18,S02,P405,89,0,89,0,164,3
2026-10-18,S02,P406,0,0,0,0,151,4
2026-10-18,S02,P407,246,0,89,157,189,2
2026-10-18,S02,P442,116,0,116,0,238,2
2026-10-18,S02,P501,75,0,40,35,80,4
2026-10-18,S02,P502,48,0,48,0,126,4
2026-10-18,S02,P503,63,0,63,0,106,3
2026-10-18,S02,P504,198,149,36,162,72,1
2026-10-18,S02,P505,169,169,40,129,73,4
2026-10-18,S02,P601,92,0,53,39,61,1
2026-10-18,S02,P602,158,0,53,105,99,1
2026-10-18,S02,P603,309,286,45,264,77,1
2026-10-18,S02,P604,3,0,3,0,84,4
2026-10-18,S02,P605,14,0,14,0,56,3
2026-10-18,S02,P701,151,0,92,59,101,2
2026-10-18,S02,P702,225,225,56,169,82,2
2026-10-18,S02,P703,210,196,74,136,78,2
2026-10-18,S02,P704,108,0,83,25,80,1
2026-10-18,S02,P801,208,0,117,91,134,3
2026-10-18,S02,P802,46,0,46,0,129,3
2026-10-18,S02,P803,177,0,110,67,194,2
2026-10-18,S02,P901,71,0,71,0,261,3
2026-10-18,S02,P902,208,208,54,154,57,2
2026-10-18,S03,P101,18,0,18,0,68,2
2026-10-18,S03,P102,99,0,66,33,93,2
2026-10-18,S03,P103,0,0,0,0,83,4
2026-10-18,S03,P104,218,208,45,173,63,1
2026-10-18,S03,P105,46,0,41,5,63,2
2026-10-18,S03,P106,109,0,54,55,84,4
2026-10-18,S03,P201,169,169,54,120,83,4
2026-10-18,S03,P202,0,0,0,0,75,4
2026-10-18,S03,P203,1,0,1,0,40,3
2026-10-18,S03,P204,50,0,50,0,89,2
2026-10-18,S03,P205,45,0,13,32,22,4
2026-10-18,S03,P206,26,0,26,0,67,4
2026-10-18,S03,P207,176,176,65,111,83,3
2026-10-18,S03,P301,199,162,24,175,59,1
2026-10-18,S03,P302,157,0,32,125,65,2
2026-10-18,S03,P303,0,0,0,0,86,3
2026-10-18,S03,P304,90,0,52,38,51,2
2026-10-18,S03,P305,275,235,51,224,81,1
2026-10-18,S03,P306,28,0,28,0,75,3
2026-10-18,S03,P330,224,161,39,185,66,1
2026-10-18,S03,P401,79,79,17,62,34,4
2026-10-18,S03,P402,0,0,0,0,33,4
2026-10-18,S03,P403,109,0,23,86,33,1
2026-10-18,S03,P404,50,0,15,35,23,2
2026-10-18,S03,P405,79,54,16,61,27,1
2026-10-18,S03,P406,2,0,2,0,35,3
2026-10-18,S03,P407,32,0,15,17,32,2
2026-10-18,S03,P442,97,0,42,55,72,1
2026-10-18,S03,P501,14,0,11,3,14,2
2026-10-18,S03,P502,45,45,15,30,22,4
2026-10-18,S03,P503,51,51,12,39,24,3
2026-10-18,S03,P504,0,0,0,0,16,4
2026-10-18,S03,P505,36,0,7,29,17,2
2026-10-18,S03,P601,60,43,14,46,18,1
2026-10-18,S03,P602,54,0,10,44,16,1
2026-10-18,S03,P603,0,0,0,0,13,4
2026-10-18,S03,P604,48,48,16,32,24,4
2026-10-18,S03,P605,10,0,10,0,19,4
2026-10-18,S03,P701,32,0,11,21,18,3
2026-10-18,S03,P702,34,0,16,18,17,4
2026-10-18,S03,P703,22,0,12,10,17,4
2026-10-18,S03,P704,30,0,21,9,26,1
2026-10-18,S03,P801,69,0,29,40,41,1
2026-10-18,S03,P802,34,0,24,10,36,3
2026-10-18,S03,P803,34,0,22,10,43,3
2026-10-18,S03,P901,241,195,44,197,65,1
2026-10-18,S03,P902,29,0,10,19,16,4
2026-10-18,S04,P101,265,265,44,221,95,4
2026-10-18,S04,P102,0,0,0,0,113,3
2026-10-18,S04,P103,19,0,19,0,105,4
2026-10-18,S04,P104,0,0,0,0,114,4
2026-10-18,S04,P105,199,0,72,127,145,3
2026-10-18,S04,P106,202,0,73,129,101,1
2026-10-18,S04,P201,341,285,57,284,96,1
2026-10-18,S04,P202,44,0,44,0,98,4
2026-10-18,S04,P203,114,0,55,59,99,3
2026-10-18,S04,P204,108,0,57,51,110,3
2026-10-18,S04,P205,35,0,18,17,27,4
2026-10-18,S04,P206,257,257,46,211,83,4
2026-10-18,S04,P207,0,0,0,0,114,4
2026-10-18,S04,P301,19,0,19,0,62,3
2026-10-18,S04,P302,191,0,55,136,85,1
2026-10-18,S04,P303,72,0,49,23,90,3
2026-10-18,S04,P304,163,0,45,118,79,2
2026-10-18,S04,P305,0,0,0,0,78,4
2026-10-18,S04,P306,101,0,78,26,127,3
2026-10-18,S04,P330,162,0,53,109,86,4
2026-10-18,S04,P401,97,0,44,53,73,1
2026-10-18,S04,P402,141,0,39,102,64,1
2026-10-18,S04,P403,52,0,18,34,44,1
2026-10-18,S04,P404,21,0,21,0,56,3
2026-10-18,S04,P405,66,0,31,35,53,2
2026-10-18,S04,P406,96,0,31,65,46,2
2026-10-18,S04,P407,96,0,26,70,57,3
2026-10-18,S04,P442,185,174,39,146,64,2
2026-10-18,S04,P501,11,0,11,0,29,2
2026-10-18,S04,P502,47,0,16,31,32,3
2026-10-18,S04,P503,21,0,18,3,34,2
2026-10-18,S04,P504,78,72,15,63,28,1
2026-10-18,S04,P505,88,75,17,71,25,1
2026-10-18,S04,P601,24,0,22,2,38,3
2026-10-18,S04,P602,115,90,25,90,30,1
2026-10-18,S04,P603,49,0,11,38,26,1
2026-10-18,S04,P604,65,0,16,49,25,1
2026-10-18,S04,P605,76,76,19,60,34,4
2026-10-18,S04,P701,41,0,24,17,41,2
2026-10-18,S04,P702,0,0,0,0,31,4
2026-10-18,S04,P703,0,0,0,0,45,3
2026-10-18,S04,P704,30,0,16,14,26,1
2026-10-18,S04,P801,65,0,39,26,64,3
2026-10-18,S04,P802,63,0,23,40,55,3
2026-10-18,S04,P803,12,0,12,0,38,3
2026-10-18,S04,P901,8,0,8,0,80,3
2026-10-18,S04,P902,22,0,15,7,26,2
2026-10-18,S05,P101,71,0,53,18,92,3
2026-10-18,S05,P102,56,0,51,5,72,3
2026-10-18,S05,P103,135,0,45,90,76,2
2026-10-18,S05,P104,158,0,41,117,56,1
2026-10-18,S05,P105,24,0,24,0,63,4
2026-10-18,S05,P106,104,0,59,45,69,3
2026-10-18,S05,P201,77,0,53,24,51,4
2026-10-18,S05,P202,168,168,52,116,69,3
2026-10-18,S05,P203,81,0,51,30,80,2
2026-10-18,S05,P204,74,0,43,31,60,2
2026-10-18,S05,P205,4,0,4,0,19,4
2026-10-18,S05,P206,43,0,38,5,50,2
2026-10-18,S05,P207,0,0,0,0,55,4
2026-10-18,S05,P301,77,0,38,39,63,2
2026-10-18,S05,P302,47,0,41,6,70,3
2026-10-18,S05,P303,94,0,35,59,73,3
2026-10-18,S05,P304,67,0,36,31,53,3
2026-10-18,S05,P305,30,0,24,6,45,2
2026-10-18,S05,P306,106,0,44,62,64,2
2026-10-18,S05,P330,142,124,38,104,49,1
2026-10-18,S05,P401,14,0,14,0,21,3
2026-10-18,S05,P402,58,58,18,40,30,3
2026-10-18,S05,P403,123,88,25,98,39,1
2026-10-18,S05,P404,0,0,0,0,21,3
2026-10-18,S05,P405,57,0,12,45,21,3
2026-10-18,S05,P406,51,0,16,35,31,1
2026-10-18,S05,P407,97,0,21,76,30,1
2026-10-18,S05,P442,91,0,34,57,53,3
2026-10-18,S05,P501,28,0,8,20,13,4
2026-10-18,S05,P502,36,0,11,25,14,3
2026-10-18,S05,P503,15,0,6,9,11,3
2026-10-18,S05,P504,80,59,10,70,24,1
2026-10-18,S05,P505,39,39,10,29,17,2
2026-10-18,S05,P601,25,0,8,17,13,2
2026-10-18,S05,P602,4,0,4,0,15,4
2026-10-18,S05,P603,26,0,8,18,19,1
2026-10-18,S05,P604,1,0,1,0,15,3
2026-10-18,S05,P605,18,0,6,12,11,2
2026-10-18,S05,P701,54,0,15,39,18,1
2026-10-18,S05,P702,66,0,20,46,25,1
2026-10-18,S05,P703,88,70,16,72,21,1
2026-10-18,S05,P704,44,0,18,26,25,1
2026-10-18,S05,P801,80,0,44,36,44,3
2026-10-18,S05,P802,71,0,24,47,32,3
2026-10-18,S05,P803,126,0,26,100,46,1
2026-10-18,S05,P901,76,0,52,24,45,4
2026-10-18,S05,P902,20,0,7,18,16,4
2026-10-18,S06,P101,198,0,52,146,86,4
2026-10-18,S06,P102,264,227,68,196,101,1
2026-10-18,S06,P103,301,0,95,206,142,2
2026-10-18,S06,P104,165,0,61,104,81,4
2026-10-18,S06,P105,175,0,67,108,98,4
2026-10-18,S06,P106,0,0,0,0,117,3
2026-10-18,S06,P201,189,150,43,146,88,1
2026-10-18,S06,P202,178,178,42,136,65,3
2026-10-18,S06,P203,43,0,32,11,60,2
2026-10-18,S06,P204,275,0,67,208,108,2
2026-10-18,S06,P205,3,0,3,0,29,4
2026-10-18,S06,P206,0,0,0,0,87,4
2026-10-18,S06,P207,104,0,49,55,73,3
2026-10-18,S06,P301,170,0,49,121,96,1
2026-10-18,S06,P302,239,166,51,188,76,1
2026-10-18,S06,P303,48,0,48,0,81,3
2026-10-18,S06,P304,95,0,43,52,72,2
2026-10-18,S06,P305,209,0,67,142,90,1
2026-10-18,S06,P306,90,0,67,23,82,3
2026-10-18,S06,P330,215,215,58,157,85,2
2026-10-18,S06,P401,135,0,26,109,48,1
2026-10-18,S06,P402,43,0,24,19,34,2
2026-10-18,S06,P403,40,0,24,16,42,2
2026-10-18,S06,P404,140,140,31,109,51,3
2026-10-18,S06,P405,67,0,34,33,60,4
2026-10-18,S06,P406,0,0,0,0,34,3
2026-10-18,S06,P407,55,0,19,36,41,3
2026-10-18,S06,P442,132,0,62,70,88,2
2026-10-18,S06,P501,13,0,13,0,25,3
2026-10-18,S06,P502,88,0,19,69,38,2
2026-10-18,S06,P503,10,0,10,0,34,2
2026-10-18,S06,P504,31,0,15,16,20,3
2026-10-18,S06,P505,47,0,18,29,27,3
2026-10-18,S06,P601,58,50,11,47,18,1
2026-10-18,S06,P602,15,0,15,0,33,2
2026-10-18,S06,P603,0,0,0,0,24,3
2026-10-18,S06,P604,23,0,9,14,19,1
2026-10-18,S06,P605,70,0,22,48,31,3
2026-10-18,S06,P701,30,0,18,12,20,1
2026-10-18,S06,P702,14,0,14,0,37,3
2026-10-18,S06,P703,77,0,23,54,32,1
2026-10-18,S06,P704,54,0,14,40,29,2
2026-10-18,S06,P801,61,0,40,21,53,1
2026-10-18,S06,P802,242,0,54,188,76,1
2026-10-18,S06,P803,7,0,7,0,53,4
2026-10-18,S06,P901,117,0,55,62,86,2
2026-10-18,S06,P902,62,62,13,49,22,3
2026-10-19,S01,P101,0,0,0,0,121,3
2026-10-19,S01,P102,236,0,35,201,98,2
2026-10-19,S01,P103,0,0,0,0,164,4
2026-10-19,S01,P104,140,0,58,82,143,3
2026-10-19,S01,P105,0,0,0,0,124,4
2026-10-19,S01,P106,338,338,34,304,126,3
2026-10-19,S01,P201,0,0,0,0,89,3
2026-10-19,S01,P202,167,0,42,125,150,1
2026-10-19,S01,P203,236,0,62,174,159,3
2026-10-19,S01,P204,169,0,41,128,117,3
2026-10-19,S01,P205,102,82,10,92,27,1
2026-10-19,S01,P206,126,0,44,82,92,3
2026-10-19,S01,P207,210,0,36,174,111,3
2026-10-19,S01,P301,203,0,52,151,139,2
2026-10-19,S01,P302,62,0,35,27,106,2
2026-10-19,S01,P303,117,0,69,48,109,3
2026-10-19,S01,P304,0,0,0,0,74,3
2026-10-19,S01,P305,124,0,46,78,76,2
2026-10-19,S01,P306,223,142,34,189,83,1
2026-10-19,S01,P330,198,0,25,173,93,4
2026-10-19,S01,P401,142,0,29,113,71,2
2026-10-19,S01,P402,28,0,19,9,46,2
2026-10-19,S01,P403,30,0,19,11,46,3
2026-10-19,S01,P404,0,0,0,0,61,4
2026-10-19,S01,P405,17,0,17,0,43,4
2026-10-19,S01,P406,68,0,22,46,71,4
2026-10-19,S01,P407,174,0,28,146,55,1
2026-10-19,S01,P442,301,0,37,264,132,3
2026-10-19,S01,P501,109,0,18,91,41,3
2026-10-19,S01,P502,85,0,13,72,28,1
2026-10-19,S01,P503,50,0,15,35,40,1
2026-10-19,S01,P504,66,66,15,51,30,3
2026-10-19,S01,P505,74,0,15,59,37,4
2026-10-19,S01,P601,44,0,17,27,32,2
2026-10-19,S01,P602,30,0,16,14,37,2
2026-10-19,S01,P603,0,0,0,0,36,4
2026-10-19,S01,P604,39,0,12,27,23,2
2026-10-19,S01,P605,86,0,16,70,33,1
2026-10-19,S01,P701,109,109,16,93,36,2
2026-10-19,S01,P702,74,0,19,55,53,4
2026-10-19,S01,P703,138,0,19,119,47,1
2026-10-19,S01,P704,37,0,17,20,33,3
2026-10-19,S01,P801,1,0,1,0,60,4
2026-10-19,S01,P802,243,0,43,200,90,2
2026-10-19,S01,P803,180,0,27,153,59,2
2026-10-19,S01,P901,272,210,22,250,93,1
2026-10-19,S01,P902,130,0,18,112,36,1
2026-10-19,S02,P101,803,0,173,630,333,3
2026-10-19,S02,P102,827,0,144,683,347,1
2026-10-19,S02,P103,819,0,134,685,334,1
2026-10-19,S02,P104,501,0,122,379,268,1
2026-10-19,S02,P105,573,0,182,391,300,3
2026-10-19,S02,P106,829,829,109,720,294,2
2026-10-19,S02,P201,490,0,139,351,283,1
2026-10-19,S02,P202,640,0,141,499,316,1
2026-10-19,S02,P203,355,0,149,206,255,1
2026-10-19,S02,P204,306,0,100,202,215,4
2026-10-19,S02,P205,197,0,48,149,116,2
2026-10-19,S02,P206,198,0,107,91,196,3
2026-10-19,S02,P207,972,689,187,785,307,1
2026-10-19,S02,P301,497,0,102,395,177,1
2026-10-19,S02,P302,903,772,137,766,326,2
2026-10-19,S02,P303,301,0,87,214,224,1
2026-10-19,S02,P304,944,717,109,835,325,1
2026-10-19,S02,P305,708,708,151,557,329,4
2026-10-19,S02,P306,89,0,89,0,214,4
2026-10-19,S02,P330,469,0,206,263,277,3
2026-10-19,S02,P401,77,0,59,18,111,3
2026-10-19,S02,P402,266,266,31,235,103,2
2026-10-19,S02,P403,42,0,40,2,114,4
2026-10-19,S02,P404,170,0,43,127,136,3
2026-10-19,S02,P405,0,0,0,0,164,3
2026-10-19,S02,P406,0,0,0,0,151,4
2026-10-19,S02,P407,157,0,79,78,189,2
2026-10-19,S02,P442,640,640,104,536,238,2
2026-10-19,S02,P501,35,0,28,7,80,4
2026-10-19,S02,P502,0,0,0,0,126,4
2026-10-19,S02,P503,0,0,0,0,106,3
2026-10-19,S02,P504,162,0,27,135,72,1
2026-10-19,S02,P505,129,0,32,97,73,4
2026-10-19,S02,P601,179,140,27,152,61,1
2026-10-19,S02,P602,105,0,49,56,99,1
2026-10-19,S02,P603,264,0,18,246,77,1
2026-10-19,S02,P604,0,0,0,0,84,4
2026-10-19,S02,P605,134,134,24,110,56,3
2026-10-19,S02,P701,59,0,34,25,101,2
2026-10-19,S02,P702,169,0,37,132,82,2
2026-10-19,S02,P703,136,0,40,96,78,2
2026-10-19,S02,P704,296,271,50,246,80,1
2026-10-19,S02,P801,91,0,58,33,134,3
2026-10-19,S02,P802,407,407,60,347,129,3
2026-10-19,S02,P803,565,498,97,468,194,2
2026-10-19,S02,P901,0,0,0,0,261,3
2026-10-19,S02,P902,154,0,24,130,57,2
2026-10-19,S03,P101,146,146,31,115,68,2
2026-10-19,S03,P102,33,0,33,0,93,2
2026-10-19,S03,P103,0,0,0,0,83,4
2026-10-19,S03,P104,173,0,25,148,63,1
2026-10-19,S03,P105,174,169,27,147,63,2
2026-10-19,S03,P106,55,0,38,17,84,4
2026-10-19,S03,P201,115,0,34,81,83,4
2026-10-19,S03,P202,146,146,37,109,75,4
2026-10-19,S03,P203,113,113,27,86,40,3
2026-10-19,S03,P204,189,189,35,154,89,2
2026-10-19,S03,P205,32,0,9,23,22,4
2026-10-19,S03,P206,0,0,0,0,67,4
2026-10-19,S03,P207,111,0,24,87,83,3
2026-10-19,S03,P301,175,0,17,158,59,1
2026-10-19,S03,P302,125,0,17,108,65,2
2026-10-19,S03,P303,161,161,24,137,86,3
2026-10-19,S03,P304,38,0,26,12,51,2
2026-10-19,S03,P305,224,0,32,192,81,1
2026-10-19,S03,P306,160,160,24,136,75,3
2026-10-19,S03,P330,185,0,28,157,66,1
2026-10-19,S03,P401,62,0,12,50,34,4
2026-10-19,S03,P402,90,90,11,79,33,4
2026-10-19,S03,P403,86,0,15,71,33,1
2026-10-19,S03,P404,35,0,10,25,23,2
2026-10-19,S03,P405,63,0,8,55,27,1
2026-10-19,S03,P406,100,100,9,91,35,3
2026-10-19,S03,P407,17,0,13,4,32,2
2026-10-19,S03,P442,212,157,33,179,72,1
2026-10-19,S03,P501,3,0,3,0,14,2
2026-10-19,S03,P502,30,0,9,21,22,4
2026-10-19,S03,P503,39,0,9,30,24,3
2026-10-19,S03,P504,0,0,0,0,16,4
2026-10-19,S03,P505,29,0,4,25,17,2
2026-10-19,S03,P601,46,0,6,40,18,1
2026-10-19,S03,P602,44,0,7,37,16,1
2026-10-19,S03,P603,0,0,0,0,13,4
2026-10-19,S03,P604,32,0,12,20,24,4
2026-10-19,S03,P605,0,0,0,0,19,4
2026-10-19,S03,P701,21,0,6,15,18,3
2026-10-19,S03,P702,18,0,5,13,17,4
2026-10-19,S03,P703,10,0,10,0,17,4
2026-10-19,S03,P704,92,83,12,80,26,1
2026-10-19,S03,P801,176,136,19,157,41,1
2026-10-19,S03,P802,10,0,10,0,36,3
2026-10-19,S03,P803,12,0,11,1,43,3
2026-10-19,S03,P901,197,0,33,164,65,1
2026-10-19,S03,P902,19,0,7,12,16,4
2026-10-19,S04,P101,221,0,33,188,95,4
2026-10-19,S04,P102,276,276,54,222,113,3
2026-10-19,S04,P103,0,0,0,0,105,4
2026-10-19,S04,P104,301,301,64,237,114,4
2026-10-19,S04,P105,127,0,73,54,145,3
2026-10-19,S04,P106,129,0,39,90,101,1
2026-10-19,S04,P201,284,0,65,219,96,1
2026-10-19,S04,P202,0,0,0,0,98,4
2026-10-19,S04,P203,59,0,51,8,99,3
2026-10-19,S04,P204,51,0,51,0,110,3
2026-10-19,S04,P205,17,0,11,6,27,4
2026-10-19,S04,P206,211,0,32,179,83,4
2026-10-19,S04,P207,0,0,0,0,114,4
2026-10-19,S04,P301,0,0,0,0,62,3
2026-10-19,S04,P302,136,0,41,95,85,1
2026-10-19,S04,P303,23,0,23,0,90,3
2026-10-19,S04,P304,118,0,39,79,79,2
2026-10-19,S04,P305,188,188,30,158,78,4
2026-10-19,S04,P306,23,0,23,0,127,3
2026-10-19,S04,P330,109,0,37,72,86,4
2026-10-19,S04,P401,186,133,25,161,73,1
2026-10-19,S04,P402,102,0,29,73,64,1
2026-10-19,S04,P403,108,74,16,92,44,1
2026-10-19,S04,P404,0,0,0,0,56,3
2026-10-19,S04,P405,35,0,24,11,53,2
2026-10-19,S04,P406,65,0,18,47,46,2
2026-10-19,S04,P407,70,0,26,44,57,3
2026-10-19,S04,P442,146,0,30,116,64,2
2026-10-19,S04,P501,105,105,13,92,29,2
2026-10-19,S04,P502,31,0,10,21,32,3
2026-10-19,S04,P503,80,77,9,71,34,2
2026-10-19,S04,P504,63,0,9,54,28,1
2026-10-19,S04,P505,71,0,10,61,25,1
2026-10-19,S04,P601,2,0,2,0,38,3
2026-10-19,S04,P602,90,0,8,82,30,1
2026-10-19,S04,P603,38,0,12,26,26,1
2026-10-19,S04,P604,49,0,9,40,25,1
2026-10-19,S04,P605,57,0,7,50,34,4
2026-10-19,S04,P701,17,0,17,0,41,2
2026-10-19,S04,P702,62,62,10,52,31,4
2026-10-19,S04,P703,137,137,15,122,45,3
2026-10-19,S04,P704,85,71,13,72,26,1
2026-10-19,S04,P801,26,0,21,5,64,3
2026-10-19,S04,P802,40,0,20,20,55,3
2026-10-19,S04,P803,132,132,12,120,38,3
2026-10-19,S04,P901,249,249,26,221,80,3
2026-10-19,S04,P902,66,59,9,57,26,2
2026-10-19,S05,P101,18,0,18,0,92,3
2026-10-19,S05,P102,5,0,5,0,72,3
2026-10-19,S05,P103,90,0,40,50,76,2
2026-10-19,S05,P104,117,0,23,94,56,1
2026-10-19,S05,P105,0,0,0,0,63,4
2026-10-19,S05,P106,45,0,44,1,69,3
2026-10-19,S05,P201,24,0,24,0,51,4
2026-10-19,S05,P202,116,0,33,83,69,3
2026-10-19,S05,P203,30,0,30,0,80,2
2026-10-19,S05,P204,31,0,30,1,60,2
2026-10-19,S05,P205,0,0,0,0,19,4
2026-10-19,S05,P206,126,121,25,101,50,2
2026-10-19,S05,P207,133,133,25,108,55,4
2026-10-19,S05,P301,39,0,27,12,63,2
2026-10-19,S05,P302,6,0,6,0,70,3
2026-10-19,S05,P303,59,0,28,31,73,3
2026-10-19,S05,P304,31,0,21,10,53,3
2026-10-19,S05,P305,126,120,20,106,45,2
2026-10-19,S05,P306,62,0,23,39,64,2
2026-10-19,S05,P330,104,0,25,79,49,1
2026-10-19,S05,P401,0,0,0,0,21,3
2026-10-19,S05,P402,40,0,15,25,30,3
2026-10-19,S05,P403,98,0,19,79,39,1
2026-10-19,S05,P404,42,42,7,35,21,3
2026-10-19,S05,P405,45,0,9,36,21,3
2026-10-19,S05,P406,35,0,9,26,31,1
2026-10-19,S05,P407,76,0,21,55,30,1
2026-10-19,S05,P442,57,0,20,37,53,3
2026-10-19,S05,P501,20,0,4,16,13,4
2026-10-19,S05,P502,25,0,5,20,14,3
2026-10-19,S05,P503,9,0,6,3,11,3
2026-10-19,S05,P504,70,0,11,59,24,1
2026-10-19,S05,P505,29,0,6,23,17,2
2026-10-19,S05,P601,17,0,5,12,13,2
2026-10-19,S05,P602,0,0,0,0,15,4
2026-10-19,S05,P603,61,43,8,53,19,1
2026-10-19,S05,P604,46,46,5,41,15,3
2026-10-19,S05,P605,12,0,4,8,11,2
2026-10-19,S05,P701,39,0,10,29,18,1
2026-10-19,S05,P702,46,0,12,34,25,1
2026-10-19,S05,P703,72,0,9,63,21,1
2026-10-19,S05,P704,26,0,12,14,25,1
2026-10-19,S05,P801,36,0,13,23,44,3
2026-10-19,S05,P802,47,0,14,33,32,3
2026-10-19,S05,P803,100,0,19,81,46,1
2026-10-19,S05,P901,24,0,24,0,45,4
2026-10-19,S05,P902,13,0,5,8,16,4
2026-10-19,S06,P101,146,0,44,102,86,4
2026-10-19,S06,P102,196,0,76,120,101,1
2026-10-19,S06,P103,206,0,61,150,142,2
2026-10-19,S06,P104,104,0,44,60,81,4
2026-10-19,S06,P105,108,0,42,66,98,4
2026-10-19,S06,P106,350,350,60,290,117,3
2026-10-19,S06,P201,146,0,25,121,88,1
2026-10-19,S06,P202,136,0,27,109,65,3
2026-10-19,S06,P203,148,137,29,119,60,2
2026-10-19,S06,P204,208,0,64,144,108,2
2026-10-19,S06,P205,0,0,0,0,29,4
2026-10-19,S06,P206,233,233,42,191,87,4
2026-10-19,S06,P207,55,0,48,7,73,3
2026-10-19,S06,P301,121,0,35,86,96,1
2026-10-19,S06,P302,188,0,45,143,76,1
2026-10-19,S06,P303,0,0,0,0,81,3
2026-10-19,S06,P304,52,0,31,21,72,2
2026-10-19,S06,P305,142,0,37,105,90,1
2026-10-19,S06,P306,23,0,23,0,82,3
2026-10-19,S06,P330,157,0,50,107,85,2
2026-10-19,S06,P401,109,0,20,89,48,1
2026-10-19,S06,P402,19,0,19,0,34,2
2026-10-19,S06,P403,134,118,15,119,42,2
2026-10-19,S06,P404,109,0,20,89,51,3
2026-10-19,S06,P405,33,0,31,2,60,4
2026-10-19,S06,P406,127,127,17,110,34,3
2026-10-19,S06,P407,36,0,13,23,41,3
2026-10-19,S06,P442,70,0,32,38,88,2
2026-10-19,S06,P501,0,0,0,0,25,3
2026-10-19,S06,P502,69,0,10,59,38,2
2026-10-19,S06,P503,94,94,10,84,34,2
2026-10-19,S06,P504,16,0,9,7,20,3
2026-10-19,S06,P505,29,0,13,16,27,3
2026-10-19,S06,P601,47,0,6,41,18,1
2026-10-19,S06,P602,94,94,14,80,33,2
2026-10-19,S06,P603,74,74,10,64,24,3
2026-10-19,S06,P604,64,50,4,60,19,1
2026-10-19,S06,P605,48,0,11,37,31,3
2026-10-19,S06,P701,57,45,11,46,20,1
2026-10-19,S06,P702,0,0,0,0,37,3
2026-10-19,S06,P703,54,0,15,39,32,1
2026-10-19,S06,P704,40,0,18,22,29,2
2026-10-19,S06,P801,179,158,22,157,53,1
2026-10-19,S06,P802,188,0,35,153,76,1
2026-10-19,S06,P803,0,0,0,0,53,4
2026-10-19,S06,P901,62,0,35,27,86,2
2026-10-19,S06,P902,49,0,8,41,22,3
2026-10-20,S01,P101,317,317,52,265,121,3
2026-10-20,S01,P102,201,0,87,114,98,2
2026-10-20,S01,P103,0,0,0,0,164,4
2026-10-20,S01,P104,82,0,82,0,143,3
2026-10-20,S01,P105,0,0,0,0,124,4
2026-10-20,S01,P106,304,0,96,208,126,3
2026-10-20,S01,P201,177,177,57,120,89,3
2026-10-20,S01,P202,535,410,170,365,150,1
2026-10-20,S01,P203,174,0,111,63,159,3
2026-10-20,S01,P204,128,0,97,31,117,3
2026-10-20,S01,P205,92,0,20,72,27,1
2026-10-20,S01,P206,82,0,67,15,92,3
2026-10-20,S01,P207,174,0,96,78,111,3
2026-10-20,S01,P301,151,0,109,42,139,2
2026-10-20,S01,P302,336,309,87,252,106,2
2026-10-20,S01,P303,48,0,48,0,109,3
2026-10-20,S01,P304,264,264,88,176,74,3
2026-10-20,S01,P305,78,0,50,28,76,2
2026-10-20,S01,P306,189,0,61,128,83,1
2026-10-20,S01,P330,173,0,55,118,93,4
2026-10-20,S01,P401,113,0,45,68,71,2
2026-10-20,S01,P402,98,89,29,69,46,2
2026-10-20,S01,P403,11,0,11,0,46,3
2026-10-20,S01,P404,0,0,0,0,61,4
2026-10-20,S01,P405,0,0,0,0,43,4
2026-10-20,S01,P406,46,0,46,0,71,4
2026-10-20,S01,P407,146,0,47,99,55,1
2026-10-20,S01,P442,264,0,128,136,132,3
2026-10-20,S01,P501,91,0,35,56,41,3
2026-10-20,S01,P502,72,0,18,54,28,1
2026-10-20,S01,P503,111,76,35,76,40,1
2026-10-20,S01,P504,51,0,25,26,30,3
2026-10-20,S01,P505,59,0,27,32,37,4
2026-10-20,S01,P601,27,0,23,4,32,2
2026-10-20,S01,P602,118,104,28,90,37,2
2026-10-20,S01,P603,93,93,24,69,36,4
2026-10-20,S01,P604,27,0,18,9,23,2
2026-10-20,S01,P605,70,0,28,45,33,1
2026-10-20,S01,P701,93,0,27,66,36,2
2026-10-20,S01,P702,55,0,39,16,53,4
2026-10-20,S01,P703,119,0,43,76,47,1
2026-10-20,S01,P704,20,0,19,1,33,3
2026-10-20,S01,P801,0,0,0,0,60,4
2026-10-20,S01,P802,200,0,71,129,90,2
2026-10-20,S01,P803,153,0,61,92,59,2
2026-10-20,S01,P901,250,0,58,192,93,1
2026-10-20,S01,P902,112,0,26,86,36,1
2026-10-20,S02,P101,630,0,230,400,333,3
2026-10-20,S02,P102,683,0,277,406,347,1
2026-10-20,S02,P103,685,0,228,457,334,1
2026-10-20,S02,P104,379,0,203,176,268,1
2026-10-20,S02,P105,391,0,179,212,300,3
2026-10-20,S02,P106,720,0,192,528,294,2
2026-10-20,S02,P201,351,0,192,159,283,1
2026-10-20,S02,P202,499,0,187,312,316,1
2026-10-20,S02,P203,957,751,235,722,255,1
2026-10-20,S02,P204,206,0,183,23,215,4
2026-10-20,S02,P205,149,0,108,41,116,2
2026-10-20,S02,P206,91,0,91,0,196,3
2026-10-20,S02,P207,785,0,226,559,307,1
2026-10-20,S02,P301,395,0,198,197,177,1
2026-10-20,S02,P302,766,0,169,597,326,2
2026-10-20,S02,P303,904,690,219,685,224,1
2026-10-20,S02,P304,835,0,222,613,325,1
2026-10-20,S02,P305,557,0,240,317,329,4
2026-10-20,S02,P306,0,0,0,0,214,4
2026-10-20,S02,P330,263,0,201,62,277,3
2026-10-20,S02,P401,18,0,18,0,111,3
2026-10-20,S02,P402,235,0,65,170,103,2
2026-10-20,S02,P403,2,0,2,0,114,4
2026-10-20,S02,P404,127,0,97,30,136,3
2026-10-20,S02,P405,424,424,96,328,164,3
2026-10-20,S02,P406,317,317,132,185,151,4
2026-10-20,S02,P407,559,481,152,407,189,2
2026-10-20,S02,P442,536,0,256,280,238,2
2026-10-20,S02,P501,7,0,7,0,80,4
2026-10-20,S02,P502,243,243,72,171,126,4
2026-10-20,S02,P503,233,233,88,145,106,3
2026-10-20,S02,P504,135,0,50,85,72,1
2026-10-20,S02,P505,97,0,54,43,73,4
2026-10-20,S02,P601,152,0,60,95,61,1
2026-10-20,S02,P602,297,241,59,238,99,1
2026-10-20,S02,P603,246,0,99,147,77,1
2026-10-20,S02,P604,287,287,60,227,84,4
2026-10-20,S02,P605,110,0,43,67,56,3
2026-10-20,S02,P701,210,185,69,141,101,2
2026-10-20,S02,P702,132,0,83,49,82,2
2026-10-20,S02,P703,96,0,79,17,78,2
2026-10-20,S02,P704,246,0,71,175,80,1
2026-10-20,S02,P801,33,0,33,0,134,3
2026-10-20,S02,P802,347,0,109,238,129,3
2026-10-20,S02,P803,468,0,120,348,194,2
2026-10-20,S02,P901,611,611,191,420,261,3
2026-10-20,S02,P902,130,0,54,76,57,2
2026-10-20,S03,P101,115,0,53,62,68,2
2026-10-20,S03,P102,216,216,100,116,93,2
2026-10-20,S03,P103,271,271,79,192,83,4
2026-10-20,S03,P104,148,0,49,99,63,1
2026-10-20,S03,P105,147,0,54,93,63,2
2026-10-20,S03,P106,17,0,17,0,84,4
2026-10-20,S03,P201,81,0,60,21,83,4
2026-10-20,S03,P202,109,0,64,45,75,4
2026-10-20,S03,P203,86,0,43,43,40,3
2026-10-20,S03,P204,154,0,70,84,89,2
2026-10-20,S03,P205,23,0,18,5,22,4
2026-10-20,S03,P206,0,0,0,0,67,4
2026-10-20,S03,P207,87,0,62,25,83,3
2026-10-20,S03,P301,158,0,45,113,59,1
2026-10-20,S03,P302,108,0,52,56,65,2
2026-10-20,S03,P303,137,0,58,79,86,3
2026-10-20,S03,P304,159,147,55,104,51,2
2026-10-20,S03,P305,192,0,46,146,81,1
2026-10-20,S03,P306,136,0,59,77,75,3
2026-10-20,S03,P330,157,0,47,110,66,1
2026-10-20,S03,P401,50,0,15,35,34,4
2026-10-20,S03,P402,79,0,19,60,33,4
2026-10-20,S03,P403,71,0,22,49,33,1
2026-10-20,S03,P404,25,0,22,3,23,2
2026-10-20,S03,P405,55,0,16,39,27,1
2026-10-20,S03,P406,91,0,22,69,35,3
2026-10-20,S03,P407,72,68,19,53,32,2
2026-10-20,S03,P442,179,0,53,126,72,1
2026-10-20,S03,P501,44,44,16,28,14,2
2026-10-20,S03,P502,21,0,11,10,22,4
2026-10-20,S03,P503,30,0,22,8,24,3
2026-10-20,S03,P504,33,33,13,18,16,4
2026-10-20,S03,P505,25,0,14,11,17,2
2026-10-20,S03,P601,40,0,10,30,18,1
2026-10-20,S03,P602,37,0,12,25,16,1
2026-10-20,S03,P603,48,48,12,36,13,4
2026-10-20,S03,P604,20,0,16,4,24,4
2026-10-20,S03,P605,0,0,0,0,19,4
2026-10-20,S03,P701,15,0,13,2,18,3
2026-10-20,S03,P702,13,0,13,0,17,4
2026-10-20,S03,P703,0,0,0,0,17,4
2026-10-20,S03,P704,80,0,28,52,26,1
2026-10-20,S03,P801,157,0,22,135,41,1
2026-10-20,S03,P802,121,121,32,89,36,3
2026-10-20,S03,P803,118,117,26,92,43,3
2026-10-20,S03,P901,164,0,58,106,65,1
2026-10-20,S03,P902,12,0,12,0,16,4
2026-10-20,S04,P101,188,0,62,126,95,4
2026-10-20,S04,P102,222,0,80,142,113,3
2026-10-20,S04,P103,0,0,0,0,105,4
2026-10-20,S04,P104,237,0,57,180,114,4
2026-10-20,S04,P105,54,0,54,0,145,3
2026-10-20,S04,P106,317,227,61,256,101,1
2026-10-20,S04,P201,219,0,74,145,96,1
2026-10-20,S04,P202,0,0,0,0,98,4
2026-10-20,S04,P203,8,0,8,0,99,3
2026-10-20,S04,P204,248,248,90,158,110,3
2026-10-20,S04,P205,6,0,6,0,27,4
2026-10-20,S04,P206,179,0,60,119,83,4
2026-10-20,S04,P207,346,346,59,287,114,4
2026-10-20,S04,P301,159,159,40,119,62,3
2026-10-20,S04,P302,95,0,64,31,85,1
2026-10-20,S04,P303,208,208,62,146,90,3
2026-10-20,S04,P304,79,0,61,18,79,2
2026-10-20,S04,P305,158,0,61,97,78,4
2026-10-20,S04,P306,270,270,69,201,127,3
2026-10-20,S04,P330,72,0,63,9,86,4
2026-10-20,S04,P401,161,0,47,114,73,1
2026-10-20,S04,P402,73,0,54,19,64,1
2026-10-20,S04,P403,92,0,24,68,44,1
2026-10-20,S04,P404,168,168,37,131,56,3
2026-10-20,S04,P405,148,137,35,113,53,2
2026-10-20,S04,P406,47,0,30,17,46,2
2026-10-20,S04,P407,44,0,44,0,57,3
2026-10-20,S04,P442,116,0,52,64,64,2
2026-10-20,S04,P501,92,0,24,68,29,2
2026-10-20,S04,P502,21,0,21,0,32,3
2026-10-20,S04,P503,71,0,22,49,34,2
2026-10-20,S04,P504,54,0,21,33,28,1
2026-10-20,S04,P505,61,0,19,42,25,1
2026-10-20,S04,P601,86,86,26,60,38,3
2026-10-20,S04,P602,82,0,21,61,30,1
2026-10-20,S04,P603,26,0,21,5,26,1
2026-10-20,S04,P604,40,0,28,12,25,1
2026-10-20,S04,P605,50,0,22,28,34,4
2026-10-20,S04,P701,98,98,33,65,41,2
2026-10-20,S04,P702,52,0,22,30,31,4
2026-10-20,S04,P703,122,0,23,99,45,3
2026-10-20,S04,P704,72,0,19,53,26,1
2026-10-20,S04,P801,5,0,5,0,64,3
2026-10-20,S04,P802,20,0,20,3,55,3
2026-10-20,S04,P803,120,0,33,87,38,3
2026-10-20,S04,P901,223,0,54,169,80,3
2026-10-20,S04,P902,57,0,23,34,26,2
2026-10-20,S05,P101,202,202,49,153,92,3
2026-10-20,S05,P102,172,172,58,114,72,3
2026-10-20,S05,P103,50,0,50,0,76,2
2026-10-20,S05,P104,94,0,49,45,56,1
2026-10-20,S05,P105,0,0,0,0,63,4
2026-10-20,S05,P106,1,0,1,0,69,3
2026-10-20,S05,P201,0,0,0,0,51,4
2026-10-20,S05,P202,83,0,65,18,69,3
2026-10-20,S05,P203,154,154,61,93,80,2
2026-10-20,S05,P204,159,158,53,106,60,2
2026-10-20,S05,P205,40,40,14,26,19,4
2026-10-20,S05,P206,101,0,33,68,50,2
2026-10-20,S05,P207,108,0,48,60,55,4
2026-10-20,S05,P301,192,180,37,151,63,2
2026-10-20,S05,P302,155,155,52,103,70,3
2026-10-20,S05,P303,31,0,31,0,73,3
2026-10-20,S05,P304,10,0,10,0,53,3
2026-10-20,S05,P305,106,0,22,84,45,2
2026-10-20,S05,P306,195,156,48,147,64,2
2026-10-20,S05,P330,79,0,44,35,49,1
2026-10-20,S05,P401,63,63,11,52,21,3
2026-10-20,S05,P402,25,0,19,6,30,3
2026-10-20,S05,P403,79,0,26,53,39,1
2026-10-20,S05,P404,35,0,16,19,21,3
2026-10-20,S05,P405,36,0,20,16,21,3
2026-10-20,S05,P406,99,73,19,80,31,1
2026-10-20,S05,P407,55,0,28,27,30,1
2026-10-20,S05,P442,37,0,37,0,53,3
2026-10-20,S05,P501,16,0,9,7,13,4
2026-10-20,S05,P502,20,0,11,9,14,3
2026-10-20,S05,P503,3,0,3,0,11,3
2026-10-20,S05,P504,59,0,25,34,24,1
2026-10-20,S05,P505,23,0,14,9,17,2
2026-10-20,S05,P601,12,0,9,0,13,2
2026-10-20,S05,P602,48,48,9,39,15,4
2026-10-20,S05,P603,53,0,14,35,19,1
2026-10-20,S05,P604,41,0,15,26,15,3
2026-10-20,S05,P605,8,0,8,0,11,2
2026-10-20,S05,P701,29,0,15,10,18,1
2026-10-20,S05,P702,34,0,21,13,25,1
2026-10-20,S05,P703,63,0,14,49,21,1
2026-10-20,S05,P704,71,57,16,55,25,1
2026-10-20,S05,P801,23,0,23,0,44,3
2026-10-20,S05,P802,33,0,28,5,32,3
2026-10-20,S05,P803,81,0,25,56,46,1
2026-10-20,S05,P901,0,0,0,0,45,4
2026-10-20,S05,P902,8,0,8,0,16,4
2026-10-20,S06,P101,102,0,63,39,86,4
2026-10-20,S06,P102,120,0,97,23,101,1
2026-10-20,S06,P103,145,0,93,52,142,2
2026-10-20,S06,P104,60,0,60,0,81,4
2026-10-20,S06,P105,66,0,66,0,98,4
2026-10-20,S06,P106,290,0,91,199,117,3
2026-10-20,S06,P201,121,0,54,67,88,1
2026-10-20,S06,P202,109,0,49,60,65,3
2026-10-20,S06,P203,119,0,59,60,60,2
2026-10-20,S06,P204,144,0,111,33,108,2
2026-10-20,S06,P205,100,100,24,76,29,4
2026-10-20,S06,P206,191,0,99,92,87,4
2026-10-20,S06,P207,7,0,7,0,73,3
2026-10-20,S06,P301,345,259,53,292,96,1
2026-10-20,S06,P302,143,0,78,65,76,1
2026-10-20,S06,P303,258,258,68,190,81,3
2026-10-20,S06,P304,159,138,53,106,72,2
2026-10-20,S06,P305,105,0,81,24,90,1
2026-10-20,S06,P306,0,0,0,0,82,3
2026-10-20,S06,P330,107,0,107,0,85,2
2026-10-20,S06,P401,89,0,37,52,48,1
2026-10-20,S06,P402,116,116,37,79,34,2
2026-10-20,S06,P403,119,0,23,96,42,2
2026-10-20,S06,P404,89,0,35,54,51,3
2026-10-20,S06,P405,2,0,2,0,60,4
2026-10-20,S06,P406,110,0,21,89,34,3
2026-10-20,S06,P407,23,0,22,1,41,3
2026-10-20,S06,P442,237,199,61,176,88,2
2026-10-20,S06,P501,63,63,16,47,25,3
2026-10-20,S06,P502,59,0,23,41,38,2
2026-10-20,S06,P503,84,0,27,57,34,2
2026-10-20,S06,P504,7,0,7,0,20,3
2026-10-20,S06,P505,16,0,16,0,27,3
2026-10-20,S06,P601,41,0,17,24,18,1
2026-10-20,S06,P602,80,0,19,61,33,2
2026-10-20,S06,P603,64,0,19,45,24,3
2026-10-20,S06,P604,60,0,13,47,19,1
2026-10-20,S06,P605,37,0,23,14,31,3
2026-10-20,S06,P701,46,0,21,25,20,1
2026-10-20,S06,P702,64,64,27,37,37,3
2026-10-20,S06,P703,39,0,31,8,32,1
2026-10-20,S06,P704,22,0,18,4,29,2
2026-10-20,S06,P801,157,0,34,123,53,1
2026-10-20,S06,P802,153,0,65,88,76,1
2026-10-20,S06,P803,171,171,32,139,53,4
2026-10-20,S06,P901,240,213,70,170,86,2
2026-10-20,S06,P902,41,0,16,25,22,3
2026-10-21,S01,P101,265,0,58,207,121,3
2026-10-21,S01,P102,114,0,44,70,98,2
2026-10-21,S01,P103,401,401,64,337,164,4
2026-10-21,S01,P104,269,269,61,208,143,3
2026-10-21,S01,P105,234,234,49,185,124,4
2026-10-21,S01,P106,208,0,71,137,126,3
2026-10-21,S01,P201,120,0,49,71,89,3
2026-10-21,S01,P202,365,0,73,292,150,1
2026-10-21,S01,P203,63,0,63,0,159,3
2026-10-21,S01,P204,31,0,31,0,117,3
2026-10-21,S01,P205,72,0,12,60,27,1
2026-10-21,S01,P206,15,0,15,0,92,3
2026-10-21,S01,P207,78,0,54,24,111,3
2026-10-21,S01,P301,42,0,42,0,139,2
2026-10-21,S01,P302,249,0,47,202,106,2
2026-10-21,S01,P303,0,0,0,0,109,3
2026-10-21,S01,P304,176,0,43,133,74,3
2026-10-21,S01,P305,28,0,28,0,76,2
2026-10-21,S01,P306,128,0,31,97,83,1
2026-10-21,S01,P330,118,0,33,85,93,4
2026-10-21,S01,P401,68,0,37,31,71,2
2026-10-21,S01,P402,69,0,20,49,46,2
2026-10-21,S01,P403,147,147,26,121,46,3
2026-10-21,S01,P404,165,165,26,139,61,4
2026-10-21,S01,P405,94,94,19,75,43,4
2026-10-21,S01,P406,0,0,0,0,71,4
2026-10-21,S01,P407,99,0,29,70,55,1
2026-10-21,S01,P442,136,0,48,88,132,3
2026-10-21,S01,P501,56,0,17,39,41,3
2026-10-21,S01,P502,54,0,15,39,28,1
2026-10-21,S01,P503,76,0,20,56,40,1
2026-10-21,S01,P504,26,0,23,3,30,3
2026-10-21,S01,P505,32,0,17,15,37,4
2026-10-21,S01,P601,99,95,24,75,32,2
2026-10-21,S01,P602,90,0,19,71,37,2
2026-10-21,S01,P603,69,0,14,55,36,4
2026-10-21,S01,P604,9,0,9,0,23,2
2026-10-21,S01,P605,42,0,16,26,33,1
2026-10-21,S01,P701,66,0,19,47,36,2
2026-10-21,S01,P702,16,0,16,0,53,4
2026-10-21,S01,P703,76,0,20,56,47,1
2026-10-21,S01,P704,1,0,1,0,33,3
2026-10-21,S01,P801,181,181,21,160,60,4
2026-10-21,S01,P802,129,0,46,83,90,2
2026-10-21,S01,P803,92,0,47,45,59,2
2026-10-21,S01,P901,192,0,33,159,93,1
2026-10-21,S01,P902,86,0,24,62,36,1
2026-10-21,S02,P101,400,0,164,236,333,3
2026-10-21,S02,P102,406,0,244,162,347,1
2026-10-21,S02,P103,457,0,153,304,334,1
2026-10-21,S02,P104,709,533,138,571,268,1
2026-10-21,S02,P105,212,0,129,83,300,3
2026-10-21,S02,P106,528,0,142,386,294,2
2026-10-21,S02,P201,825,666,154,671,283,1
2026-10-21,S02,P202,907,595,155,752,316,1
2026-10-21,S02,P203,722,0,180,542,255,1
2026-10-21,S02,P204,23,0,23,0,215,4
2026-10-21,S02,P205,41,0,41,0,116,2
2026-10-21,S02,P206,0,0,0,0,196,3
2026-10-21,S02,P207,559,0,171,388,307,1
2026-10-21,S02,P301,197,0,97,100,177,1
2026-10-21,S02,P302,597,0,120,477,326,2
2026-10-21,S02,P303,685,0,110,575,224,1
2026-10-21,S02,P304,613,0,178,435,325,1
2026-10-21,S02,P305,317,0,191,126,329,4
2026-10-21,S02,P306,0,0,0,0,214,4
2026-10-21,S02,P330,62,0,62,0,277,3
2026-10-21,S02,P401,359,359,60,299,111,3
2026-10-21,S02,P402,170,0,36,134,103,2
2026-10-21,S02,P403,0,0,0,0,114,4
2026-10-21,S02,P404,30,0,30,0,136,3
2026-10-21,S02,P405,328,0,69,259,164,3
2026-10-21,S02,P406,185,0,50,135,151,4
2026-10-21,S02,P407,407,0,99,308,189,2
2026-10-21,S02,P442,280,0,92,188,238,2
2026-10-21,S02,P501,164,164,41,123,80,4
2026-10-21,S02,P502,171,0,56,118,126,4
2026-10-21,S02,P503,145,0,44,101,106,3
2026-10-21,S02,P504,85,0,26,59,72,1
2026-10-21,S02,P505,43,0,30,13,73,4
2026-10-21,S02,P601,92,0,31,61,61,1
2026-10-21,S02,P602,238,0,53,185,99,1
2026-10-21,S02,P603,147,0,35,112,77,1
2026-10-21,S02,P604,227,0,49,178,84,4
2026-10-21,S02,P605,67,0,28,39,56,3
2026-10-21,S02,P701,141,0,64,77,101,2
2026-10-21,S02,P702,49,0,49,0,82,2
2026-10-21,S02,P703,17,0,17,0,78,2
2026-10-21,S02,P704,175,0,51,124,80,1
2026-10-21,S02,P801,401,401,74,327,134,3
2026-10-21,S02,P802,238,0,71,167,129,3
2026-10-21,S02,P803,348,0,78,270,194,2
2026-10-21,S02,P901,420,0,187,233,261,3
2026-10-21,S02,P902,76,0,30,42,57,2
2026-10-21,S03,P101,62,0,37,25,68,2
2026-10-21,S03,P102,116,0,47,69,93,2
2026-10-21,S03,P103,192,0,44,148,83,4
2026-10-21,S03,P104,99,0,43,56,63,1
2026-10-21,S03,P105,93,0,29,64,63,2
2026-10-21,S03,P106,0,0,0,0,84,4
2026-10-21,S03,P201,21,0,21,0,83,4
2026-10-21,S03,P202,45,0,43,2,75,4
2026-10-21,S03,P203,43,0,27,16,40,3
2026-10-21,S03,P204,84,0,39,45,89,2
2026-10-21,S03,P205,5,0,5,0,22,4
2026-10-21,S03,P206,187,187,38,149,67,4
2026-10-21,S03,P207,25,0,25,0,83,3
2026-10-21,S03,P301,113,0,19,94,59,1
2026-10-21,S03,P302,56,0,32,24,65,2
2026-10-21,S03,P303,79,0,48,31,86,3
2026-10-21,S03,P304,104,0,26,78,51,2
2026-10-21,S03,P305,146,0,34,112,81,1
2026-10-21,S03,P306,77,0,44,33,75,3
2026-10-21,S03,P330,110,0,29,81,66,1
2026-10-21,S03,P401,35,0,15,20,34,4
2026-10-21,S03,P402,60,0,17,43,33,4
2026-10-21,S03,P403,49,0,17,32,33,1
2026-10-21,S03,P404,3,0,3,0,23,2
2026-10-21,S03,P405,39,0,10,29,27,1
2026-10-21,S03,P406,69,0,20,49,35,3
2026-10-21,S03,P407,53,0,15,38,32,2
2026-10-21,S03,P442,126,0,43,83,72,1
2026-10-21,S03,P501,28,0,7,21,14,2
2026-10-21,S03,P502,10,0,8,2,22,4
2026-10-21,S03,P503,8,0,8,0,24,3
2026-10-21,S03,P504,20,0,9,14,16,4
2026-10-21,S03,P505,11,0,5,6,17,2
2026-10-21,S03,P601,30,0,7,23,18,1
2026-10-21,S03,P602,25,0,8,17,16,1
2026-10-21,S03,P603,36,0,6,30,13,4
2026-10-21,S03,P604,4,0,4,0,24,4
2026-10-21,S03,P605,42,42,7,35,19,4
2026-10-21,S03,P701,2,0,2,0,18,3
2026-10-21,S03,P702,0,0,0,0,17,4
2026-10-21,S03,P703,0,0,0,0,17,4
2026-10-21,S03,P704,52,0,15,37,26,1
2026-10-21,S03,P801,135,0,20,115,41,1
2026-10-21,S03,P802,89,0,14,75,36,3
2026-10-21,S03,P803,92,0,18,74,43,3
2026-10-21,S03,P901,106,0,35,71,65,1
2026-10-21,S03,P902,0,0,0,0,16,4
2026-10-21,S04,P101,126,0,44,82,95,4
2026-10-21,S04,P102,142,0,67,75,113,3
2026-10-21,S04,P103,249,249,52,197,105,4
2026-10-21,S04,P104,180,0,74,106,114,4
2026-10-21,S04,P105,320,320,80,240,145,3
2026-10-21,S04,P106,256,0,56,200,101,1
2026-10-21,S04,P201,145,0,55,90,96,1
2026-10-21,S04,P202,298,298,55,243,98,4
2026-10-21,S04,P203,290,290,71,219,99,3
2026-10-21,S04,P204,158,0,86,72,110,3
2026-10-21,S04,P205,0,0,0,0,27,4
2026-10-21,S04,P206,119,0,51,68,83,4
2026-10-21,S04,P207,287,0,57,230,114,4
2026-10-21,S04,P301,119,0,40,79,62,3
2026-10-21,S04,P302,259,228,38,221,85,1
2026-10-21,S04,P303,146,0,50,96,90,3
2026-10-21,S04,P304,18,0,18,0,79,2
2026-10-21,S04,P305,97,0,35,62,78,4
2026-10-21,S04,P306,201,0,52,149,127,3
2026-10-21,S04,P330,9,0,9,0,86,4
2026-10-21,S04,P401,114,0,30,84,73,1
2026-10-21,S04,P402,164,145,27,137,64,1
2026-10-21,S04,P403,68,0,15,53,44,1
2026-10-21,S04,P404,131,0,28,103,56,3
2026-10-21,S04,P405,113,0,20,93,53,2
2026-10-21,S04,P406,17,0,17,0,46,2
2026-10-21,S04,P407,0,0,0,0,57,3
2026-10-21,S04,P442,64,0,34,30,64,2
2026-10-21,S04,P501,68,0,22,46,29,2
2026-10-21,S04,P502,61,61,13,48,32,3
2026-10-21,S04,P503,49,0,17,32,34,2
2026-10-21,S04,P504,33,0,18,15,28,1
2026-10-21,S04,P505,42,0,12,30,25,1
2026-10-21,S04,P601,60,0,17,43,38,3
2026-10-21,S04,P602,61,0,13,48,30,1
2026-10-21,S04,P603,79,74,12,67,26,1
2026-10-21,S04,P604,71,59,12,59,25,1
2026-10-21,S04,P605,28,0,14,14,34,4
2026-10-21,S04,P701,65,0,20,45,41,2
2026-10-21,S04,P702,30,0,15,15,31,4
2026-10-21,S04,P703,99,0,35,64,45,3
2026-10-21,S04,P704,53,0,13,40,26,1
2026-10-21,S04,P801,150,150,42,108,64,3
2026-10-21,S04,P802,141,141,23,118,55,3
2026-10-21,S04,P803,87,0,19,68,38,3
2026-10-21,S04,P901,169,0,35,134,80,3
2026-10-21,S04,P902,34,0,13,21,26,2
2026-10-21,S05,P101,153,0,45,108,92,3
2026-10-21,S05,P102,114,0,36,78,72,3
2026-10-21,S05,P103,160,160,37,123,76,2
2026-10-21,S05,P104,155,110,29,126,56,1
2026-10-21,S05,P105,177,177,36,141,63,4
2026-10-21,S05,P106,178,178,41,137,69,3
2026-10-21,S05,P201,0,0,0,0,51,4
2026-10-21,S05,P202,18,0,18,0,69,3
2026-10-21,S05,P203,93,0,33,60,80,2
2026-10-21,S05,P204,106,0,41,65,60,2
2026-10-21,S05,P205,26,0,9,17,19,4
2026-10-21,S05,P206,68,0,28,40,50,2
2026-10-21,S05,P207,60,0,37,23,55,4
2026-10-21,S05,P301,155,0,24,131,63,2
2026-10-21,S05,P302,103,0,35,68,70,3
2026-10-21,S05,P303,167,167,48,119,73,3
2026-10-21,S05,P304,160,160,28,132,53,3
2026-10-21,S05,P305,84,0,20,64,45,2
2026-10-21,S05,P306,147,0,31,116,64,2
2026-10-21,S05,P330,147,112,33,114,49,1
2026-10-21,S05,P401,52,0,12,40,21,3
2026-10-21,S05,P402,6,0,6,0,30,3
2026-10-21,S05,P403,53,0,19,34,39,1
2026-10-21,S05,P404,19,0,9,10,21,3
2026-10-21,S05,P405,16,0,9,7,21,3
2026-10-21,S05,P406,80,0,12,68,31,1
2026-10-21,S05,P407,110,83,18,92,30,1
2026-10-21,S05,P442,0,0,0,0,53,3
2026-10-21,S05,P501,7,0,7,0,13,4
2026-10-21,S05,P502,9,0,6,3,14,3
2026-10-21,S05,P503,41,41,5,36,11,3
2026-10-21,S05,P504,34,0,14,20,24,1
2026-10-21,S05,P505,9,0,7,2,17,2
2026-10-21,S05,P601,43,40,7,36,13,2
2026-10-21,S05,P602,39,0,6,36,15,4
2026-10-21,S05,P603,39,0,10,29,19,1
2026-10-21,S05,P604,26,0,6,20,15,3
2026-10-21,S05,P605,33,33,5,28,11,2
2026-10-21,S05,P701,72,58,13,59,18,1
2026-10-21,S05,P702,74,61,11,63,25,1
2026-10-21,S05,P703,49,0,11,38,21,1
2026-10-21,S05,P704,55,0,14,41,25,1
2026-10-21,S05,P801,135,135,18,117,44,3
2026-10-21,S05,P802,5,0,5,0,32,3
2026-10-21,S05,P803,56,0,26,30,46,1
2026-10-21,S05,P901,0,0,0,0,45,4
2026-10-21,S05,P902,0,0,0,0,16,4
2026-10-21,S06,P101,39,0,39,0,86,4
2026-10-21,S06,P102,314,291,55,259,101,1
2026-10-21,S06,P103,52,0,52,0,142,2
2026-10-21,S06,P104,0,0,0,0,81,4
2026-10-21,S06,P105,0,0,0,0,98,4
2026-10-21,S06,P106,199,0,48,151,117,3
2026-10-21,S06,P201,218,151,36,182,88,1
2026-10-21,S06,P202,60,0,32,28,65,3
2026-10-21,S06,P203,60,0,34,26,60,2
2026-10-21,S06,P204,33,0,33,0,108,2
2026-10-21,S06,P205,76,0,8,68,29,4
2026-10-21,S06,P206,92,0,47,48,87,4
2026-10-21,S06,P207,251,251,40,211,73,3
2026-10-21,S06,P301,292,0,29,263,96,1
2026-10-21,S06,P302,253,188,38,215,76,1
2026-10-21,S06,P303,190,0,35,155,81,3
2026-10-21,S06,P304,106,0,39,67,72,2
2026-10-21,S06,P305,294,270,43,251,90,1
2026-10-21,S06,P306,205,205,38,167,82,3
2026-10-21,S06,P330,0,0,0,0,85,2
2026-10-21,S06,P401,52,0,23,29,48,1
2026-10-21,S06,P402,79,0,18,61,34,2
2026-10-21,S06,P403,96,0,24,72,42,2
2026-10-21,S06,P404,54,0,23,31,51,3
2026-10-21,S06,P405,0,0,0,0,60,4
2026-10-21,S06,P406,89,0,16,73,34,3
2026-10-21,S06,P407,84,83,13,71,41,3
2026-10-21,S06,P442,176,0,51,123,88,2
2026-10-21,S06,P501,47,0,12,35,25,3
2026-10-21,S06,P502,36,0,15,21,38,2
2026-10-21,S06,P503,57,0,18,39,34,2
2026-10-21,S06,P504,65,65,10,55,20,3
2026-10-21,S06,P505,0,0,0,5,27,3
2026-10-21,S06,P601,24,0,11,13,18,1
2026-10-21,S06,P602,61,0,15,46,33,2
2026-10-21,S06,P603,45,0,11,34,24,3
2026-10-21,S06,P604,47,0,7,40,19,1
2026-10-21,S06,P605,14,0,13,1,31,3
2026-10-21,S06,P701,25,0,10,15,20,1
2026-10-21,S06,P702,37,0,15,22,37,3
2026-10-21,S06,P703,77,69,21,56,32,1
2026-10-21,S06,P704,69,65,20,49,29,2
2026-10-21,S06,P801,123,0,26,97,53,1
2026-10-21,S06,P802,88,0,27,61,76,1
2026-10-21,S06,P803,139,0,25,114,53,4
2026-10-21,S06,P901,170,0,37,133,86,2
2026-10-21,S06,P902,25,0,9,16,22,3
2026-10-22,S01,P101,207,0,74,133,121,3
2026-10-22,S01,P102,70,0,64,6,98,2
2026-10-22,S01,P103,337,0,109,228,164,4
2026-10-22,S01,P104,208,0,90,118,143,3
2026-10-22,S01,P105,185,0,97,88,124,4
2026-10-22,S01,P106,137,0,102,35,126,3
2026-10-22,S01,P201,71,0,57,14,89,3
2026-10-22,S01,P202,292,0,98,194,150,1
2026-10-22,S01,P203,0,0,0,0,159,3
2026-10-22,S01,P204,0,0,0,0,117,3
2026-10-22,S01,P205,60,0,22,38,27,1
2026-10-22,S01,P206,226,226,64,162,92,3
2026-10-22,S01,P207,24,0,24,0,111,3
2026-10-22,S01,P301,388,388,91,297,139,2
2026-10-22,S01,P302,202,0,84,118,106,2
2026-10-22,S01,P303,335,335,104,231,109,3
2026-10-22,S01,P304,133,0,62,71,74,3
2026-10-22,S01,P305,169,169,62,107,76,2
2026-10-22,S01,P306,97,0,41,56,83,1
2026-10-22,S01,P330,85,0,59,26,93,4
2026-10-22,S01,P401,185,154,37,148,71,2
2026-10-22,S01,P402,49,0,26,23,46,2
2026-10-22,S01,P403,121,0,42,79,46,3
2026-10-22,S01,P404,139,0,56,83,61,4
2026-10-22,S01,P405,75,0,32,48,43,4
2026-10-22,S01,P406,167,167,61,106,71,4
2026-10-22,S01,P407,70,0,53,17,55,1
2026-10-22,S01,P442,88,0,88,0,132,3
2026-10-22,S01,P501,39,0,30,9,41,3
2026-10-22,S01,P502,39,0,20,19,28,1
2026-10-22,S01,P503,56,0,23,33,40,1
2026-10-22,S01,P504,3,0,3,0,30,3
2026-10-22,S01,P505,15,0,15,0,37,4
2026-10-22,S01,P601,75,0,35,40,32,2
2026-10-22,S01,P602,71,0,21,50,37,2
2026-10-22,S01,P603,55,0,24,31,36,4
2026-10-22,S01,P604,72,72,23,49,23,2
2026-10-22,S01,P605,105,79,25,80,33,1
2026-10-22,S01,P701,47,0,45,2,36,2
2026-10-22,S01,P702,0,0,0,0,53,4
2026-10-22,S01,P703,56,0,48,8,47,1
2026-10-22,S01,P704,66,66,30,36,33,3
2026-10-22,S01,P801,160,0,40,120,60,4
2026-10-22,S01,P802,83,0,54,29,90,2
2026-10-22,S01,P803,45,0,45,0,59,2
2026-10-22,S01,P901,159,0,47,112,93,1
2026-10-22,S01,P902,62,0,27,35,36,1
2026-10-22,S02,P101,236,0,236,0,333,3
2026-10-22,S02,P102,1149,987,336,813,347,1
2026-10-22,S02,P103,1132,828,216,916,334,1
2026-10-22,S02,P104,571,0,220,351,268,1
2026-10-22,S02,P105,83,0,83,0,300,3
2026-10-22,S02,P106,386,0,225,161,294,2
2026-10-22,S02,P201,671,0,246,425,283,1
2026-10-22,S02,P202,752,0,247,505,316,1
2026-10-22,S02,P203,542,0,308,234,255,1
2026-10-22,S02,P204,0,0,0,0,215,4
2026-10-22,S02,P205,297,297,93,204,116,2
2026-10-22,S02,P206,487,487,162,325,196,3
2026-10-22,S02,P207,388,0,261,123,307,1
2026-10-22,S02,P301,743,643,157,586,177,1
2026-10-22,S02,P302,477,0,201,276,326,2
2026-10-22,S02,P303,575,0,174,401,224,1
2026-10-22,S02,P304,435,0,197,238,325,1
2026-10-22,S02,P305,126,0,126,0,329,4
2026-10-22,S02,P306,748,748,157,591,214,4
2026-10-22,S02,P330,672,672,242,430,277,3
2026-10-22,S02,P401,299,0,82,217,111,3
2026-10-22,S02,P402,134,0,64,70,103,2
2026-10-22,S02,P403,236,236,65,171,114,4
2026-10-22,S02,P404,357,357,85,272,136,3
2026-10-22,S02,P405,259,0,72,187,164,3
2026-10-22,S02,P406,135,0,125,10,151,4
2026-10-22,S02,P407,308,0,110,198,189,2
2026-10-22,S02,P442,188,0,166,22,238,2
2026-10-22,S02,P501,123,0,54,69,80,4
2026-10-22,S02,P502,115,0,94,21,126,4
2026-10-22,S02,P503,101,0,56,45,106,3
2026-10-22,S02,P504,220,161,67,153,72,1
2026-10-22,S02,P505,13,0,13,0,73,4
2026-10-22,S02,P601,61,0,54,7,61,1
2026-10-22,S02,P602,185,0,59,126,99,1
2026-10-22,S02,P603,112,0,76,36,77,1
2026-10-22,S02,P604,178,0,64,114,84,4
2026-10-22,S02,P605,39,0,39,0,56,3
2026-10-22,S02,P701,77,0,71,6,101,2
2026-10-22,S02,P702,211,211,68,143,82,2
2026-10-22,S02,P703,180,180,43,137,78,2
2026-10-22,S02,P704,124,0,87,37,80,1
2026-10-22,S02,P801,327,0,129,198,134,3
2026-10-22,S02,P802,167,0,98,69,129,3
2026-10-22,S02,P803,270,0,108,162,194,2
2026-10-22,S02,P901,233,0,232,1,261,3
2026-10-22,S02,P902,46,0,46,0,57,2
2026-10-22,S03,P101,189,164,43,146,68,2
2026-10-22,S03,P102,69,0,60,9,93,2
2026-10-22,S03,P103,148,0,59,89,83,4
2026-10-22,S03,P104,183,127,66,117,63,1
2026-10-22,S03,P105,64,0,64,0,63,2
2026-10-22,S03,P106,219,219,95,124,84,4
2026-10-22,S03,P201,0,0,0,0,83,4
2026-10-22,S03,P202,2,0,2,0,75,4
2026-10-22,S03,P203,16,0,16,0,40,3
2026-10-22,S03,P204,257,212,81,176,89,2
2026-10-22,S03,P205,0,0,0,0,22,4
2026-10-22,S03,P206,149,0,56,93,67,4
2026-10-22,S03,P207,0,0,0,0,83,3
2026-10-22,S03,P301,94,0,38,56,59,1
2026-10-22,S03,P302,167,143,38,129,65,2
2026-10-22,S03,P303,31,0,31,0,86,3
2026-10-22,S03,P304,78,0,50,28,51,2
2026-10-22,S03,P305,112,0,54,58,81,1
2026-10-22,S03,P306,33,0,33,0,75,3
2026-10-22,S03,P330,81,0,56,25,66,1
2026-10-22,S03,P401,20,0,20,0,34,4
2026-10-22,S03,P402,43,0,19,24,33,4
2026-10-22,S03,P403,119,87,29,90,33,1
2026-10-22,S03,P404,81,81,15,66,23,2
2026-10-22,S03,P405,29,0,16,13,27,1
2026-10-22,S03,P406,49,0,25,24,35,3
2026-10-22,S03,P407,38,0,27,11,32,2
2026-10-22,S03,P442,83,0,58,25,72,1
2026-10-22,S03,P501,21,0,13,8,14,2
2026-10-22,S03,P502,2,0,2,0,22,4
2026-10-22,S03,P503,0,0,0,0,24,3
2026-10-22,S03,P504,11,0,11,0,16,4
2026-10-22,S03,P505,45,39,8,37,17,2
2026-10-22,S03,P601,23,0,18,5,18,1
2026-10-22,S03,P602,17,0,12,5,16,1
2026-10-22,S03,P603,30,0,10,20,13,4
2026-10-22,S03,P604,0,0,0,0,24,4
2026-10-22,S03,P605,35,0,25,10,19,4
2026-10-22,S03,P701,47,47,14,33,18,3
2026-10-22,S03,P702,0,0,0,0,17,4
2026-10-22,S03,P703,54,54,16,38,17,4
2026-10-22,S03,P704,37,0,20,17,26,1
2026-10-22,S03,P801,115,0,32,83,41,1
2026-10-22,S03,P802,75,0,28,47,36,3
2026-10-22,S03,P803,74,0,31,43,43,3
2026-10-22,S03,P901,71,0,50,21,65,1
2026-10-22,S03,P902,0,0,0,0,16,4
2026-10-22,S04,P101,82,0,72,10,95,4
2026-10-22,S04,P102,75,0,75,0,113,3
2026-10-22,S04,P103,197,0,76,121,105,4
2026-10-22,S04,P104,106,0,84,22,114,4
2026-10-22,S04,P105,240,0,96,144,145,3
2026-10-22,S04,P106,200,0,68,132,101,1
2026-10-22,S04,P201,292,202,66,226,96,1
2026-10-22,S04,P202,243,0,79,164,98,4
2026-10-22,S04,P203,219,0,78,141,99,3
2026-10-22,S04,P204,72,0,72,0,110,3
2026-10-22,S04,P205,79,79,17,62,27,4
2026-10-22,S04,P206,68,0,65,3,83,4
2026-10-22,S04,P207,230,0,92,138,114,4
2026-10-22,S04,P301,79,0,48,31,62,3
2026-10-22,S04,P302,221,0,48,173,85,1
2026-10-22,S04,P303,96,0,80,16,90,3
2026-10-22,S04,P304,189,189,65,124,79,2
2026-10-22,S04,P305,62,0,59,3,78,4
2026-10-22,S04,P306,149,0,137,12,127,3
2026-10-22,S04,P330,0,0,0,0,86,4
2026-10-22,S04,P401,84,0,52,32,73,1
2026-10-22,S04,P402,137,0,57,80,64,1
2026-10-22,S04,P403,53,0,27,26,44,1
2026-10-22,S04,P404,103,0,38,65,56,3
2026-10-22,S04,P405,93,0,32,61,53,2
2026-10-22,S04,P406,94,94,43,51,46,2
2026-10-22,S04,P407,122,122,42,80,57,3
2026-10-22,S04,P442,30,0,30,0,64,2
2026-10-22,S04,P501,46,0,27,19,29,2
2026-10-22,S04,P502,48,0,19,29,32,3
2026-10-22,S04,P503,32,0,27,5,34,2
2026-10-22,S04,P504,69,54,17,52,28,1
2026-10-22,S04,P505,30,0,18,12,25,1
2026-10-22,S04,P601,43,0,21,22,38,3
2026-10-22,S04,P602,48,0,26,22,30,1
2026-10-22,S04,P603,67,0,16,51,26,1
2026-10-22,S04,P604,59,0,24,35,25,1
2026-10-22,S04,P605,14,0,14,0,34,4
2026-10-22,S04,P701,45,0,29,16,41,2
2026-10-22,S04,P702,15,0,15,0,31,4
2026-10-22,S04,P703,64,0,42,22,45,3
2026-10-22,S04,P704,40,0,21,19,26,1
2026-10-22,S04,P801,108,0,54,54,64,3
2026-10-22,S04,P802,118,0,53,65,55,3
2026-10-22,S04,P803,68,0,34,34,38,3
2026-10-22,S04,P901,134,0,44,90,80,3
2026-10-22,S04,P902,21,0,21,0,26,2
2026-10-22,S05,P101,108,0,49,59,92,3
2026-10-22,S05,P102,78,0,57,21,72,3
2026-10-22,S05,P103,123,0,56,67,76,2
2026-10-22,S05,P104,126,0,44,82,56,1
2026-10-22,S05,P105,141,0,41,100,63,4
2026-10-22,S05,P106,137,0,67,70,69,3
2026-10-22,S05,P201,119,119,34,85,51,4
2026-10-22,S05,P202,0,0,0,0,69,3
2026-10-22,S05,P203,60,0,47,13,80,2
2026-10-22,S05,P204,65,0,65,0,60,2
2026-10-22,S05,P205,17,0,17,0,19,4
2026-10-22,S05,P206,40,0,32,8,50,2
2026-10-22,S05,P207,23,0,23,0,55,4
2026-10-22,S05,P301,131,0,42,89,63,2
2026-10-22,S05,P302,68,0,48,20,70,3
2026-10-22,S05,P303,119,0,38,81,73,3
2026-10-22,S05,P304,132,0,57,75,53,3
2026-10-22,S05,P305,64,0,33,31,45,2
2026-10-22,S05,P306,116,0,48,68,64,2
2026-10-22,S05,P330,114,0,38,76,49,1
2026-10-22,S05,P401,40,0,16,20,21,3
2026-10-22,S05,P402,79,79,18,61,30,3
2026-10-22,S05,P403,113,79,28,85,39,1
2026-10-22,S05,P404,10,0,10,0,21,3
2026-10-22,S05,P405,7,0,7,0,21,3
2026-10-22,S05,P406,68,0,18,50,31,1
2026-10-22,S05,P407,92,0,28,64,30,1
2026-10-22,S05,P442,95,95,34,61,53,3
2026-10-22,S05,P501,0,0,0,0,13,4
2026-10-22,S05,P502,3,0,3,0,14,3
2026-10-22,S05,P503,36,0,8,28,11,3
2026-10-22,S05,P504,66,46,16,50,24,1
2026-10-22,S05,P505,46,44,16,30,17,2
2026-10-22,S05,P601,36,0,9,27,13,2
2026-10-22,S05,P602,33,0,10,23,15,4
2026-10-22,S05,P603,29,0,14,15,19,1
2026-10-22,S05,P604,20,0,11,9,15,3
2026-10-22,S05,P605,28,0,6,22,11,2
2026-10-22,S05,P701,59,0,16,43,18,1
2026-10-22,S05,P702,63,0,16,47,25,1
2026-10-22,S05,P703,38,0,20,18,21,1
2026-10-22,S05,P704,41,0,16,25,25,1
2026-10-22,S05,P801,117,0,32,85,44,3
2026-10-22,S05,P802,0,0,0,0,32,3
2026-10-22,S05,P803,135,105,34,101,46,1
2026-10-22,S05,P901,148,148,36,112,45,4
2026-10-22,S05,P902,41,41,9,32,16,4
2026-10-22,S06,P101,0,0,0,0,86,4
2026-10-22,S06,P102,259,0,68,191,101,1
2026-10-22,S06,P103,254,254,87,167,142,2
2026-10-22,S06,P104,0,0,0,0,81,4
2026-10-22,S06,P105,0,0,0,0,98,4
2026-10-22,S06,P106,151,0,115,36,117,3
2026-10-22,S06,P201,182,0,58,124,88,1
2026-10-22,S06,P202,28,0,28,0,65,3
2026-10-22,S06,P203,26,0,26,0,60,2
2026-10-22,S06,P204,255,255,59,196,108,2
2026-10-22,S06,P205,68,0,25,43,29,4
2026-10-22,S06,P206,45,0,45,0,87,4
2026-10-22,S06,P207,211,0,63,148,73,3
2026-10-22,S06,P301,263,0,60,203,96,1
2026-10-22,S06,P302,215,0,56,159,76,1
2026-10-22,S06,P303,155,0,93,62,81,3
2026-10-22,S06,P304,67,0,42,25,72,2
2026-10-22,S06,P305,251,0,71,180,90,1
2026-10-22,S06,P306,167,0,53,114,82,3
2026-10-22,S06,P330,264,264,91,173,85,2
2026-10-22,S06,P401,120,91,28,92,48,1
2026-10-22,S06,P402,61,0,26,35,34,2
2026-10-22,S06,P403,72,0,29,43,42,2
2026-10-22,S06,P404,31,0,31,0,51,3
2026-10-22,S06,P405,171,171,63,108,60,4
2026-10-22,S06,P406,73,0,30,43,34,3
2026-10-22,S06,P407,71,0,36,35,41,3
2026-10-22,S06,P442,125,0,56,69,88,2
2026-10-22,S06,P501,35,0,16,19,25,3
2026-10-22,S06,P502,125,104,25,100,38,2
2026-10-22,S06,P503,39,0,23,16,34,2
2026-10-22,S06,P504,55,0,18,37,20,3
2026-10-22,S06,P505,93,93,22,71,27,3
2026-10-22,S06,P601,65,52,12,53,18,1
2026-10-22,S06,P602,46,0,33,13,33,2
2026-10-22,S06,P603,34,0,15,19,24,3
2026-10-22,S06,P604,40,0,12,28,19,1
2026-10-22,S06,P605,1,0,1,0,31,3
2026-10-22,S06,P701,69,54,19,50,20,1
2026-10-22,S06,P702,22,0,22,0,37,3
2026-10-22,S06,P703,56,0,27,29,32,1
2026-10-22,S06,P704,49,0,22,27,29,2
2026-10-22,S06,P801,97,0,37,60,53,1
2026-10-22,S06,P802,212,151,84,133,76,1
2026-10-22,S06,P803,114,0,38,76,53,4
2026-10-22,S06,P901,133,0,70,63,86,2
2026-10-22,S06,P902,16,0,13,3,22,3
2026-10-23,S01,P101,133,0,38,95,121,3
2026-10-23,S01,P102,225,219,53,172,98,2
2026-10-23,S01,P103,228,0,61,167,164,4
2026-10-23,S01,P104,118,0,59,59,143,3
2026-10-23,S01,P105,88,0,47,41,124,4
2026-10-23,S01,P106,35,0,35,0,126,3
2026-10-23,S01,P201,14,0,14,0,89,3
2026-10-23,S01,P202,194,0,57,137,150,1
2026-10-23,S01,P203,306,306,71,235,159,3
2026-10-23,S01,P204,249,249,57,192,117,3
2026-10-23,S01,P205,38,0,12,26,27,1
2026-10-23,S01,P206,162,0,41,121,92,3
2026-10-23,S01,P207,270,270,53,217,111,3
2026-10-23,S01,P301,297,0,54,243,139,2
2026-10-23,S01,P302,118,0,63,55,106,2
2026-10-23,S01,P303,231,0,57,174,109,3
2026-10-23,S01,P304,71,0,32,37,74,3
2026-10-23,S01,P305,107,0,37,70,76,2
2026-10-23,S01,P306,267,211,39,228,83,1
2026-10-23,S01,P330,26,0,26,0,93,4
2026-10-23,S01,P401,148,0,35,113,71,2
2026-10-23,S01,P402,23,0,17,6,46,2
2026-10-23,S01,P403,79,0,20,59,46,3
2026-10-23,S01,P404,83,0,31,52,61,4
2026-10-23,S01,P405,43,0,18,25,43,4
2026-10-23,S01,P406,106,0,40,66,71,4
2026-10-23,S01,P407,140,123,26,114,55,1
2026-10-23,S01,P442,0,0,0,0,132,3
2026-10-23,S01,P501,9,0,9,0,41,3
2026-10-23,S01,P502,90,71,12,78,28,1
2026-10-23,S01,P503,130,97,18,112,40,1
2026-10-23,S01,P504,108,108,11,97,30,3
2026-10-23,S01,P505,0,0,0,0,37,4
2026-10-23,S01,P601,40,0,15,25,32,2
2026-10-23,S01,P602,50,0,15,35,37,2
2026-10-23,S01,P603,31,0,15,16,36,4
2026-10-23,S01,P604,49,0,9,40,23,2
2026-10-23,S01,P605,80,0,18,62,33,1
2026-10-23,S01,P701,2,0,2,0,36,2
2026-10-23,S01,P702,0,0,0,0,53,4
2026-10-23,S01,P703,151,143,28,123,47,1
2026-10-23,S01,P704,36,0,17,19,33,3
2026-10-23,S01,P801,120,0,25,95,60,4
2026-10-23,S01,P802,246,217,50,196,90,2
2026-10-23,S01,P803,150,150,35,115,59,2
2026-10-23,S01,P901,112,0,32,80,93,1
2026-10-23,S01,P902,137,102,19,118,36,1
2026-10-23,S02,P101,0,0,0,0,333,3
2026-10-23,S02,P102,813,0,194,619,347,1
2026-10-23,S02,P103,916,0,146,770,334,1
2026-10-23,S02,P104,351,0,183,168,268,1
2026-10-23,S02,P105,883,883,157,726,300,3
2026-10-23,S02,P106,161,0,135,26,294,2
2026-10-23,S02,P201,425,0,116,309,283,1
2026-10-23,S02,P202,505,0,153,352,316,1
2026-10-23,S02,P203,1099,865,145,954,255,1
2026-10-23,S02,P204,561,561,72,489,215,4
2026-10-23,S02,P205,204,0,55,149,116,2
2026-10-23,S02,P206,325,0,99,222,196,3
2026-10-23,S02,P207,677,550,149,528,307,1
2026-10-23,S02,P301,586,0,97,485,177,1
2026-10-23,S02,P302,276,0,140,136,326,2
2026-10-23,S02,P303,401,0,120,281,224,1
2026-10-23,S02,P304,941,703,94,847,325,1
2026-10-23,S02,P305,0,0,0,0,329,4
2026-10-23,S02,P306,591,0,112,479,214,4
2026-10-23,S02,P330,430,0,168,262,277,3
2026-10-23,S02,P401,217,0,63,154,111,3
2026-10-23,S02,P402,70,0,68,2,103,2
2026-10-23,S02,P403,171,0,58,113,114,4
2026-10-23,S02,P404,272,0,53,219,136,3
2026-10-23,S02,P405,187,0,65,122,164,3
2026-10-23,S02,P406,10,0,10,0,151,4
2026-10-23,S02,P407,198,0,90,108,189,2
2026-10-23,S02,P442,701,679,130,571,238,2
2026-10-23,S02,P501,69,0,28,41,80,4
2026-10-23,S02,P502,21,0,21,0,126,4
2026-10-23,S02,P503,45,0,45,0,106,3
2026-10-23,S02,P504,153,0,40,113,72,1
2026-10-23,S02,P505,0,0,0,0,73,4
2026-10-23,S02,P601,193,186,35,158,61,1
2026-10-23,S02,P602,126,0,44,82,99,1
2026-10-23,S02,P603,314,278,46,268,77,1
2026-10-23,S02,P604,114,0,52,62,84,4
2026-10-23,S02,P605,0,0,0,0,56,3
2026-10-23,S02,P701,249,243,41,208,101,2
2026-10-23,S02,P702,143,0,41,102,82,2
2026-10-23,S02,P703,137,0,47,90,78,2
2026-10-23,S02,P704,290,253,58,232,80,1
2026-10-23,S02,P801,198,0,75,123,134,3
2026-10-23,S02,P802,69,0,69,0,129,3
2026-10-23,S02,P803,162,0,71,91,194,2
2026-10-23,S02,P901,1,0,1,0,261,3
2026-10-23,S02,P902,180,180,34,146,57,2
2026-10-23,S03,P101,146,0,31,115,68,2
2026-10-23,S03,P102,176,167,42,134,93,2
2026-10-23,S03,P103,89,0,49,40,83,4
2026-10-23,S03,P104,117,0,29,88,63,1
2026-10-23,S03,P105,0,0,0,0,63,2
2026-10-23,S03,P106,124,0,41,83,84,4
2026-10-23,S03,P201,165,165,46,119,83,4
2026-10-23,S03,P202,0,0,0,0,75,4
2026-10-23,S03,P203,0,0,0,0,40,3
2026-10-23,S03,P204,176,0,48,128,89,2
2026-10-23,S03,P205,0,0,0,0,22,4
2026-10-23,S03,P206,93,0,39,54,67,4
2026-10-23,S03,P207,186,186,26,160,83,3
2026-10-23,S03,P301,188,132,35,153,59,1
2026-10-23,S03,P302,129,0,30,99,65,2
2026-10-23,S03,P303,239,239,34,205,86,3
2026-10-23,S03,P304,28,0,28,0,51,2
2026-10-23,S03,P305,306,248,46,260,81,1
2026-10-23,S03,P306,0,0,0,0,75,3
2026-10-23,S03,P330,177,152,41,136,66,1
2026-10-23,S03,P401,0,0,0,0,34,4
2026-10-23,S03,P402,24,0,15,9,33,4
2026-10-23,S03,P403,90,0,13,77,33,1
2026-10-23,S03,P404,66,0,12,54,23,2
2026-10-23,S03,P405,78,65,8,70,27,1
2026-10-23,S03,P406,24,0,22,2,35,3
2026-10-23,S03,P407,11,0,11,0,32,2
2026-10-23,S03,P442,209,184,30,179,72,1
2026-10-23,S03,P501,8,0,7,1,14,2
2026-10-23,S03,P502,47,47,8,39,22,4
2026-10-23,S03,P503,52,52,10,42,24,3
2026-10-23,S03,P504,0,0,0,0,16,4
2026-10-23,S03,P505,37,0,7,30,17,2
2026-10-23,S03,P601,51,46,10,41,18,1
2026-10-23,S03,P602,55,50,6,49,16,1
2026-10-23,S03,P603,20,0,6,14,13,4
2026-10-23,S03,P604,46,46,10,36,24,4
2026-10-23,S03,P605,10,0,10,0,19,4
2026-10-23,S03,P701,33,0,10,23,18,3
2026-10-23,S03,P702,51,51,11,40,17,4
2026-10-23,S03,P703,38,0,10,28,17,4
2026-10-23,S03,P704,92,75,13,79,26,1
2026-10-23,S03,P801,83,0,12,71,41,1
2026-10-23,S03,P802,47,0,18,29,36,3
2026-10-23,S03,P803,43,0,16,27,43,3
2026-10-23,S03,P901,193,172,45,148,65,1
2026-10-23,S03,P902,49,49,8,41,16,4
2026-10-23,S04,P101,10,0,10,0,95,4
2026-10-23,S04,P102,0,0,0,0,113,3
2026-10-23,S04,P103,121,0,62,59,105,4
2026-10-23,S04,P104,22,0,22,0,114,4
2026-10-23,S04,P105,144,0,65,79,145,3
2026-10-23,S04,P106,132,0,44,88,101,1
2026-10-23,S04,P201,226,0,69,157,96,1
2026-10-23,S04,P202,164,0,48,116,98,4
2026-10-23,S04,P203,141,0,60,81,99,3
2026-10-23,S04,P204,0,0,0,0,110,3
2026-10-23,S04,P205,62,0,11,51,27,4
2026-10-23,S04,P206,3,0,3,0,83,4
2026-10-23,S04,P207,138,0,72,66,114,4
2026-10-23,S04,P301,31,0,26,5,62,3
2026-10-23,S04,P302,173,0,33,140,85,1
2026-10-23,S04,P303,16,0,16,0,90,3
2026-10-23,S04,P304,124,0,57,67,79,2
2026-10-23,S04,P305,3,0,3,0,78,4
2026-10-23,S04,P306,12,0,12,0,127,3
2026-10-23,S04,P330,193,193,40,153,86,4
2026-10-23,S04,P401,205,173,33,172,73,1
2026-10-23,S04,P402,80,0,32,48,64,1
2026-10-23,S04,P403,109,83,15,94,44,1
2026-10-23,S04,P404,65,0,27,38,56,3
2026-10-23,S04,P405,61,0,27,34,53,2
2026-10-23,S04,P406,51,0,22,29,46,2
2026-10-23,S04,P407,80,0,24,56,57,3
2026-10-23,S04,P442,201,201,35,166,64,2
2026-10-23,S04,P501,19,0,13,6,29,2
2026-10-23,S04,P502,29,0,10,19,32,3
2026-10-23,S04,P503,99,94,11,88,34,2
2026-10-23,S04,P504,52,0,20,32,28,1
2026-10-23,S04,P505,61,49,12,49,25,1
2026-10-23,S04,P601,22,0,20,2,38,3
2026-10-23,S04,P602,101,79,16,85,30,1
2026-10-23,S04,P603,51,0,12,39,26,1
2026-10-23,S04,P604,35,0,13,22,25,1
2026-10-23,S04,P605,0,0,0,0,34,4
2026-10-23,S04,P701,16,0,16,0,41,2
2026-10-23,S04,P702,0,0,0,0,31,4
2026-10-23,S04,P703,22,0,16,6,45,3
2026-10-23,S04,P704,67,48,16,51,26,1
2026-10-23,S04,P801,54,0,24,30,64,3
2026-10-23,S04,P802,65,0,28,37,55,3
2026-10-23,S04,P803,34,0,24,10,38,3
2026-10-23,S04,P901,90,0,37,53,80,3
2026-10-23,S04,P902,61,61,16,45,26,2
2026-10-23,S05,P101,59,0,48,11,92,3
2026-10-23,S05,P102,21,0,21,0,72,3
2026-10-23,S05,P103,67,0,42,25,76,2
2026-10-23,S05,P104,82,0,41,41,56,1
2026-10-23,S05,P105,100,0,29,71,63,4
2026-10-23,S05,P106,70,0,40,30,69,3
2026-10-23,S05,P201,85,0,27,58,51,4
2026-10-23,S05,P202,207,207,36,171,69,3
2026-10-23,S05,P203,197,184,37,160,80,2
2026-10-23,S05,P204,0,0,0,0,60,2
2026-10-23,S05,P205,0,0,0,0,19,4
2026-10-23,S05,P206,129,121,23,106,50,2
2026-10-23,S05,P207,0,0,0,0,55,4
2026-10-23,S05,P301,89,0,28,61,63,2
2026-10-23,S05,P302,20,0,20,0,70,3
2026-10-23,S05,P303,81,0,24,57,73,3
2026-10-23,S05,P304,75,0,34,41,53,3
2026-10-23,S05,P305,31,0,16,15,45,2
2026-10-23,S05,P306,68,0,46,22,64,2
2026-10-23,S05,P330,76,0,35,41,49,1
2026-10-23,S05,P401,24,0,9,15,21,3
2026-10-23,S05,P402,61,0,16,45,30,3
2026-10-23,S05,P403,85,0,14,71,39,1
2026-10-23,S05,P404,41,41,10,31,21,3
2026-10-23,S05,P405,57,57,10,47,21,3
2026-10-23,S05,P406,50,0,10,40,31,1
2026-10-23,S05,P407,64,0,11,53,30,1
2026-10-23,S05,P442,61,0,19,42,53,3
2026-10-23,S05,P501,0,0,0,0,13,4
2026-10-23,S05,P502,42,42,6,36,14,3
2026-10-23,S05,P503,28,0,8,20,11,3
2026-10-23,S05,P504,50,0,11,39,24,1
2026-10-23,S05,P505,30,0,8,22,17,2
2026-10-23,S05,P601,27,0,7,20,13,2
2026-10-23,S05,P602,23,0,9,14,15,4
2026-10-23,S05,P603,67,52,8,59,19,1
2026-10-23,S05,P604,9,0,8,1,15,3
2026-10-23,S05,P605,22,0,4,18,11,2
2026-10-23,S05,P701,43,0,15,28,18,1
2026-10-23,S05,P702,47,0,16,31,25,1
2026-10-23,S05,P703,92,74,15,77,21,1
2026-10-23,S05,P704,25,0,12,18,25,1
2026-10-23,S05,P801,85,0,15,70,44,3
2026-10-23,S05,P802,71,71,11,60,32,3
2026-10-23,S05,P803,101,0,31,70,46,1
2026-10-23,S05,P901,112,0,25,87,45,4
2026-10-23,S05,P902,32,0,4,28,16,4
2026-10-23,S06,P101,0,0,0,0,86,4
2026-10-23,S06,P102,191,0,46,145,101,1
2026-10-23,S06,P103,167,0,42,125,142,2
2026-10-23,S06,P104,171,171,37,134,81,4
2026-10-23,S06,P105,249,249,61,188,98,4
2026-10-23,S06,P106,36,0,36,0,117,3
2026-10-23,S06,P201,124,0,35,89,88,1
2026-10-23,S06,P202,120,120,29,91,65,3
2026-10-23,S06,P203,174,174,33,141,60,2
2026-10-23,S06,P204,196,0,43,153,108,2
2026-10-23,S06,P205,43,0,14,29,29,4
2026-10-23,S06,P206,0,0,0,0,87,4
2026-10-23,S06,P207,148,0,33,115,73,3
2026-10-23,S06,P301,203,0,27,176,96,1
2026-10-23,S06,P302,159,0,33,126,76,1
2026-10-23,S06,P303,62,0,60,2,81,3
2026-10-23,S06,P304,214,189,30,184,72,2
2026-10-23,S06,P305,180,0,43,137,90,1
2026-10-23,S06,P306,114,0,37,77,82,3
2026-10-23,S06,P330,173,0,46,127,85,2
2026-10-23,S06,P401,92,0,16,76,48,1
2026-10-23,S06,P402,35,0,20,15,34,2
2026-10-23,S06,P403,43,0,16,27,42,2
2026-10-23,S06,P404,0,0,0,0,51,3
2026-10-23,S06,P405,108,0,27,81,60,4
2026-10-23,S06,P406,43,0,16,27,34,3
2026-10-23,S06,P407,35,0,14,21,41,3
2026-10-23,S06,P442,69,0,46,23,88,2
2026-10-23,S06,P501,19,0,10,9,25,3
2026-10-23,S06,P502,100,0,14,86,38,2
2026-10-23,S06,P503,16,0,12,4,34,2
2026-10-23,S06,P504,37,0,11,26,20,3
2026-10-23,S06,P505,71,0,21,50,27,3
2026-10-23,S06,P601,53,0,11,42,18,1
2026-10-23,S06,P602,13,0,13,0,33,2
2026-10-23,S06,P603,19,0,16,3,24,3
2026-10-23,S06,P604,28,0,7,21,19,1
2026-10-23,S06,P605,89,89,12,77,31,3
2026-10-23,S06,P701,50,0,9,41,20,1
2026-10-23,S06,P702,0,0,0,0,37,3
2026-10-23,S06,P703,97,68,17,80,32,1
2026-10-23,S06,P704,27,0,14,13,29,2
2026-10-23,S06,P801,60,0,24,36,53,1
2026-10-23,S06,P802,128,0,53,75,76,1
2026-10-23,S06,P803,76,0,27,49,53,4
2026-10-23,S06,P901,63,0,43,20,86,2
2026-10-23,S06,P902,3,0,3,0,22,3
2026-10-24,S01,P101,95,0,72,23,121,3
2026-10-24,S01,P102,172,0,87,85,98,2
2026-10-24,S01,P103,167,0,80,87,164,4
2026-10-24,S01,P104,59,0,59,0,143,3
2026-10-24,S01,P105,41,0,41,0,124,4
2026-10-24,S01,P106,0,0,0,0,126,3
2026-10-24,S01,P201,265,265,57,208,89,3
2026-10-24,S01,P202,564,427,96,468,150,1
2026-10-24,S01,P203,235,0,90,145,159,3
2026-10-24,S01,P204,192,0,75,117,117,3
2026-10-24,S01,P205,93,67,19,74,27,1
2026-10-24,S01,P206,121,0,56,65,92,3
2026-10-24,S01,P207,217,0,65,152,111,3
2026-10-24,S01,P301,243,0,70,173,139,2
2026-10-24,S01,P302,55,0,55,0,106,2
2026-10-24,S01,P303,174,0,53,121,109,3
2026-10-24,S01,P304,39,0,39,0,74,3
2026-10-24,S01,P305,70,0,70,0,76,2
2026-10-24,S01,P306,228,0,42,186,83,1
2026-10-24,S01,P330,0,0,0,0,93,4
2026-10-24,S01,P401,113,0,36,77,71,2
2026-10-24,S01,P402,140,134,27,113,46,2
2026-10-24,S01,P403,59,0,30,29,46,3
2026-10-24,S01,P404,52,0,34,18,61,4
2026-10-24,S01,P405,25,0,25,0,43,4
2026-10-24,S01,P406,66,0,59,7,71,4
2026-10-24,S01,P407,114,0,36,78,55,1
2026-10-24,S01,P442,308,308,87,221,132,3
2026-10-24,S01,P501,109,109,28,81,41,3
2026-10-24,S01,P502,78,0,17,61,28,1
2026-10-24,S01,P503,112,0,22,90,40,1
2026-10-24,S01,P504,97,0,21,76,30,3
2026-10-24,S01,P505,70,70,33,37,37,4
2026-10-24,S01,P601,25,0,20,5,32,2
2026-10-24,S01,P602,35,0,22,13,37,2
2026-10-24,S01,P603,16,0,16,0,36,4
2026-10-24,S01,P604,40,0,17,23,23,2
2026-10-24,S01,P605,62,0,23,39,33,1
2026-10-24,S01,P701,77,77,22,55,36,2
2026-10-24,S01,P702,138,138,43,95,53,4
2026-10-24,S01,P703,123,0,31,92,47,1
2026-10-24,S01,P704,19,0,19,0,33,3
2026-10-24,S01,P801,95,0,42,53,60,4
2026-10-24,S01,P802,196,0,50,146,90,2
2026-10-24,S01,P803,115,0,46,69,59,2
2026-10-24,S01,P901,282,202,59,223,93,1
2026-10-24,S01,P902,118,0,31,87,36,1
2026-10-24,S02,P101,1036,1036,315,721,333,3
2026-10-24,S02,P102,619,0,307,312,347,1
2026-10-24,S02,P103,770,0,283,487,334,1
2026-10-24,S02,P104,803,635,163,640,268,1
2026-10-24,S02,P105,726,0,150,576,300,3
2026-10-24,S02,P106,554,528,208,346,294,2
2026-10-24,S02,P201,309,0,205,104,283,1
2026-10-24,S02,P202,352,0,203,149,316,1
2026-10-24,S02,P203,954,0,243,711,255,1
2026-10-24,S02,P204,489,0,160,329,215,4
2026-10-24,S02,P205,149,0,73,76,116,2
2026-10-24,S02,P206,226,0,156,70,196,3
2026-10-24,S02,P207,528,0,204,324,307,1
2026-10-24,S02,P301,489,0,130,359,177,1
2026-10-24,S02,P302,816,680,203,613,326,2
2026-10-24,S02,P303,281,0,167,114,224,1
2026-10-24,S02,P304,847,0,165,682,325,1
2026-10-24,S02,P305,730,730,206,524,329,4
2026-10-24,S02,P306,479,0,209,270,214,4
2026-10-24,S02,P330,262,0,234,28,277,3
2026-10-24,S02,P401,154,0,80,74,111,3
2026-10-24,S02,P402,287,285,66,221,103,2
2026-10-24,S02,P403,113,0,79,34,114,4
2026-10-24,S02,P404,219,0,75,144,136,3
2026-10-24,S02,P405,122,0,95,27,164,3
2026-10-24,S02,P406,0,0,0,0,151,4
2026-10-24,S02,P407,108,0,108,0,189,2
2026-10-24,S02,P442,571,0,127,444,238,2
2026-10-24,S02,P501,41,0,41,0,80,4
2026-10-24,S02,P502,0,0,0,0,126,4
2026-10-24,S02,P503,240,240,71,169,106,3
2026-10-24,S02,P504,113,0,43,70,72,1
2026-10-24,S02,P505,224,224,43,181,73,4
2026-10-24,S02,P601,158,0,39,119,61,1
2026-10-24,S02,P602,342,260,59,283,99,1
2026-10-24,S02,P603,268,0,63,205,77,1
2026-10-24,S02,P604,62,0,60,2,84,4
2026-10-24,S02,P605,141,141,34,107,56,3
2026-10-24,S02,P701,208,0,66,142,101,2
2026-10-24,S02,P702,102,0,63,39,82,2
2026-10-24,S02,P703,90,0,52,38,78,2
2026-10-24,S02,P704,232,0,65,167,80,1
2026-10-24,S02,P801,123,0,108,13,134,3
2026-10-24,S02,P802,0,0,0,0,129,3
2026-10-24,S02,P803,466,375,102,364,194,2
2026-10-24,S02,P901,560,560,195,365,261,3
2026-10-24,S02,P902,146,0,40,106,57,2
2026-10-24,S03,P101,115,0,48,67,68,2
2026-10-24,S03,P102,134,0,64,70,93,2
2026-10-24,S03,P103,40,0,40,0,83,4
2026-10-24,S03,P104,88,0,49,39,63,1
2026-10-24,S03,P105,121,121,46,75,63,2
2026-10-24,S03,P106,83,0,60,23,84,4
2026-10-24,S03,P201,119,0,58,61,83,4
2026-10-24,S03,P202,222,222,40,182,75,4
2026-10-24,S03,P203,152,152,40,112,40,3
2026-10-24,S03,P204,128,0,64,64,89,2
2026-10-24,S03,P205,49,49,11,38,22,4
2026-10-24,S03,P206,54,0,54,0,67,4
2026-10-24,S03,P207,160,0,48,112,83,3
2026-10-24,S03,P301,153,0,46,107,59,1
2026-10-24,S03,P302,99,0,38,61,65,2
2026-10-24,S03,P303,205,0,45,160,86,3
2026-10-24,S03,P304,140,140,38,102,51,2
2026-10-24,S03,P305,260,0,57,203,81,1
2026-10-24,S03,P306,193,193,53,140,75,3
2026-10-24,S03,P330,136,0,37,99,66,1
2026-10-24,S03,P401,0,0,0,0,34,4
2026-10-24,S03,P402,9,0,9,0,33,4
2026-10-24,S03,P403,77,0,27,50,33,1
2026-10-24,S03,P404,54,0,17,37,23,2
2026-10-24,S03,P405,70,0,15,55,27,1
2026-10-24,S03,P406,2,0,2,0,35,3
2026-10-24,S03,P407,95,95,15,80,32,2
2026-10-24,S03,P442,179,0,43,136,72,1
2026-10-24,S03,P501,41,40,11,30,14,2
2026-10-24,S03,P502,39,0,9,30,22,4
2026-10-24,S03,P503,42,0,13,29,24,3
2026-10-24,S03,P504,0,0,0,0,16,4
2026-10-24,S03,P505,30,0,9,21,17,2
2026-10-24,S03,P601,41,0,14,27,18,1
2026-10-24,S03,P602,49,0,11,38,16,1
2026-10-24,S03,P603,14,0,9,5,13,4
2026-10-24,S03,P604,36,0,12,24,24,4
2026-10-24,S03,P605,0,0,0,0,19,4
2026-10-24,S03,P701,23,0,10,13,18,3
2026-10-24,S03,P702,40,0,13,27,17,4
2026-10-24,S03,P703,28,0,13,15,17,4
2026-10-24,S03,P704,79,0,16,63,26,1
2026-10-24,S03,P801,71,0,42,29,41,1
2026-10-24,S03,P802,29,0,28,1,36,3
2026-10-24,S03,P803,27,0,23,4,43,3
2026-10-24,S03,P901,148,0,47,101,65,1
2026-10-24,S03,P902,41,0,11,30,16,4
2026-10-24,S04,P101,0,0,0,0,95,4
2026-10-24,S04,P102,281,281,77,204,113,3
2026-10-24,S04,P103,59,0,53,6,105,4
2026-10-24,S04,P104,0,0,0,0,114,4
2026-10-24,S04,P105,79,0,79,0,145,3
2026-10-24,S04,P106,316,228,65,251,101,1
2026-10-24,S04,P201,157,0,53,104,96,1
2026-10-24,S04,P202,116,0,66,50,98,4
2026-10-24,S04,P203,81,0,62,19,99,3
2026-10-24,S04,P204,337,337,67,270,110,3
2026-10-24,S04,P205,51,0,16,35,27,4
2026-10-24,S04,P206,0,0,0,0,83,4
2026-10-24,S04,P207,66,0,66,0,114,4
2026-10-24,S04,P301,5,0,5,0,62,3
2026-10-24,S04,P302,140,0,46,94,85,1
2026-10-24,S04,P303,0,0,0,0,90,3
2026-10-24,S04,P304,67,0,51,16,79,2
2026-10-24,S04,P305,0,0,0,0,78,4
2026-10-24,S04,P306,0,0,0,0,127,3
2026-10-24,S04,P330,153,0,70,83,86,4
2026-10-24,S04,P401,172,0,37,135,73,1
2026-10-24,S04,P402,180,132,31,149,64,1
2026-10-24,S04,P403,94,0,19,75,44,1
2026-10-24,S04,P404,38,0,32,6,56,3
2026-10-24,S04,P405,34,0,30,4,53,2
2026-10-24,S04,P406,29,0,29,0,46,2
2026-10-24,S04,P407,56,0,36,20,57,3
2026-10-24,S04,P442,166,0,45,121,64,2
2026-10-24,S04,P501,100,94,21,79,29,2
2026-10-24,S04,P502,19,0,16,3,32,3
2026-10-24,S04,P503,88,0,26,62,34,2
2026-10-24,S04,P504,32,0,17,15,28,1
2026-10-24,S04,P505,49,0,19,30,25,1
2026-10-24,S04,P601,2,0,2,0,38,3
2026-10-24,S04,P602,85,0,17,68,30,1
2026-10-24,S04,P603,39,0,12,27,26,1
2026-10-24,S04,P604,108,86,20,88,25,1
2026-10-24,S04,P605,74,74,18,56,34,4
2026-10-24,S04,P701,78,78,28,50,41,2
2026-10-24,S04,P702,86,86,17,69,31,4
2026-10-24,S04,P703,6,0,6,0,45,3
2026-10-24,S04,P704,51,0,22,29,26,1
2026-10-24,S04,P801,30,0,30,0,64,3
2026-10-24,S04,P802,37,0,26,16,55,3
2026-10-24,S04,P803,10,0,10,0,38,3
2026-10-24,S04,P901,53,0,52,1,80,3
2026-10-24,S04,P902,45,0,21,24,26,2
2026-10-24,S05,P101,11,0,11,0,92,3
2026-10-24,S05,P102,0,0,0,0,72,3
2026-10-24,S05,P103,167,142,57,110,76,2
2026-10-24,S05,P104,225,184,42,183,56,1
2026-10-24,S05,P105,71,0,58,13,63,4
2026-10-24,S05,P106,30,0,30,0,69,3
2026-10-24,S05,P201,58,0,46,12,51,4
2026-10-24,S05,P202,171,0,61,110,69,3
2026-10-24,S05,P203,160,0,61,99,80,2
2026-10-24,S05,P204,126,126,46,80,60,2
2026-10-24,S05,P205,0,0,0,0,19,4
2026-10-24,S05,P206,106,0,33,73,50,2
2026-10-24,S05,P207,0,0,0,0,55,4
2026-10-24,S05,P301,61,0,37,24,63,2
2026-10-24,S05,P302,205,205,45,160,70,3
2026-10-24,S05,P303,57,0,57,0,73,3
2026-10-24,S05,P304,41,0,41,0,53,3
2026-10-24,S05,P305,141,126,20,121,45,2
2026-10-24,S05,P306,22,0,22,0,64,2
2026-10-24,S05,P330,195,154,44,151,49,1
2026-10-24,S05,P401,15,0,13,2,21,3
2026-10-24,S05,P402,45,0,25,20,30,3
2026-10-24,S05,P403,71,0,25,46,39,1
2026-10-24,S05,P404,31,0,13,18,21,3
2026-10-24,S05,P405,47,0,12,35,21,3
2026-10-24,S05,P406,40,0,16,24,31,1
2026-10-24,S05,P407,53,0,17,36,30,1
2026-10-24,S05,P442,42,0,37,5,53,3
2026-10-24,S05,P501,39,39,8,31,13,4
2026-10-24,S05,P502,36,0,10,26,14,3
2026-10-24,S05,P503,20,0,6,14,11,3
2026-10-24,S05,P504,39,0,13,26,24,1
2026-10-24,S05,P505,22,0,12,10,17,2
2026-10-24,S05,P601,20,0,9,11,13,2
2026-10-24,S05,P602,14,0,11,3,15,4
2026-10-24,S05,P603,59,0,11,48,19,1
2026-10-24,S05,P604,1,0,1,0,15,3
2026-10-24,S05,P605,18,0,6,12,11,2
2026-10-24,S05,P701,28,0,19,9,18,1
2026-10-24,S05,P702,31,0,17,14,25,1
2026-10-24,S05,P703,77,0,19,61,21,1
2026-10-24,S05,P704,57,44,29,28,25,1
2026-10-24,S05,P801,70,0,31,39,44,3
2026-10-24,S05,P802,60,0,23,37,32,3
2026-10-24,S05,P803,70,0,30,40,46,1
2026-10-24,S05,P901,87,0,26,61,45,4
2026-10-24,S05,P902,28,0,10,18,16,4
2026-10-24,S06,P101,248,248,55,193,86,4
2026-10-24,S06,P102,145,0,54,91,101,1
2026-10-24,S06,P103,125,0,81,44,142,2
2026-10-24,S06,P104,134,0,48,86,81,4
2026-10-24,S06,P105,188,0,72,116,98,4
2026-10-24,S06,P106,0,0,0,0,117,3
2026-10-24,S06,P201,89,0,50,39,88,1
2026-10-24,S06,P202,91,0,52,39,65,3
2026-10-24,S06,P203,141,0,42,99,60,2
2026-10-24,S06,P204,153,0,67,86,108,2
2026-10-24,S06,P205,29,0,17,12,29,4
2026-10-24,S06,P206,0,0,0,0,87,4
2026-10-24,S06,P207,115,0,49,66,73,3
2026-10-24,S06,P301,176,0,68,108,96,1
2026-10-24,S06,P302,126,0,61,65,76,1
2026-10-24,S06,P303,2,0,2,0,81,3
2026-10-24,S06,P304,184,0,34,150,72,2
2026-10-24,S06,P305,137,0,61,76,90,1
2026-10-24,S06,P306,77,0,47,30,82,3
2026-10-24,S06,P330,127,0,59,68,85,2
2026-10-24,S06,P401,76,0,26,50,48,1
2026-10-24,S06,P402,15,0,15,0,34,2
2026-10-24,S06,P403,27,0,27,0,42,2
2026-10-24,S06,P404,93,93,36,57,51,3
2026-10-24,S06,P405,81,0,32,49,60,4
2026-10-24,S06,P406,27,0,24,3,34,3
2026-10-24,S06,P407,21,0,21,0,41,3
2026-10-24,S06,P442,273,250,58,215,88,2
2026-10-24,S06,P501,9,0,9,0,25,3
2026-10-24,S06,P502,86,0,20,66,38,2
2026-10-24,S06,P503,94,90,18,76,34,2
2026-10-24,S06,P504,26,0,11,15,20,3
2026-10-24,S06,P505,50,0,18,32,27,3
2026-10-24,S06,P601,42,0,12,30,18,1
2026-10-24,S06,P602,95,95,23,72,33,2
2026-10-24,S06,P603,3,0,3,0,24,3
2026-10-24,S06,P604,21,0,8,13,19,1
2026-10-24,S06,P605,77,0,16,61,31,3
2026-10-24,S06,P701,41,0,13,28,20,1
2026-10-24,S06,P702,77,77,17,60,37,3
2026-10-24,S06,P703,80,0,20,60,32,1
2026-10-24,S06,P704,85,72,13,72,29,2
2026-10-24,S06,P801,140,104,37,103,53,1
2026-10-24,S06,P802,278,203,36,242,76,1
2026-10-24,S06,P803,49,0,44,5,53,4
2026-10-24,S06,P901,263,243,49,214,86,2
2026-10-24,S06,P902,65,65,13,52,22,3
2026-10-25,S01,P101,23,0,23,0,121,3
2026-10-25,S01,P102,85,0,85,0,98,2
2026-10-25,S01,P103,87,0,87,0,164,4
2026-10-25,S01,P104,386,386,119,267,143,3
2026-10-25,S01,P105,0,0,0,0,124,4
2026-10-25,S01,P106,354,354,127,227,126,3
2026-10-25,S01,P201,208,0,66,142,89,3
2026-10-25,S01,P202,468,0,141,327,150,1
2026-10-25,S01,P203,145,0,145,0,159,3
2026-10-25,S01,P204,117,0,117,0,117,3
2026-10-25,S01,P205,74,0,29,45,27,1
2026-10-25,S01,P206,65,0,65,0,92,3
2026-10-25,S01,P207,152,0,105,47,111,3
2026-10-25,S01,P301,173,0,107,66,139,2
2026-10-25,S01,P302,337,337,99,238,106,2
2026-10-25,S01,P303,121,0,117,4,109,3
2026-10-25,S01,P304,242,242,114,128,74,3
2026-10-25,S01,P305,247,247,75,172,76,2
2026-10-25,S01,P306,186,0,68,118,83,1
2026-10-25,S01,P330,180,180,85,95,93,4
2026-10-25,S01,P401,77,0,60,17,71,2
2026-10-25,S01,P402,113,0,44,69,46,2
2026-10-25,S01,P403,29,0,29,0,46,3
2026-10-25,S01,P404,18,0,18,0,61,4
2026-10-25,S01,P405,0,0,0,0,43,4
2026-10-25,S01,P406,7,0,7,0,71,4
2026-10-25,S01,P407,78,0,70,8,55,1
2026-10-25,S01,P442,221,0,118,103,132,3
2026-10-25,S01,P501,81,0,41,40,41,3
2026-10-25,S01,P502,61,0,28,33,28,1
2026-10-25,S01,P503,90,0,43,47,40,1
2026-10-25,S01,P504,76,0,39,37,30,3
2026-10-25,S01,P505,37,0,36,1,37,4
2026-10-25,S01,P601,103,98,25,78,32,2
2026-10-25,S01,P602,118,105,29,89,37,2
2026-10-25,S01,P603,0,0,0,0,36,4
2026-10-25,S01,P604,23,0,23,0,23,2
2026-10-25,S01,P605,39,0,39,0,33,1
2026-10-25,S01,P701,55,0,37,18,36,2
2026-10-25,S01,P702,95,0,58,37,53,4
2026-10-25,S01,P703,92,0,50,42,47,1
2026-10-25,S01,P704,0,0,0,0,33,3
2026-10-25,S01,P801,53,0,53,0,60,4
2026-10-25,S01,P802,146,0,66,80,90,2
2026-10-25,S01,P803,69,0,48,21,59,2
2026-10-25,S01,P901,223,0,74,149,93,1
2026-10-25,S01,P902,87,0,35,52,36,1
2026-10-25,S02,P101,721,0,339,382,333,3
2026-10-25,S02,P102,1091,779,481,610,347,1
2026-10-25,S02,P103,487,0,456,31,334,1
2026-10-25,S02,P104,640,0,376,264,268,1
2026-10-25,S02,P105,576,0,325,251,300,3
2026-10-25,S02,P106,346,0,262,84,294,2
2026-10-25,S02,P201,903,799,228,675,283,1
2026-10-25,S02,P202,875,726,316,559,316,1
2026-10-25,S02,P203,711,0,280,431,255,1
2026-10-25,S02,P204,329,0,236,93,215,4
2026-10-25,S02,P205,76,0,76,0,116,2
2026-10-25,S02,P206,70,0,70,0,196,3
2026-10-25,S02,P207,324,0,306,18,307,1
2026-10-25,S02,P301,359,0,235,124,177,1
2026-10-25,S02,P302,613,0,244,369,326,2
2026-10-25,S02,P303,581,467,178,403,224,1
2026-10-25,S02,P304,682,0,338,344,325,1
2026-10-25,S02,P305,524,0,337,187,329,4
2026-10-25,S02,P306,270,0,270,0,214,4
2026-10-25,S02,P330,28,0,28,0,277,3
2026-10-25,S02,P401,74,0,74,0,111,3
2026-10-25,S02,P402,221,0,88,133,103,2
2026-10-25,S02,P403,34,0,34,0,114,4
2026-10-25,S02,P404,144,0,136,8,136,3
2026-10-25,S02,P405,27,0,27,0,164,3
2026-10-25,S02,P406,410,410,137,273,151,4
2026-10-25,S02,P407,358,358,154,204,189,2
2026-10-25,S02,P442,444,0,163,281,238,2
2026-10-25,S02,P501,0,0,0,0,80,4
2026-10-25,S02,P502,228,228,108,120,126,4
2026-10-25,S02,P503,169,0,112,57,106,3
2026-10-25,S02,P504,212,142,71,141,72,1
2026-10-25,S02,P505,181,0,79,102,73,4
2026-10-25,S02,P601,119,0,50,69,61,1
2026-10-25,S02,P602,283,0,116,167,99,1
2026-10-25,S02,P603,205,0,115,90,77,1
2026-10-25,S02,P604,2,0,2,0,84,4
2026-10-25,S02,P605,107,0,74,33,56,3
2026-10-25,S02,P701,142,0,109,33,101,2
2026-10-25,S02,P702,39,0,39,0,82,2
2026-10-25,S02,P703,38,0,38,0,78,2
2026-10-25,S02,P704,167,0,101,66,80,1
2026-10-25,S02,P801,15,0,15,0,134,3
2026-10-25,S02,P802,455,455,156,299,129,3
2026-10-25,S02,P803,364,0,149,215,194,2
2026-10-25,S02,P901,365,0,341,24,261,3
2026-10-25,S02,P902,106,0,76,30,57,2
2026-10-25,S03,P101,67,0,64,3,68,2
2026-10-25,S03,P102,70,0,70,0,93,2
2026-10-25,S03,P103,0,0,0,0,83,4
2026-10-25,S03,P104,222,183,63,159,63,1
2026-10-25,S03,P105,75,0,71,4,63,2
2026-10-25,S03,P106,23,0,23,0,84,4
2026-10-25,S03,P201,61,0,61,0,83,4
2026-10-25,S03,P202,182,0,68,119,75,4
2026-10-25,S03,P203,112,0,61,51,40,3
2026-10-25,S03,P204,64,0,64,0,89,2
2026-10-25,S03,P205,38,0,20,18,22,4
2026-10-25,S03,P206,0,0,0,0,67,4
2026-10-25,S03,P207,112,0,91,21,83,3
2026-10-25,S03,P301,107,0,47,60,59,1
2026-10-25,S03,P302,61,0,61,0,65,2
2026-10-25,S03,P303,160,0,76,84,86,3
2026-10-25,S03,P304,102,0,61,41,51,2
2026-10-25,S03,P305,203,0,88,115,81,1
2026-10-25,S03,P306,140,0,62,78,75,3
2026-10-25,S03,P330,99,0,71,28,66,1
2026-10-25,S03,P401,76,76,37,39,34,4
2026-10-25,S03,P402,0,0,0,0,33,4
2026-10-25,S03,P403,50,0,29,21,33,1
2026-10-25,S03,P404,37,0,25,12,23,2
2026-10-25,S03,P405,55,0,25,30,27,1
2026-10-25,S03,P406,94,94,34,60,35,3
2026-10-25,S03,P407,80,0,30,50,32,2
2026-10-25,S03,P442,136,0,62,74,72,1
2026-10-25,S03,P501,30,0,16,14,14,2
2026-10-25,S03,P502,30,0,21,9,22,4
2026-10-25,S03,P503,29,0,17,12,24,3
2026-10-25,S03,P504,36,36,19,17,16,4
2026-10-25,S03,P505,21,0,11,10,17,2
2026-10-25,S03,P601,27,0,17,10,18,1
2026-10-25,S03,P602,38,0,15,23,16,1
2026-10-25,S03,P603,5,0,5,0,13,4
2026-10-25,S03,P604,24,0,20,4,24,4
2026-10-25,S03,P605,0,0,0,0,19,4
2026-10-25,S03,P701,13,0,13,0,18,3
2026-10-25,S03,P702,27,0,23,4,17,4
2026-10-25,S03,P703,15,0,15,0,17,4
2026-10-25,S03,P704,63,0,25,38,26,1
2026-10-25,S03,P801,163,134,41,122,41,1
2026-10-25,S03,P802,1,0,1,0,36,3
2026-10-25,S03,P803,4,0,4,5,43,3
2026-10-25,S03,P901,101,0,76,25,65,1
2026-10-25,S03,P902,30,0,15,15,16,4
2026-10-25,S04,P101,195,195,106,85,95,4
2026-10-25,S04,P102,204,0,125,79,113,3
2026-10-25,S04,P103,6,0,6,0,105,4
2026-10-25,S04,P104,313,313,98,215,114,4
2026-10-25,S04,P105,340,340,140,200,145,3
2026-10-25,S04,P106,251,0,75,176,101,1
2026-10-25,S04,P201,104,0,104,0,96,1
2026-10-25,S04,P202,50,0,50,0,98,4
2026-10-25,S04,P203,19,0,19,0,99,3
2026-10-25,S04,P204,270,0,140,130,110,3
2026-10-25,S04,P205,35,0,35,0,27,4
2026-10-25,S04,P206,264,264,75,189,83,4
2026-10-25,S04,P207,0,0,0,0,114,4
2026-10-25,S04,P301,143,143,56,87,62,3
2026-10-25,S04,P302,94,0,84,10,85,1
2026-10-25,S04,P303,237,237,90,143,90,3
2026-10-25,S04,P304,265,249,113,152,79,2
2026-10-25,S04,P305,167,167,94,73,78,4
2026-10-25,S04,P306,220,220,124,96,127,3
2026-10-25,S04,P330,83,0,73,10,86,4
2026-10-25,S04,P401,135,0,68,67,73,1
2026-10-25,S04,P402,149,0,69,80,64,1
2026-10-25,S04,P403,75,0,37,38,44,1
2026-10-25,S04,P404,6,0,6,0,56,3
2026-10-25,S04,P405,148,144,50,98,53,2
2026-10-25,S04,P406,129,129,50,79,46,2
2026-10-25,S04,P407,20,0,20,0,57,3
2026-10-25,S04,P442,121,0,44,77,64,2
2026-10-25,S04,P501,79,0,37,42,29,2
2026-10-25,S04,P502,66,63,29,37,32,3
2026-10-25,S04,P503,62,0,30,32,34,2
2026-10-25,S04,P504,91,76,29,62,28,1
2026-10-25,S04,P505,30,0,24,6,25,1
2026-10-25,S04,P601,103,103,27,76,38,3
2026-10-25,S04,P602,68,0,22,46,30,1
2026-10-25,S04,P603,27,0,27,0,26,1
2026-10-25,S04,P604,88,0,23,65,25,1
2026-10-25,S04,P605,56,0,28,28,34,4
2026-10-25,S04,P701,50,0,35,15,41,2
2026-10-25,S04,P702,69,0,29,40,31,4
2026-10-25,S04,P703,124,124,39,85,45,3
2026-10-25,S04,P704,29,0,19,10,26,1
2026-10-25,S04,P801,167,167,59,108,64,3
2026-10-25,S04,P802,11,0,11,0,55,3
2026-10-25,S04,P803,88,88,52,36,38,3
2026-10-25,S04,P901,1,0,1,0,80,3
2026-10-25,S04,P902,24,0,24,0,26,2
2026-10-25,S05,P101,214,214,70,144,92,3
2026-10-25,S05,P102,192,192,94,98,72,3
2026-10-25,S05,P103,110,0,76,34,76,2
2026-10-25,S05,P104,183,0,68,115,56,1
2026-10-25,S05,P105,13,0,13,0,63,4
2026-10-25,S05,P106,0,0,0,0,69,3
2026-10-25,S05,P201,12,0,12,0,51,4
2026-10-25,S05,P202,110,0,80,30,69,3
2026-10-25,S05,P203,99,0,92,7,80,2
2026-10-25,S05,P204,80,0,79,1,60,2
2026-10-25,S05,P205,39,39,18,21,19,4
2026-10-25,S05,P206,73,0,52,21,50,2
2026-10-25,S05,P207,168,168,87,81,55,4
2026-10-25,S05,P301,136,112,49,87,63,2
2026-10-25,S05,P302,160,0,56,104,70,3
2026-10-25,S05,P303,0,0,0,0,73,3
2026-10-25,S05,P304,0,0,0,0,53,3
2026-10-25,S05,P305,121,0,42,79,45,2
2026-10-25,S05,P306,200,200,100,100,64,2
2026-10-25,S05,P330,151,0,54,97,49,1
2026-10-25,S05,P401,2,0,2,0,21,3
2026-10-25,S05,P402,20,0,20,0,30,3
2026-10-25,S05,P403,46,0,39,7,39,1
2026-10-25,S05,P404,18,0,18,0,21,3
2026-10-25,S05,P405,35,0,19,16,21,3
2026-10-25,S05,P406,86,62,28,58,31,1
2026-10-25,S05,P407,36,0,35,1,30,1
2026-10-25,S05,P442,5,0,5,0,53,3
2026-10-25,S05,P501,31,0,12,19,13,4
2026-10-25,S05,P502,26,0,16,10,14,3
2026-10-25,S05,P503,14,0,11,3,11,3
2026-10-25,S05,P504,26,0,22,4,24,1
2026-10-25,S05,P505,10,0,10,0,17,2
2026-10-25,S05,P601,11,0,11,0,13,2
2026-10-25,S05,P602,3,0,3,0,15,4
2026-10-25,S05,P603,48,0,17,31,19,1
2026-10-25,S05,P604,29,29,17,12,15,3
2026-10-25,S05,P605,12,0,12,0,11,2
2026-10-25,S05,P701,71,62,19,52,18,1
2026-10-25,S05,P702,64,50,26,38,25,1
2026-10-25,S05,P703,58,0,30,28,21,1
2026-10-25,S05,P704,28,0,20,8,25,1
2026-10-25,S05,P801,39,0,39,0,44,3
2026-10-25,S05,P802,37,0,24,13,32,3
2026-10-25,S05,P803,155,115,72,83,46,1
2026-10-25,S05,P901,61,0,61,0,45,4
2026-10-25,S05,P902,18,0,13,5,16,4
2026-10-25,S06,P101,193,0,74,119,86,4
2026-10-25,S06,P102,346,255,102,244,101,1
2026-10-25,S06,P103,434,390,112,322,142,2
2026-10-25,S06,P104,86,0,86,0,81,4
2026-10-25,S06,P105,116,0,110,6,98,4
2026-10-25,S06,P106,249,249,85,164,117,3
2026-10-25,S06,P201,243,204,72,171,88,1
2026-10-25,S06,P202,39,0,39,0,65,3
2026-10-25,S06,P203,99,0,58,41,60,2
2026-10-25,S06,P204,86,0,86,0,108,2
2026-10-25,S06,P205,12,0,12,0,29,4
2026-10-25,S06,P206,278,278,92,186,87,4
2026-10-25,S06,P207,66,0,66,0,73,3
2026-10-25,S06,P301,108,0,93,15,96,1
2026-10-25,S06,P302,289,224,115,174,76,1
2026-10-25,S06,P303,221,221,95,126,81,3
2026-10-25,S06,P304,150,0,57,93,72,2
2026-10-25,S06,P305,264,188,99,165,90,1
2026-10-25,S06,P306,30,0,30,0,82,3
2026-10-25,S06,P330,68,0,66,2,85,2
2026-10-25,S06,P401,50,0,49,1,48,1
2026-10-25,S06,P402,111,111,38,73,34,2
2026-10-25,S06,P403,82,82,34,48,42,2
2026-10-25,S06,P404,57,0,35,22,51,3
2026-10-25,S06,P405,49,0,45,4,60,4
2026-10-25,S06,P406,3,0,3,0,34,3
2026-10-25,S06,P407,103,103,34,69,41,3
2026-10-25,S06,P442,215,0,97,118,88,2
2026-10-25,S06,P501,55,55,19,36,25,3
2026-10-25,S06,P502,66,0,34,32,38,2
2026-10-25,S06,P503,76,0,31,45,34,2
2026-10-25,S06,P504,15,0,15,0,20,3
2026-10-25,S06,P505,32,0,32,0,27,3
2026-10-25,S06,P601,30,0,16,14,18,1
2026-10-25,S06,P602,72,0,30,42,33,2
2026-10-25,S06,P603,66,66,17,49,24,3
2026-10-25,S06,P604,47,34,22,25,19,1
2026-10-25,S06,P605,61,0,35,26,31,3
2026-10-25,S06,P701,28,0,21,7,20,1
2026-10-25,S06,P702,60,0,26,34,37,3
2026-10-25,S06,P703,60,0,41,19,32,1
2026-10-25,S06,P704,72,0,27,45,29,2
2026-10-25,S06,P801,103,0,61,42,53,1
2026-10-25,S06,P802,242,0,67,175,76,1
2026-10-25,S06,P803,5,0,5,0,53,4
2026-10-25,S06,P901,214,0,66,148,86,2
2026-10-25,S06,P902,52,0,21,31,22,3
2026-10-26,S01,P101,228,228,46,182,121,3
2026-10-26,S01,P102,331,331,60,274,98,2
2026-10-26,S01,P103,0,0,0,0,164,4
2026-10-26,S01,P104,267,0,56,211,143,3
2026-10-26,S01,P105,344,344,37,307,124,4
2026-10-26,S01,P106,227,0,72,155,126,3
2026-10-26,S01,P201,142,0,32,110,89,3
2026-10-26,S01,P202,327,0,54,273,150,1
2026-10-26,S01,P203,0,0,0,0,159,3
2026-10-26,S01,P204,0,0,0,0,117,3
2026-10-26,S01,P205,45,0,8,37,27,1
2026-10-26,S01,P206,0,0,0,0,92,3
2026-10-26,S01,P207,47,0,47,0,111,3
2026-10-26,S01,P301,66,0,43,23,139,2
2026-10-26,S01,P302,238,0,50,188,106,2
2026-10-26,S01,P303,4,0,4,0,109,3
2026-10-26,S01,P304,128,0,35,93,74,3
2026-10-26,S01,P305,172,0,43,127,76,2
2026-10-26,S01,P306,118,0,28,90,83,1
2026-10-26,S01,P330,95,0,26,69,93,4
2026-10-26,S01,P401,17,0,17,0,71,2
2026-10-26,S01,P402,69,0,14,55,46,2
2026-10-26,S01,P403,0,0,0,0,46,3
2026-10-26,S01,P404,0,0,0,0,61,4
2026-10-26,S01,P405,0,0,0,0,43,4
2026-10-26,S01,P406,0,0,0,0,71,4
2026-10-26,S01,P407,204,196,30,174,55,1
2026-10-26,S01,P442,103,0,65,38,132,3
2026-10-26,S01,P501,40,0,15,25,41,3
2026-10-26,S01,P502,33,0,8,25,28,1
2026-10-26,S01,P503,47,0,22,25,40,1
2026-10-26,S01,P504,37,0,14,23,30,3
2026-10-26,S01,P505,1,0,1,0,37,4
2026-10-26,S01,P601,78,0,17,61,32,2
2026-10-26,S01,P602,89,0,13,76,37,2
2026-10-26,S01,P603,69,69,8,61,36,4
2026-10-26,S01,P604,0,0,0,0,23,2
2026-10-26,S01,P605,114,114,16,98,33,1
2026-10-26,S01,P701,18,0,18,0,36,2
2026-10-26,S01,P702,37,0,31,6,53,4
2026-10-26,S01,P703,180,138,21,159,47,1
2026-10-26,S01,P704,75,75,13,62,33,3
2026-10-26,S01,P801,0,0,0,0,60,4
2026-10-26,S01,P802,80,0,34,46,90,2
2026-10-26,S01,P803,21,0,21,0,59,2
2026-10-26,S01,P901,149,0,25,124,93,1
2026-10-26,S01,P902,52,0,14,38,36,1
2026-10-26,S02,P101,382,0,141,241,333,3
2026-10-26,S02,P102,610,0,101,509,347,1
2026-10-26,S02,P103,774,743,117,657,334,1
2026-10-26,S02,P104,877,613,103,774,268,1
2026-10-26,S02,P105,251,0,126,125,300,3
2026-10-26,S02,P106,84,0,84,0,294,2
2026-10-26,S02,P201,675,0,108,567,283,1
2026-10-26,S02,P202,559,0,110,449,316,1
2026-10-26,S02,P203,431,0,77,354,255,1
2026-10-26,S02,P204,93,0,81,12,215,4
2026-10-26,S02,P205,342,342,67,275,116,2
2026-10-26,S02,P206,0,0,0,0,196,3
2026-10-26,S02,P207,739,721,119,620,307,1
2026-10-26,S02,P301,607,483,62,545,177,1
2026-10-26,S02,P302,369,0,126,243,326,2
2026-10-26,S02,P303,403,0,76,327,224,1
2026-10-26,S02,P304,344,0,74,270,325,1
2026-10-26,S02,P305,187,0,120,67,329,4
2026-10-26,S02,P306,0,0,0,0,214,4
2026-10-26,S02,P330,615,615,111,504,277,3
2026-10-26,S02,P401,0,0,0,0,111,3
2026-10-26,S02,P402,133,0,41,92,103,2
2026-10-26,S02,P403,0,0,0,0,114,4
2026-10-26,S02,P404,8,0,8,0,136,3
2026-10-26,S02,P405,330,330,64,266,164,3
2026-10-26,S02,P406,273,0,83,190,151,4
2026-10-26,S02,P407,204,0,82,122,189,2
2026-10-26,S02,P442,281,0,105,176,238,2
2026-10-26,S02,P501,230,230,33,197,80,4
2026-10-26,S02,P502,120,0,40,80,126,4
2026-10-26,S02,P503,57,0,26,31,106,3
2026-10-26,S02,P504,141,0,25,116,72,1
2026-10-26,S02,P505,102,0,30,72,73,4
2026-10-26,S02,P601,69,0,31,38,61,1
2026-10-26,S02,P602,167,0,46,121,99,1
2026-10-26,S02,P603,90,0,42,48,77,1
2026-10-26,S02,P604,0,0,0,0,84,4
2026-10-26,S02,P605,33,0,19,14,56,3
2026-10-26,S02,P701,33,0,33,0,101,2
2026-10-26,S02,P702,245,245,39,206,82,2
2026-10-26,S02,P703,227,227,27,200,78,2
2026-10-26,S02,P704,361,295,41,320,80,1
2026-10-26,S02,P801,349,349,54,295,134,3
2026-10-26,S02,P802,299,0,43,256,129,3
2026-10-26,S02,P803,215,0,70,145,194,2
2026-10-26,S02,P901,24,0,24,0,261,3
2026-10-26,S02,P902,30,0,29,1,57,2
2026-10-26,S03,P101,178,175,29,149,68,2
2026-10-26,S03,P102,170,170,37,133,93,2
2026-10-26,S03,P103,0,0,0,0,83,4
2026-10-26,S03,P104,159,0,28,131,63,1
2026-10-26,S03,P105,4,0,4,0,63,2
2026-10-26,S03,P106,0,0,0,0,84,4
2026-10-26,S03,P201,0,0,0,0,83,4
2026-10-26,S03,P202,114,0,34,80,75,4
2026-10-26,S03,P203,51,0,35,16,40,3
2026-10-26,S03,P204,187,187,37,150,89,2
2026-10-26,S03,P205,18,0,7,11,22,4
2026-10-26,S03,P206,0,0,0,0,67,4
2026-10-26,S03,P207,21,0,21,0,83,3
2026-10-26,S03,P301,60,0,22,38,59,1
2026-10-26,S03,P302,144,144,24,120,65,2
2026-10-26,S03,P303,84,0,23,61,86,3
2026-10-26,S03,P304,41,0,23,18,51,2
2026-10-26,S03,P305,115,0,24,91,81,1
2026-10-26,S03,P306,78,0,29,49,75,3
2026-10-26,S03,P330,201,173,21,180,66,1
2026-10-26,S03,P401,39,0,14,25,34,4
2026-10-26,S03,P402,83,83,15,68,33,4
2026-10-26,S03,P403,125,104,10,115,33,1
2026-10-26,S03,P404,12,0,12,0,23,2
2026-10-26,S03,P405,30,0,10,20,27,1
2026-10-26,S03,P406,60,0,12,48,35,3
2026-10-26,S03,P407,50,0,9,41,32,2
2026-10-26,S03,P442,74,0,29,45,72,1
2026-10-26,S03,P501,14,0,6,8,14,2
2026-10-26,S03,P502,9,0,9,0,22,4
2026-10-26,S03,P503,12,0,8,4,24,3
2026-10-26,S03,P504,17,0,7,10,16,4
2026-10-26,S03,P505,10,0,7,3,17,2
2026-10-26,S03,P601,59,49,10,49,18,1
2026-10-26,S03,P602,23,0,6,17,16,1
2026-10-26,S03,P603,0,0,0,0,13,4
2026-10-26,S03,P604,4,0,4,0,24,4
2026-10-26,S03,P605,58,58,9,49,19,4
2026-10-26,S03,P701,0,0,0,0,18,3
2026-10-26,S03,P702,4,0,4,0,17,4
2026-10-26,S03,P703,0,0,0,0,17,4
2026-10-26,S03,P704,38,0,11,27,26,1
2026-10-26,S03,P801,122,0,15,107,41,1
2026-10-26,S03,P802,104,104,16,88,36,3
2026-10-26,S03,P803,91,91,14,77,43,3
2026-10-26,S03,P901,188,163,34,154,65,1
2026-10-26,S03,P902,15,0,5,10,16,4
2026-10-26,S04,P101,89,0,41,48,95,4
2026-10-26,S04,P102,79,0,41,38,113,3
2026-10-26,S04,P103,0,0,0,0,105,4
2026-10-26,S04,P104,215,0,51,162,114,4
2026-10-26,S04,P105,200,0,56,144,145,3
2026-10-26,S04,P106,176,0,52,124,101,1
2026-10-26,S04,P201,253,253,36,217,96,1
2026-10-26,S04,P202,0,0,0,0,98,4
2026-10-26,S04,P203,316,316,31,285,99,3
2026-10-26,S04,P204,130,0,47,83,110,3
2026-10-26,S04,P205,0,0,0,0,27,4
2026-10-26,S04,P206,189,0,33,156,83,4
2026-10-26,S04,P207,0,0,0,0,114,4
2026-10-26,S04,P301,87,0,36,51,62,3
2026-10-26,S04,P302,180,170,43,137,85,1
2026-10-26,S04,P303,147,0,44,103,90,3
2026-10-26,S04,P304,152,0,38,114,79,2
2026-10-26,S04,P305,73,0,24,49,78,4
2026-10-26,S04,P306,96,0,54,42,127,3
2026-10-26,S04,P330,10,0,10,0,86,4
2026-10-26,S04,P401,236,169,28,208,73,1
2026-10-26,S04,P402,80,0,28,52,64,1
2026-10-26,S04,P403,149,111,15,134,44,1
2026-10-26,S04,P404,146,146,14,132,56,3
2026-10-26,S04,P405,98,0,23,75,53,2
2026-10-26,S04,P406,79,0,17,62,46,2
2026-10-26,S04,P407,138,138,22,116,57,3
2026-10-26,S04,P442,77,0,36,41,64,2
2026-10-26,S04,P501,42,0,17,25,29,2
2026-10-26,S04,P502,37,0,9,28,32,3
2026-10-26,S04,P503,32,0,15,17,34,2
2026-10-26,S04,P504,62,0,11,54,28,1
2026-10-26,S04,P505,69,63,12,57,25,1
2026-10-26,S04,P601,76,0,19,57,38,3
2026-10-26,S04,P602,46,0,8,38,30,1
2026-10-26,S04,P603,67,67,11,56,26,1
2026-10-26,S04,P604,65,0,10,55,25,1
2026-10-26,S04,P605,28,0,15,13,34,4
2026-10-26,S04,P701,15,0,15,0,41,2
2026-10-26,S04,P702,40,0,11,29,31,4
2026-10-26,S04,P703,85,0,20,65,45,3
2026-10-26,S04,P704,71,61,12,59,26,1
2026-10-26,S04,P801,108,0,22,86,64,3
2026-10-26,S04,P802,139,139,17,122,55,3
2026-10-26,S04,P803,36,0,20,16,38,3
2026-10-26,S04,P901,210,210,46,164,80,3
2026-10-26,S04,P902,73,73,10,63,26,2
2026-10-26,S05,P101,144,0,27,117,92,3
2026-10-26,S05,P102,98,0,38,60,72,3
2026-10-26,S05,P103,34,0,28,6,76,2
2026-10-26,S05,P104,115,0,20,95,56,1
2026-10-26,S05,P105,0,0,0,0,63,4
2026-10-26,S05,P106,248,248,44,204,69,3
2026-10-26,S05,P201,0,0,0,0,51,4
2026-10-26,S05,P202,30,0,28,2,69,3
2026-10-26,S05,P203,7,0,7,0,80,2
2026-10-26,S05,P204,1,0,1,0,60,2
2026-10-26,S05,P205,21,0,7,14,19,4
2026-10-26,S05,P206,21,0,21,0,50,2
2026-10-26,S05,P207,81,0,37,44,55,4
2026-10-26,S05,P301,87,0,19,68,63,2
2026-10-26,S05,P302,104,0,31,73,70,3
2026-10-26,S05,P303,202,202,36,166,73,3
2026-10-26,S05,P304,172,172,22,150,53,3
2026-10-26,S05,P305,79,0,18,61,45,2
2026-10-26,S05,P306,100,0,25,75,64,2
2026-10-26,S05,P330,97,0,23,74,49,1
2026-10-26,S05,P401,46,46,13,33,21,3
2026-10-26,S05,P402,0,0,0,0,30,3
2026-10-26,S05,P403,87,80,19,73,39,1
2026-10-26,S05,P404,0,0,0,0,21,3
2026-10-26,S05,P405,16,0,11,5,21,3
2026-10-26,S05,P406,58,0,14,44,31,1
2026-10-26,S05,P407,107,106,13,94,30,1
2026-10-26,S05,P442,102,102,19,83,53,3
2026-10-26,S05,P501,19,0,7,12,13,4
2026-10-26,S05,P502,10,0,6,4,14,3
2026-10-26,S05,P503,3,0,3,0,11,3
2026-10-26,S05,P504,54,50,8,46,24,1
2026-10-26,S05,P505,33,33,6,27,17,2
2026-10-26,S05,P601,34,34,6,28,13,2
2026-10-26,S05,P602,0,0,0,0,15,4
2026-10-26,S05,P603,31,0,8,23,19,1
2026-10-26,S05,P604,12,0,4,8,15,3
2026-10-26,S05,P605,0,0,0,0,11,2
2026-10-26,S05,P701,52,0,11,41,18,1
2026-10-26,S05,P702,38,0,13,25,25,1
2026-10-26,S05,P703,28,0,10,18,21,1
2026-10-26,S05,P704,54,46,9,45,25,1
2026-10-26,S05,P801,0,0,0,0,44,3
2026-10-26,S05,P802,13,0,10,3,32,3
2026-10-26,S05,P803,83,0,12,71,46,1
2026-10-26,S05,P901,0,0,0,0,45,4
2026-10-26,S05,P902,5,0,5,0,16,4
2026-10-26,S06,P101,119,0,28,91,86,4
2026-10-26,S06,P102,244,0,41,203,101,1
2026-10-26,S06,P103,322,0,41,281,142,2
2026-10-26,S06,P104,0,0,0,0,81,4
2026-10-26,S06,P105,6,0,6,0,98,4
2026-10-26,S06,P106,164,0,58,106,117,3
2026-10-26,S06,P201,171,0,29,142,88,1
2026-10-26,S06,P202,0,0,0,0,65,3
2026-10-26,S06,P203,41,0,25,16,60,2
2026-10-26,S06,P204,316,316,40,276,108,2
2026-10-26,S06,P205,0,0,0,0,29,4
2026-10-26,S06,P206,186,0,23,163,87,4
2026-10-26,S06,P207,0,0,0,0,73,3
2026-10-26,S06,P301,209,194,39,170,96,1
2026-10-26,S06,P302,174,0,16,158,76,1
2026-10-26,S06,P303,126,0,47,79,81,3
2026-10-26,S06,P304,93,0,28,65,72,2
2026-10-26,S06,P305,165,0,39,126,90,1
2026-10-26,S06,P306,210,210,36,174,82,3
2026-10-26,S06,P330,239,237,34,205,85,2
2026-10-26,S06,P401,120,119,20,100,48,1
2026-10-26,S06,P402,73,0,17,56,34,2
2026-10-26,S06,P403,48,0,22,26,42,2
2026-10-26,S06,P404,22,0,15,7,51,3
2026-10-26,S06,P405,4,0,4,0,60,4
2026-10-26,S06,P406,96,96,20,76,34,3
2026-10-26,S06,P407,69,0,13,56,41,3
2026-10-26,S06,P442,118,0,31,87,88,2
2026-10-26,S06,P501,36,0,8,28,25,3
2026-10-26,S06,P502,32,0,12,20,38,2
2026-10-26,S06,P503,45,0,14,31,34,2
2026-10-26,S06,P504,0,0,0,0,20,3
2026-10-26,S06,P505,0,0,0,0,27,3
2026-10-26,S06,P601,73,59,8,65,18,1
2026-10-26,S06,P602,42,0,15,27,33,2
2026-10-26,S06,P603,49,0,8,41,24,3
2026-10-26,S06,P604,25,0,5,20,19,1
2026-10-26,S06,P605,26,0,6,20,31,3
2026-10-26,S06,P701,67,60,9,58,20,1
2026-10-26,S06,P702,34,0,17,17,37,3
2026-10-26,S06,P703,122,103,12,110,32,1
2026-10-26,S06,P704,45,0,9,36,29,2
2026-10-26,S06,P801,190,148,28,162,53,1
2026-10-26,S06,P802,175,0,33,142,76,1
2026-10-26,S06,P803,0,0,0,0,53,4
2026-10-26,S06,P901,148,0,38,110,86,2
2026-10-26,S06,P902,31,0,8,23,22,3
2026-10-27,S01,P101,182,0,56,126,121,3
2026-10-27,S01,P102,271,0,55,216,98,2
2026-10-27,S01,P103,0,0,0,0,164,4
2026-10-27,S01,P104,211,0,56,155,143,3
2026-10-27,S01,P105,307,0,53,254,124,4
2026-10-27,S01,P106,155,0,79,76,126,3
2026-10-27,S01,P201,110,0,58,52,89,3
2026-10-27,S01,P202,273,0,67,206,150,1
2026-10-27,S01,P203,451,451,69,382,159,3
2026-10-27,S01,P204,0,0,0,0,117,3
2026-10-27,S01,P205,37,0,12,25,27,1
2026-10-27,S01,P206,220,220,48,172,92,3
2026-10-27,S01,P207,0,0,0,0,111,3
2026-10-27,S01,P301,396,373,54,342,139,2
2026-10-27,S01,P302,188,0,75,113,106,2
2026-10-27,S01,P303,0,0,0,0,109,3
2026-10-27,S01,P304,93,0,41,52,74,3
2026-10-27,S01,P305,129,0,43,86,76,2
2026-10-27,S01,P306,90,0,39,51,83,1
2026-10-27,S01,P330,69,0,27,42,93,4
2026-10-27,S01,P401,130,130,39,91,71,2
2026-10-27,S01,P402,55,0,18,37,46,2
2026-10-27,S01,P403,124,124,27,97,46,3
2026-10-27,S01,P404,129,129,28,101,61,4
2026-10-27,S01,P405,122,122,20,102,43,4
2026-10-27,S01,P406,145,145,26,119,71,4
2026-10-27,S01,P407,174,0,34,140,55,1
2026-10-27,S01,P442,38,0,38,0,132,3
2026-10-27,S01,P501,25,0,15,10,41,3
2026-10-27,S01,P502,80,55,16,64,28,1
2026-10-27,S01,P503,98,73,17,81,40,1
2026-10-27,S01,P504,23,0,16,7,30,3
2026-10-27,S01,P505,0,0,0,0,37,4
2026-10-27,S01,P601,61,0,14,47,32,2
2026-10-27,S01,P602,76,0,18,58,37,2
2026-10-27,S01,P603,61,0,20,41,36,4
2026-10-27,S01,P604,55,55,16,39,23,2
2026-10-27,S01,P605,98,0,20,78,33,1
2026-10-27,S01,P701,107,107,17,90,36,2
2026-10-27,S01,P702,6,0,6,0,53,4
2026-10-27,S01,P703,159,0,21,138,47,1
2026-10-27,S01,P704,62,0,15,47,33,3
2026-10-27,S01,P801,0,0,0,0,60,4
2026-10-27,S01,P802,237,191,37,200,90,2
2026-10-27,S01,P803,194,194,29,165,59,2
2026-10-27,S01,P901,124,0,45,79,93,1
2026-10-27,S01,P902,38,0,30,8,36,1
2026-10-27,S02,P101,241,0,189,52,333,3
2026-10-27,S02,P102,509,0,274,235,347,1
2026-10-27,S02,P103,657,0,134,523,334,1
2026-10-27,S02,P104,774,0,182,592,268,1
2026-10-27,S02,P105,125,0,125,0,300,3
2026-10-27,S02,P106,579,579,174,405,294,2
2026-10-27,S02,P201,567,0,151,416,283,1
2026-10-27,S02,P202,449,0,155,294,316,1
2026-10-27,S02,P203,354,0,157,197,255,1
2026-10-27,S02,P204,12,0,12,0,215,4
2026-10-27,S02,P205,275,0,73,202,116,2
2026-10-27,S02,P206,567,567,143,424,196,3
2026-10-27,S02,P207,620,0,135,485,307,1
2026-10-27,S02,P301,545,0,97,448,177,1
2026-10-27,S02,P302,243,0,172,71,326,2
2026-10-27,S02,P303,327,0,97,230,224,1
2026-10-27,S02,P304,940,670,125,815,325,1
2026-10-27,S02,P305,67,0,67,0,329,4
2026-10-27,S02,P306,0,0,0,0,214,4
2026-10-27,S02,P330,504,0,163,341,277,3
2026-10-27,S02,P401,318,318,56,262,111,3
2026-10-27,S02,P402,92,0,44,48,103,2
2026-10-27,S02,P403,316,316,58,258,114,4
2026-10-27,S02,P404,0,0,0,0,136,3
2026-10-27,S02,P405,266,0,59,207,164,3
2026-10-27,S02,P406,190,0,113,77,151,4
2026-10-27,S02,P407,122,0,87,35,189,2
2026-10-27,S02,P442,176,0,102,74,238,2
2026-10-27,S02,P501,197,0,42,155,80,4
2026-10-27,S02,P502,80,0,63,17,126,4
2026-10-27,S02,P503,31,0,31,0,106,3
2026-10-27,S02,P504,116,0,36,80,72,1
2026-10-27,S02,P505,72,0,26,46,73,4
2026-10-27,S02,P601,252,214,32,220,61,1
2026-10-27,S02,P602,121,0,35,86,99,1
2026-10-27,S02,P603,280,232,46,234,77,1
2026-10-27,S02,P604,208,208,42,166,84,4
2026-10-27,S02,P605,14,0,14,0,56,3
2026-10-27,S02,P701,165,165,35,130,101,2
2026-10-27,S02,P702,206,0,40,166,82,2
2026-10-27,S02,P703,200,0,38,162,78,2
2026-10-27,S02,P704,320,0,76,244,80,1
2026-10-27,S02,P801,295,0,52,243,134,3
2026-10-27,S02,P802,256,0,55,201,129,3
2026-10-27,S02,P803,145,0,68,77,194,2
2026-10-27,S02,P901,0,0,0,0,261,3
2026-10-27,S02,P902,175,174,33,142,57,2
2026-10-27,S03,P101,149,0,25,124,68,2
2026-10-27,S03,P102,133,0,37,96,93,2
2026-10-27,S03,P103,170,170,48,122,83,4
2026-10-27,S03,P104,131,0,49,82,63,1
2026-10-27,S03,P105,184,184,43,141,63,2
2026-10-27,S03,P106,201,201,42,159,84,4
2026-10-27,S03,P201,0,0,0,0,83,4
2026-10-27,S03,P202,80,0,49,31,75,4
2026-10-27,S03,P203,16,0,16,0,40,3
2026-10-27,S03,P204,150,0,50,100,89,2
2026-10-27,S03,P205,11,0,9,2,22,4
2026-10-27,S03,P206,177,177,42,135,67,4
2026-10-27,S03,P207,0,0,0,0,83,3
2026-10-27,S03,P301,199,161,24,175,59,1
2026-10-27,S03,P302,120,0,32,88,65,2
2026-10-27,S03,P303,61,0,32,29,86,3
2026-10-27,S03,P304,148,130,28,120,51,2
2026-10-27,S03,P305,91,0,34,57,81,1
2026-10-27,S03,P306,49,0,36,13,75,3
2026-10-27,S03,P330,180,0,28,152,66,1
2026-10-27,S03,P401,25,0,13,12,34,4
2026-10-27,S03,P402,68,0,16,52,33,4
2026-10-27,S03,P403,115,0,16,99,33,1
2026-10-27,S03,P404,52,52,14,38,23,2
2026-10-27,S03,P405,89,69,11,78,27,1
2026-10-27,S03,P406,48,0,18,30,35,3
2026-10-27,S03,P407,41,0,10,31,32,2
2026-10-27,S03,P442,243,198,24,219,72,1
2026-10-27,S03,P501,8,0,8,0,14,2
2026-10-27,S03,P502,0,0,0,0,22,4
2026-10-27,S03,P503,4,0,4,0,24,3
2026-10-27,S03,P504,10,0,9,1,16,4
2026-10-27,S03,P505,50,47,6,44,17,2
2026-10-27,S03,P601,49,0,8,41,18,1
2026-10-27,S03,P602,17,0,7,10,16,1
2026-10-27,S03,P603,0,0,0,0,13,4
2026-10-27,S03,P604,0,0,0,0,24,4
2026-10-27,S03,P605,49,0,9,40,19,4
2026-10-27,S03,P701,52,52,11,41,18,3
2026-10-27,S03,P702,0,0,0,0,17,4
2026-10-27,S03,P703,0,0,0,0,17,4
2026-10-27,S03,P704,27,0,14,13,26,1
2026-10-27,S03,P801,107,0,18,89,41,1
2026-10-27,S03,P802,88,0,21,67,36,3
2026-10-27,S03,P803,77,0,17,60,43,3
2026-10-27,S03,P901,154,0,41,113,65,1
2026-10-27,S03,P902,10,0,7,3,16,4
2026-10-27,S04,P101,48,0,45,3,95,4
2026-10-27,S04,P102,38,0,38,0,113,3
2026-10-27,S04,P103,342,342,63,279,105,4
2026-10-27,S04,P104,164,0,47,117,114,4
2026-10-27,S04,P105,144,0,78,66,145,3
2026-10-27,S04,P106,124,0,61,63,101,1
2026-10-27,S04,P201,217,0,52,165,96,1
2026-10-27,S04,P202,0,0,0,0,98,4
2026-10-27,S04,P203,285,0,66,219,99,3
2026-10-27,S04,P204,83,0,62,21,110,3
2026-10-27,S04,P205,0,0,0,0,27,4
2026-10-27,S04,P206,156,0,49,107,83,4
2026-10-27,S04,P207,338,338,66,270,114,4
2026-10-27,S04,P301,51,0,47,4,62,3
2026-10-27,S04,P302,137,0,40,97,85,1
2026-10-27,S04,P303,103,0,54,49,90,3
2026-10-27,S04,P304,114,0,45,69,79,2
2026-10-27,S04,P305,49,0,30,17,78,4
2026-10-27,S04,P306,42,0,42,0,127,3
2026-10-27,S04,P330,0,0,0,0,86,4
2026-10-27,S04,P401,208,0,42,166,73,1
2026-10-27,S04,P402,205,153,34,171,64,1
2026-10-27,S04,P403,134,0,16,118,44,1
2026-10-27,S04,P404,132,0,23,109,56,3
2026-10-27,S04,P405,75,0,19,56,53,2
2026-10-27,S04,P406,62,0,22,40,46,2
2026-10-27,S04,P407,116,0,30,86,57,3
2026-10-27,S04,P442,41,0,39,2,64,2
2026-10-27,S04,P501,25,0,19,6,29,2
2026-10-27,S04,P502,28,0,13,15,32,3
2026-10-27,S04,P503,107,90,12,95,34,2
2026-10-27,S04,P504,51,0,14,37,28,1
2026-10-27,S04,P505,57,0,13,44,25,1
2026-10-27,S04,P601,57,0,14,43,38,3
2026-10-27,S04,P602,38,0,10,28,30,1
2026-10-27,S04,P603,56,0,13,43,26,1
2026-10-27,S04,P604,55,0,20,35,25,1
2026-10-27,S04,P605,13,0,13,0,34,4
2026-10-27,S04,P701,91,91,22,69,41,2
2026-10-27,S04,P702,29,0,17,12,31,4
2026-10-27,S04,P703,65,0,31,34,45,3
2026-10-27,S04,P704,59,0,11,48,26,1
2026-10-27,S04,P801,86,0,38,48,64,3
2026-10-27,S04,P802,122,0,19,103,55,3
2026-10-27,S04,P803,16,0,16,0,38,3
2026-10-27,S04,P901,164,0,50,114,80,3
2026-10-27,S04,P902,63,0,13,50,26,2
2026-10-27,S05,P101,117,0,50,67,92,3
2026-10-27,S05,P102,60,0,36,24,72,3
2026-10-27,S05,P103,189,183,37,152,76,2
2026-10-27,S05,P104,95,0,33,65,56,1
2026-10-27,S05,P105,0,0,0,0,63,4
2026-10-27,S05,P106,204,0,40,164,69,3
2026-10-27,S05,P201,0,0,0,0,51,4
2026-10-27,S05,P202,2,0,2,0,69,3
2026-10-27,S05,P203,179,179,29,150,80,2
2026-10-27,S05,P204,152,152,30,122,60,2
2026-10-27,S05,P205,14,0,14,0,19,4
2026-10-27,S05,P206,138,138,26,117,50,2
2026-10-27,S05,P207,44,0,36,8,55,4
2026-10-27,S05,P301,68,0,25,43,63,2
2026-10-27,S05,P302,73,0,35,38,70,3
2026-10-27,S05,P303,166,0,32,134,73,3
2026-10-27,S05,P304,150,0,24,126,53,3
2026-10-27,S05,P305,61,0,17,44,45,2
2026-10-27,S05,P306,75,0,24,51,64,2
2026-10-27,S05,P330,74,0,34,40,49,1
2026-10-27,S05,P401,33,0,6,27,21,3
2026-10-27,S05,P402,84,84,11,73,30,3
2026-10-27,S05,P403,68,0,21,47,39,1
2026-10-27,S05,P404,60,60,8,52,21,3
2026-10-27,S05,P405,5,0,5,0,21,3
2026-10-27,S05,P406,44,0,13,31,31,1
2026-10-27,S05,P407,94,0,14,80,30,1
2026-10-27,S05,P442,83,0,27,56,53,3
2026-10-27,S05,P501,12,0,7,5,13,4
2026-10-27,S05,P502,4,0,4,0,14,3
2026-10-27,S05,P503,0,0,0,0,11,3
2026-10-27,S05,P504,46,0,11,38,24,1
2026-10-27,S05,P505,27,0,6,21,17,2
2026-10-27,S05,P601,28,0,5,23,13,2
2026-10-27,S05,P602,33,33,9,24,15,4
2026-10-27,S05,P603,23,0,9,14,19,1
2026-10-27,S05,P604,8,0,7,1,15,3
2026-10-27,S05,P605,29,29,7,22,11,2
2026-10-27,S05,P701,41,0,11,30,18,1
2026-10-27,S05,P702,25,0,18,7,25,1
2026-10-27,S05,P703,82,64,13,69,21,1
2026-10-27,S05,P704,45,0,13,32,25,1
2026-10-27,S05,P801,122,122,23,99,44,3
2026-10-27,S05,P802,3,0,3,0,32,3
2026-10-27,S05,P803,71,0,19,52,46,1
2026-10-27,S05,P901,0,0,0,0,45,4
2026-10-27,S05,P902,0,0,0,0,16,4
2026-10-27,S06,P101,91,0,38,53,86,4
2026-10-27,S06,P102,203,0,50,153,101,1
2026-10-27,S06,P103,281,0,55,226,142,2
2026-10-27,S06,P104,0,0,0,0,81,4
2026-10-27,S06,P105,0,0,0,0,98,4
2026-10-27,S06,P106,106,0,53,53,117,3
2026-10-27,S06,P201,142,0,30,112,88,1
2026-10-27,S06,P202,195,195,30,165,65,3
2026-10-27,S06,P203,167,151,24,143,60,2
2026-10-27,S06,P204,276,0,50,226,108,2
2026-10-27,S06,P205,0,0,0,0,29,4
2026-10-27,S06,P206,163,0,63,100,87,4
2026-10-27,S06,P207,233,233,33,200,73,3
2026-10-27,S06,P301,170,0,45,125,96,1
2026-10-27,S06,P302,158,0,41,117,76,1
2026-10-27,S06,P303,79,0,42,37,81,3
2026-10-27,S06,P304,65,0,35,30,72,2
2026-10-27,S06,P305,126,0,52,74,90,1
2026-10-27,S06,P306,174,0,53,121,82,3
2026-10-27,S06,P330,205,0,37,168,85,2
2026-10-27,S06,P401,100,0,23,77,48,1
2026-10-27,S06,P402,56,0,13,43,34,2
2026-10-27,S06,P403,26,0,18,8,42,2
2026-10-27,S06,P404,7,0,7,0,51,3
2026-10-27,S06,P405,0,0,0,0,60,4
2026-10-27,S06,P406,76,0,18,58,34,3
2026-10-27,S06,P407,56,0,18,38,41,3
2026-10-27,S06,P442,87,0,46,41,88,2
2026-10-27,S06,P501,28,0,14,14,25,3
2026-10-27,S06,P502,89,69,17,72,38,2
2026-10-27,S06,P503,31,0,16,15,34,2
2026-10-27,S06,P504,63,63,10,53,20,3
2026-10-27,S06,P505,0,0,0,0,27,3
2026-10-27,S06,P601,65,0,8,57,18,1
2026-10-27,S06,P602,27,0,13,14,33,2
2026-10-27,S06,P603,41,0,10,31,24,3
2026-10-27,S06,P604,20,0,6,14,19,1
2026-10-27,S06,P605,20,0,15,5,31,3
2026-10-27,S06,P701,58,0,7,51,20,1
2026-10-27,S06,P702,17,0,13,4,37,3
2026-10-27,S06,P703,110,0,16,94,32,1
2026-10-27,S06,P704,36,0,18,18,29,2
2026-10-27,S06,P801,162,0,23,139,53,1
2026-10-27,S06,P802,142,0,32,110,76,1
2026-10-27,S06,P803,135,135,26,109,53,4
2026-10-27,S06,P901,110,0,41,69,86,2
2026-10-27,S06,P902,23,0,10,13,22,3
2026-10-28,S01,P101,126,0,54,72,121,3
2026-10-28,S01,P102,216,0,56,160,98,2
2026-10-28,S01,P103,356,356,81,275,164,4
2026-10-28,S01,P104,155,0,65,90,143,3
2026-10-28,S01,P105,254,0,58,196,124,4
2026-10-28,S01,P106,76,0,66,10,126,3
2026-10-28,S01,P201,52,0,29,23,89,3
2026-10-28,S01,P202,206,0,68,138,150,1
2026-10-28,S01,P203,382,0,91,291,159,3
2026-10-28,S01,P204,330,330,53,277,117,3
2026-10-28,S01,P205,84,59,15,69,27,1
2026-10-28,S01,P206,172,0,51,121,92,3
2026-10-28,S01,P207,308,308,58,250,111,3
2026-10-28,S01,P301,342,0,68,274,139,2
2026-10-28,S01,P302,113,0,64,49,106,2
2026-10-28,S01,P303,283,283,51,232,109,3
2026-10-28,S01,P304,52,0,45,7,74,3
2026-10-28,S01,P305,86,0,44,42,76,2
2026-10-28,S01,P306,203,152,37,166,83,1
2026-10-28,S01,P330,42,0,42,0,93,4
2026-10-28,S01,P401,91,0,37,54,71,2
2026-10-28,S01,P402,37,0,19,18,46,2
2026-10-28,S01,P403,97,0,25,72,46,3
2026-10-28,S01,P404,101,0,19,85,61,4
2026-10-28,S01,P405,102,0,20,82,43,4
2026-10-28,S01,P406,119,0,26,93,71,4
2026-10-28,S01,P407,140,0,31,109,55,1
2026-10-28,S01,P442,232,232,51,181,132,3
2026-10-28,S01,P501,114,104,14,100,41,3
2026-10-28,S01,P502,64,0,11,53,28,1
2026-10-28,S01,P503,81,0,15,66,40,1
2026-10-28,S01,P504,7,0,7,0,30,3
2026-10-28,S01,P505,0,0,0,0,37,4
2026-10-28,S01,P601,47,0,14,33,32,2
2026-10-28,S01,P602,58,0,19,39,37,2
2026-10-28,S01,P603,41,0,15,26,36,4
2026-10-28,S01,P604,39,0,14,25,23,2
2026-10-28,S01,P605,78,0,21,57,33,1
2026-10-28,S01,P701,90,0,26,64,36,2
2026-10-28,S01,P702,0,0,0,0,53,4
2026-10-28,S01,P703,138,0,32,106,47,1
2026-10-28,S01,P704,47,0,12,35,33,3
2026-10-28,S01,P801,187,187,26,161,60,4
2026-10-28,S01,P802,200,0,42,158,90,2
2026-10-28,S01,P803,165,0,25,140,59,2
2026-10-28,S01,P901,256,177,35,221,93,1
2026-10-28,S01,P902,128,120,22,106,36,1
2026-10-28,S02,P101,52,0,52,0,333,3
2026-10-28,S02,P102,1034,799,158,876,347,1
2026-10-28,S02,P103,523,0,105,418,334,1
2026-10-28,S02,P104,592,0,146,446,268,1
2026-10-28,S02,P105,693,693,120,573,300,3
2026-10-28,S02,P106,405,0,115,290,294,2
2026-10-28,S02,P201,416,0,134,282,283,1
2026-10-28,S02,P202,1081,787,152,929,316,1
2026-10-28,S02,P203,1115,918,195,920,255,1
2026-10-28,S02,P204,0,0,0,0,215,4
2026-10-28,S02,P205,202,0,55,147,116,2
2026-10-28,S02,P206,424,0,109,315,196,3
2026-10-28,S02,P207,485,0,139,346,307,1
2026-10-28,S02,P301,448,0,91,357,177,1
2026-10-28,S02,P302,797,726,123,674,326,2
2026-10-28,S02,P303,230,0,115,115,224,1
2026-10-28,S02,P304,815,0,105,710,325,1
2026-10-28,S02,P305,0,0,0,0,329,4
2026-10-28,S02,P306,0,0,0,0,214,4
2026-10-28,S02,P330,341,0,184,157,277,3
2026-10-28,S02,P401,262,0,75,187,111,3
2026-10-28,S02,P402,243,195,49,194,103,2
2026-10-28,S02,P403,258,0,43,215,114,4
2026-10-28,S02,P404,328,328,57,271,136,3
2026-10-28,S02,P405,207,0,66,141,164,3
2026-10-28,S02,P406,77,0,77,0,151,4
2026-10-28,S02,P407,348,313,69,279,189,2
2026-10-28,S02,P442,811,737,101,710,238,2
2026-10-28,S02,P501,155,0,37,118,80,4
2026-10-28,S02,P502,17,0,17,0,126,4
2026-10-28,S02,P503,200,200,58,142,106,3
2026-10-28,S02,P504,80,0,40,40,72,1
2026-10-28,S02,P505,46,0,46,0,73,4
2026-10-28,S02,P601,220,0,28,192,61,1
2026-10-28,S02,P602,368,282,33,335,99,1
2026-10-28,S02,P603,234,0,36,198,77,1
2026-10-28,S02,P604,166,0,50,116,84,4
2026-10-28,S02,P605,153,153,20,133,56,3
2026-10-28,S02,P701,130,0,40,90,101,2
2026-10-28,S02,P702,166,0,49,117,82,2
2026-10-28,S02,P703,162,0,46,116,78,2
2026-10-28,S02,P704,244,0,54,190,80,1
2026-10-28,S02,P801,243,0,62,177,134,3
2026-10-28,S02,P802,201,0,100,101,129,3
2026-10-28,S02,P803,540,463,83,457,194,2
2026-10-28,S02,P901,548,548,117,431,261,3
2026-10-28,S02,P902,142,0,26,116,57,2
2026-10-28,S03,P101,124,0,33,91,68,2
2026-10-28,S03,P102,96,0,51,45,93,2
2026-10-28,S03,P103,122,0,70,52,83,4
2026-10-28,S03,P104,82,0,38,44,63,1
2026-10-28,S03,P105,141,0,33,108,63,2
2026-10-28,S03,P106,159,0,33,126,84,4
2026-10-28,S03,P201,201,201,38,163,83,4
2026-10-28,S03,P202,31,0,31,0,75,4
2026-10-28,S03,P203,0,0,0,0,40,3
2026-10-28,S03,P204,100,0,47,53,89,2
2026-10-28,S03,P205,2,0,2,0,22,4
2026-10-28,S03,P206,135,0,30,105,67,4
2026-10-28,S03,P207,201,201,44,155,83,3
2026-10-28,S03,P301,175,0,21,154,59,1
2026-10-28,S03,P302,88,0,24,60,65,2
2026-10-28,S03,P303,198,169,36,162,86,3
2026-10-28,S03,P304,120,0,33,87,51,2
2026-10-28,S03,P305,273,216,40,229,81,1
2026-10-28,S03,P306,13,0,13,0,75,3
2026-10-28,S03,P330,152,0,36,116,66,1
2026-10-28,S03,P401,12,0,12,0,34,4
2026-10-28,S03,P402,52,0,10,42,33,4
2026-10-28,S03,P403,99,0,13,86,33,1
2026-10-28,S03,P404,38,0,13,25,23,2
2026-10-28,S03,P405,78,0,13,65,27,1
2026-10-28,S03,P406,30,0,13,17,35,3
2026-10-28,S03,P407,31,0,12,19,32,2
2026-10-28,S03,P442,219,0,33,186,72,1
2026-10-28,S03,P501,50,50,9,41,14,2
2026-10-28,S03,P502,0,0,0,0,22,4
2026-10-28,S03,P503,45,45,13,32,24,3
2026-10-28,S03,P504,1,0,1,0,16,4
2026-10-28,S03,P505,44,0,9,35,17,2
2026-10-28,S03,P601,41,0,9,32,18,1
2026-10-28,S03,P602,59,49,6,53,16,1
2026-10-28,S03,P603,40,40,6,34,13,4
2026-10-28,S03,P604,0,0,0,0,24,4
2026-10-28,S03,P605,40,0,11,29,19,4
2026-10-28,S03,P701,41,0,9,32,18,3
2026-10-28,S03,P702,0,0,0,0,17,4
2026-10-28,S03,P703,32,32,7,25,17,4
2026-10-28,S03,P704,63,50,12,51,26,1
2026-10-28,S03,P801,89,0,24,65,41,1
2026-10-28,S03,P802,67,0,18,49,36,3
2026-10-28,S03,P803,60,0,22,38,43,3
2026-10-28,S03,P901,113,0,41,72,65,1
2026-10-28,S03,P902,3,0,3,0,16,4
2026-10-28,S04,P101,3,0,3,0,95,4
2026-10-28,S04,P102,308,308,82,229,113,3
2026-10-28,S04,P103,279,0,39,240,105,4
2026-10-28,S04,P104,117,0,48,69,114,4
2026-10-28,S04,P105,66,0,65,0,145,3
2026-10-28,S04,P106,251,188,51,200,101,1
2026-10-28,S04,P201,165,0,36,129,96,1
2026-10-28,S04,P202,213,213,45,168,98,4
2026-10-28,S04,P203,219,0,48,171,99,3
2026-10-28,S04,P204,21,0,21,0,110,3
2026-10-28,S04,P205,0,0,0,0,27,4
2026-10-28,S04,P206,107,0,37,70,83,4
2026-10-28,S04,P207,272,0,55,217,114,4
2026-10-28,S04,P301,4,0,4,0,62,3
2026-10-28,S04,P302,97,0,28,69,85,1
2026-10-28,S04,P303,49,0,42,7,90,3
2026-10-28,S04,P304,69,0,31,38,79,2
2026-10-28,S04,P305,19,0,19,0,78,4
2026-10-28,S04,P306,383,383,62,321,127,3
2026-10-28,S04,P330,241,241,47,194,86,4
2026-10-28,S04,P401,166,0,33,133,73,1
2026-10-28,S04,P402,171,0,28,143,64,1
2026-10-28,S04,P403,118,0,18,100,44,1
2026-10-28,S04,P404,109,0,29,80,56,3
2026-10-28,S04,P405,56,0,26,30,53,2
2026-10-28,S04,P406,40,0,25,15,46,2
2026-10-28,S04,P407,86,0,26,60,57,3
2026-10-28,S04,P442,161,159,21,140,64,2
2026-10-28,S04,P501,117,111,20,97,29,2
2026-10-28,S04,P502,15,0,9,6,32,3
2026-10-28,S04,P503,95,0,18,77,34,2
2026-10-28,S04,P504,37,0,18,19,28,1
2026-10-28,S04,P505,44,0,10,34,25,1
2026-10-28,S04,P601,43,0,18,25,38,3
2026-10-28,S04,P602,98,70,16,82,30,1
2026-10-28,S04,P603,43,0,16,27,26,1
2026-10-28,S04,P604,35,0,11,24,25,1
2026-10-28,S04,P605,0,0,0,0,34,4
2026-10-28,S04,P701,69,0,15,54,41,2
2026-10-28,S04,P702,12,0,12,0,31,4
2026-10-28,S04,P703,34,0,22,12,45,3
2026-10-28,S04,P704,48,0,8,40,26,1
2026-10-28,S04,P801,48,0,37,11,64,3
2026-10-28,S04,P802,103,0,21,82,55,3
2026-10-28,S04,P803,104,104,18,86,38,3
2026-10-28,S04,P901,114,0,44,70,80,3
2026-10-28,S04,P902,50,0,11,39,26,2
2026-10-28,S05,P101,67,0,38,29,92,3
2026-10-28,S05,P102,24,0,24,0,72,3
2026-10-28,S05,P103,152,0,24,128,76,2
2026-10-28,S05,P104,62,0,23,39,56,1
2026-10-28,S05,P105,135,135,31,104,63,4
2026-10-28,S05,P106,164,0,56,108,69,3
2026-10-28,S05,P201,113,113,31,82,51,4
2026-10-28,S05,P202,196,196,34,162,69,3
2026-10-28,S05,P203,150,0,35,115,80,2
2026-10-28,S05,P204,122,0,29,93,60,2
2026-10-28,S05,P205,0,0,0,0,19,4
2026-10-28,S05,P206,112,0,30,82,50,2
2026-10-28,S05,P207,8,0,8,0,55,4
2026-10-28,S05,P301,43,0,21,22,63,2
2026-10-28,S05,P302,38,0,28,10,70,3
2026-10-28,S05,P303,134,0,29,105,73,3
2026-10-28,S05,P304,126,0,31,95,53,3
2026-10-28,S05,P305,44,0,19,25,45,2
2026-10-28,S05,P306,51,0,41,10,64,2
2026-10-28,S05,P330,162,122,25,137,49,1
2026-10-28,S05,P401,27,0,12,15,21,3
2026-10-28,S05,P402,73,0,11,62,30,3
2026-10-28,S05,P403,47,0,21,26,39,1
2026-10-28,S05,P404,52,0,10,42,21,3
2026-10-28,S05,P405,76,76,12,64,21,3
2026-10-28,S05,P406,31,0,19,12,31,1
2026-10-28,S05,P407,80,0,13,67,30,1
2026-10-28,S05,P442,56,0,27,29,53,3
2026-10-28,S05,P501,5,0,5,0,13,4
2026-10-28,S05,P502,40,40,6,34,14,3
2026-10-28,S05,P503,39,39,4,35,11,3
2026-10-28,S05,P504,35,0,10,25,24,1
2026-10-28,S05,P505,21,0,9,12,17,2
2026-10-28,S05,P601,23,0,5,18,13,2
2026-10-28,S05,P602,24,0,5,19,15,4
2026-10-28,S05,P603,51,37,7,44,19,1
2026-10-28,S05,P604,36,35,8,28,15,3
2026-10-28,S05,P605,22,0,6,16,11,2
2026-10-28,S05,P701,30,0,9,21,18,1
2026-10-28,S05,P702,56,49,11,45,25,1
2026-10-28,S05,P703,69,0,10,59,21,1
2026-10-28,S05,P704,32,0,11,21,25,1
2026-10-28,S05,P801,99,0,23,76,44,3
2026-10-28,S05,P802,62,62,16,46,32,3
2026-10-28,S05,P803,52,0,21,31,46,1
2026-10-28,S05,P901,0,0,0,0,45,4
2026-10-28,S05,P902,0,0,0,0,16,4
2026-10-28,S06,P101,53,0,34,19,86,4
2026-10-28,S06,P102,153,0,46,107,101,1
2026-10-28,S06,P103,226,0,75,151,142,2
2026-10-28,S06,P104,0,0,0,0,81,4
2026-10-28,S06,P105,0,0,0,0,98,4
2026-10-28,S06,P106,53,0,53,0,117,3
2026-10-28,S06,P201,112,0,40,72,88,1
2026-10-28,S06,P202,165,0,30,135,65,3
2026-10-28,S06,P203,143,0,30,113,60,2
2026-10-28,S06,P204,226,0,55,171,108,2
2026-10-28,S06,P205,70,70,19,51,29,4
2026-10-28,S06,P206,100,0,37,63,87,4
2026-10-28,S06,P207,200,0,44,156,73,3
2026-10-28,S06,P301,125,0,39,86,96,1
2026-10-28,S06,P302,117,0,39,78,76,1
2026-10-28,S06,P303,37,0,37,0,81,3
2026-10-28,S06,P304,224,194,38,186,72,2
2026-10-28,S06,P305,358,284,41,317,90,1
2026-10-28,S06,P306,121,0,44,77,82,3
2026-10-28,S06,P330,168,0,28,140,85,2
2026-10-28,S06,P401,77,0,27,50,48,1
2026-10-28,S06,P402,43,0,16,27,34,2
2026-10-28,S06,P403,109,101,20,89,42,2
2026-10-28,S06,P404,128,128,24,104,51,3
2026-10-28,S06,P405,124,124,18,106,60,4
2026-10-28,S06,P406,58,0,18,40,34,3
2026-10-28,S06,P407,38,0,14,24,41,3
2026-10-28,S06,P442,209,168,50,159,88,2
2026-10-28,S06,P501,14,0,10,4,25,3
2026-10-28,S06,P502,72,0,11,61,38,2
2026-10-28,S06,P503,80,65,13,67,34,2
2026-10-28,S06,P504,53,0,9,44,20,3
2026-10-28,S06,P505,99,99,13,86,27,3
2026-10-28,S06,P601,57,0,9,48,18,1
2026-10-28,S06,P602,84,70,16,68,33,2
2026-10-28,S06,P603,31,0,13,18,24,3
2026-10-28,S06,P604,49,35,7,40,19,1
2026-10-28,S06,P605,69,64,10,59,31,3
2026-10-28,S06,P701,51,0,12,39,20,1
2026-10-28,S06,P702,82,78,16,66,37,3
2026-10-28,S06,P703,94,0,16,78,32,1
2026-10-28,S06,P704,18,0,11,7,29,2
2026-10-28,S06,P801,139,0,25,114,53,1
2026-10-28,S06,P802,110,0,25,85,76,1
2026-10-28,S06,P803,109,0,27,82,53,4
2026-10-28,S06,P901,69,0,46,23,86,2
2026-10-28,S06,P902,13,0,11,2,22,3
2026-10-29,S01,P101,72,0,46,26,121,3
2026-10-29,S01,P102,160,0,59,101,98,2
2026-10-29,S01,P103,275,0,77,198,164,4
2026-10-29,S01,P104,90,0,43,47,143,3
2026-10-29,S01,P105,196,0,73,123,124,4
2026-10-29,S01,P106,10,0,10,0,126,3
2026-10-29,S01,P201,23,0,23,0,89,3
2026-10-29,S01,P202,580,442,66,514,150,1
2026-10-29,S01,P203,291,0,52,239,159,3
2026-10-29,S01,P204,277,0,68,209,117,3
2026-10-29,S01,P205,69,0,13,56,27,1
2026-10-29,S01,P206,121,0,68,53,92,3
2026-10-29,S01,P207,250,0,80,170,111,3
2026-10-29,S01,P301,274,0,62,212,139,2
2026-10-29,S01,P302,49,0,45,4,106,2
2026-10-29,S01,P303,232,0,47,185,109,3
2026-10-29,S01,P304,7,0,7,0,74,3
2026-10-29,S01,P305,42,0,37,5,76,2
2026-10-29,S01,P306,166,0,37,129,83,1
2026-10-29,S01,P330,0,0,0,0,93,4
2026-10-29,S01,P401,54,0,37,17,71,2
2026-10-29,S01,P402,155,137,22,133,46,2
2026-10-29,S01,P403,72,0,18,54,46,3
2026-10-29,S01,P404,82,0,30,52,61,4
2026-10-29,S01,P405,82,0,23,59,43,4
2026-10-29,S01,P406,93,0,34,59,71,4
2026-10-29,S01,P407,109,0,41,68,55,1
2026-10-29,S01,P442,181,0,64,117,132,3
2026-10-29,S01,P501,100,0,27,73,41,3
2026-10-29,S01,P502,53,0,12,41,28,1
2026-10-29,S01,P503,66,0,13,53,40,1
2026-10-29,S01,P504,95,95,16,79,30,3
2026-10-29,S01,P505,95,95,15,80,37,4
2026-10-29,S01,P601,33,0,10,23,32,2
2026-10-29,S01,P602,39,0,17,22,37,2
2026-10-29,S01,P603,26,0,14,12,36,4
2026-10-29,S01,P604,25,0,12,13,23,2
2026-10-29,S01,P605,57,0,17,40,33,1
2026-10-29,S01,P701,64,0,16,48,36,2
2026-10-29,S01,P702,152,152,24,128,53,4
2026-10-29,S01,P703,106,0,24,82,47,1
2026-10-29,S01,P704,35,0,14,21,33,3
2026-10-29,S01,P801,161,0,30,131,60,4
2026-10-29,S01,P802,158,0,44,114,90,2
2026-10-29,S01,P803,140,0,36,104,59,2
2026-10-29,S01,P901,221,0,34,187,93,1
2026-10-29,S01,P902,106,0,23,83,36,1
2026-10-29,S02,P101,951,951,171,780,333,3
2026-10-29,S02,P102,876,0,242,634,347,1
2026-10-29,S02,P103,418,0,152,266,334,1
2026-10-29,S02,P104,446,0,133,313,268,1
2026-10-29,S02,P105,573,0,158,415,300,3
2026-10-29,S02,P106,290,0,144,146,294,2
2026-10-29,S02,P201,1079,797,167,912,283,1
2026-10-29,S02,P202,929,0,168,761,316,1
2026-10-29,S02,P203,920,0,133,787,255,1
2026-10-29,S02,P204,432,432,92,340,215,4
2026-10-29,S02,P205,147,0,33,110,116,2
2026-10-29,S02,P206,315,0,109,206,196,3
2026-10-29,S02,P207,346,0,176,170,307,1
2026-10-29,S02,P301,357,0,120,237,177,1
2026-10-29,S02,P302,674,0,178,496,326,2
2026-10-29,S02,P303,792,677,117,675,224,1
2026-10-29,S02,P304,710,0,151,559,325,1
2026-10-29,S02,P305,584,584,143,441,329,4
2026-10-29,S02,P306,440,440,102,338,214,4
2026-10-29,S02,P330,157,0,157,0,277,3
2026-10-29,S02,P401,187,0,56,131,111,3
2026-10-29,S02,P402,194,0,34,160,103,2
2026-10-29,S02,P403,215,0,60,155,114,4
2026-10-29,S02,P404,271,0,58,213,136,3
2026-10-29,S02,P405,141,0,75,66,164,3
2026-10-29,S02,P406,0,0,0,0,151,4
2026-10-29,S02,P407,279,0,73,206,189,2
2026-10-29,S02,P442,710,0,85,625,238,2
2026-10-29,S02,P501,118,0,45,73,80,4
2026-10-29,S02,P502,311,311,52,259,126,4
2026-10-29,S02,P503,142,0,39,103,106,3
2026-10-29,S02,P504,188,148,22,166,72,1
2026-10-29,S02,P505,0,0,0,0,73,4
2026-10-29,S02,P601,192,0,35,157,61,1
2026-10-29,S02,P602,335,0,39,296,99,1
2026-10-29,S02,P603,198,0,64,134,77,1
2026-10-29,S02,P604,116,0,45,71,84,4
2026-10-29,S02,P605,133,0,27,106,56,3
2026-10-29,S02,P701,90,0,50,40,101,2
2026-10-29,S02,P702,117,0,38,79,82,2
2026-10-29,S02,P703,116,0,50,66,78,2
2026-10-29,S02,P704,190,0,53,137,80,1
2026-10-29,S02,P801,181,0,60,121,134,3
2026-10-29,S02,P802,101,0,54,47,129,3
2026-10-29,S02,P803,457,0,111,346,194,2
2026-10-29,S02,P901,431,0,149,282,261,3
2026-10-29,S02,P902,116,0,33,83,57,2
2026-10-29,S03,P101,91,0,32,59,68,2
2026-10-29,S03,P102,45,0,36,9,93,2
2026-10-29,S03,P103,52,0,42,10,83,4
2026-10-29,S03,P104,168,124,34,134,63,1
2026-10-29,S03,P105,108,0,24,84,63,2
2026-10-29,S03,P106,126,0,34,92,84,4
2026-10-29,S03,P201,163,0,36,127,83,4
2026-10-29,S03,P202,0,0,0,0,75,4
2026-10-29,S03,P203,147,147,21,126,40,3
2026-10-29,S03,P204,53,0,28,25,89,2
2026-10-29,S03,P205,46,46,8,38,22,4
2026-10-29,S03,P206,105,0,38,67,67,4
2026-10-29,S03,P207,157,0,35,122,83,3
2026-10-29,S03,P301,154,0,19,135,59,1
2026-10-29,S03,P302,64,0,29,35,65,2
2026-10-29,S03,P303,162,0,31,131,86,3
2026-10-29,S03,P304,87,0,32,55,51,2
2026-10-29,S03,P305,233,0,34,199,81,1
2026-10-29,S03,P306,192,192,25,167,75,3
2026-10-29,S03,P330,116,0,34,82,66,1
2026-10-29,S03,P401,0,0,0,0,34,4
2026-10-29,S03,P402,42,0,12,30,33,4
2026-10-29,S03,P403,86,0,16,70,33,1
2026-10-29,S03,P404,25,0,11,14,23,2
2026-10-29,S03,P405,65,0,11,54,27,1
2026-10-29,S03,P406,17,0,17,0,35,3
2026-10-29,S03,P407,90,71,11,79,32,2
2026-10-29,S03,P442,186,0,32,154,72,1
2026-10-29,S03,P501,41,0,7,34,14,2
2026-10-29,S03,P502,65,65,10,55,22,4
2026-10-29,S03,P503,32,0,12,25,24,3
2026-10-29,S03,P504,0,0,0,0,16,4
2026-10-29,S03,P505,35,0,6,29,17,2
2026-10-29,S03,P601,32,0,10,22,18,1
2026-10-29,S03,P602,53,0,8,43,16,1
2026-10-29,S03,P603,34,0,7,27,13,4
2026-10-29,S03,P604,56,56,10,46,24,4
2026-10-29,S03,P605,29,0,11,18,19,4
2026-10-29,S03,P701,32,0,8,24,18,3
2026-10-29,S03,P702,62,62,10,52,17,4
2026-10-29,S03,P703,25,0,7,18,17,4
2026-10-29,S03,P704,51,0,10,41,26,1
2026-10-29,S03,P801,65,0,18,47,41,1
2026-10-29,S03,P802,49,0,17,32,36,3
2026-10-29,S03,P803,38,0,22,16,43,3
2026-10-29,S03,P901,72,0,39,33,65,1
2026-10-29,S03,P902,36,36,9,27,16,4
2026-10-29,S04,P101,179,179,55,124,95,4
2026-10-29,S04,P102,226,0,47,179,113,3
2026-10-29,S04,P103,240,0,47,193,105,4
2026-10-29,S04,P104,69,0,44,25,114,4
2026-10-29,S04,P105,423,422,70,353,145,3
2026-10-29,S04,P106,200,0,45,155,101,1
2026-10-29,S04,P201,129,0,56,73,96,1
2026-10-29,S04,P202,168,0,52,116,98,4
2026-10-29,S04,P203,171,0,41,130,99,3
2026-10-29,S04,P204,321,321,47,274,110,3
2026-10-29,S04,P205,52,52,11,41,27,4
2026-10-29,S04,P206,70,0,31,39,83,4
2026-10-29,S04,P207,217,0,55,162,114,4
2026-10-29,S04,P301,202,202,32,170,62,3
2026-10-29,S04,P302,236,167,44,192,85,1
2026-10-29,S04,P303,7,0,7,0,90,3
2026-10-29,S04,P304,300,262,25,275,79,2
2026-10-29,S04,P305,232,232,43,189,78,4
2026-10-29,S04,P306,321,0,54,267,127,3
2026-10-29,S04,P330,194,0,40,154,86,4
2026-10-29,S04,P401,133,0,32,101,73,1
2026-10-29,S04,P402,143,0,32,111,64,1
2026-10-29,S04,P403,100,0,20,80,44,1
2026-10-29,S04,P404,80,0,31,49,56,3
2026-10-29,S04,P405,30,0,21,9,53,2
2026-10-29,S04,P406,121,106,24,97,46,2
2026-10-29,S04,P407,60,0,28,32,57,3
2026-10-29,S04,P442,140,0,34,104,64,2
2026-10-29,S04,P501,97,0,19,78,29,2
2026-10-29,S04,P502,79,73,16,63,32,3
2026-10-29,S04,P503,77,0,10,67,34,2
2026-10-29,S04,P504,101,82,9,92,28,1
2026-10-29,S04,P505,34,0,10,24,25,1
2026-10-29,S04,P601,25,0,14,11,38,3
2026-10-29,S04,P602,82,0,19,63,30,1
2026-10-29,S04,P603,27,0,7,20,26,1
2026-10-29,S04,P604,98,74,18,80,25,1
2026-10-29,S04,P605,61,61,16,45,34,4
2026-10-29,S04,P701,54,0,16,38,41,2
2026-10-29,S04,P702,0,0,0,0,31,4
2026-10-29,S04,P703,12,0,12,0,45,3
2026-10-29,S04,P704,40,0,14,26,26,1
2026-10-29,S04,P801,11,0,11,0,64,3
2026-10-29,S04,P802,82,0,36,46,55,3
2026-10-29,S04,P803,86,0,27,59,38,3
2026-10-29,S04,P901,70,0,34,36,80,3
2026-10-29,S04,P902,39,0,12,27,26,2
2026-10-29,S05,P101,29,0,29,0,92,3
2026-10-29,S05,P102,207,207,33,172,72,3
2026-10-29,S05,P103,128,0,45,83,76,2
2026-10-29,S05,P104,167,128,37,130,56,1
2026-10-29,S05,P105,104,0,38,66,63,4
2026-10-29,S05,P106,108,0,49,59,69,3
2026-10-29,S05,P201,82,0,32,50,51,4
2026-10-29,S05,P202,162,0,32,130,69,3
2026-10-29,S05,P203,115,0,44,71,80,2
2026-10-29,S05,P204,93,0,40,53,60,2
2026-10-29,S05,P205,0,0,0,0,19,4
2026-10-29,S05,P206,82,0,23,59,50,2
2026-10-29,S05,P207,0,0,0,0,55,4
2026-10-29,S05,P301,171,149,24,147,63,2
2026-10-29,S05,P302,10,0,10,0,70,3
2026-10-29,S05,P303,105,0,41,64,73,3
2026-10-29,S05,P304,95,0,24,71,53,3
2026-10-29,S05,P305,133,108,23,110,45,2
2026-10-29,S05,P306,153,143,33,120,64,2
2026-10-29,S05,P330,137,0,34,103,49,1
2026-10-29,S05,P401,15,0,15,0,21,3
2026-10-29,S05,P402,62,0,12,50,30,3
2026-10-29,S05,P403,143,117,15,128,39,1
2026-10-29,S05,P404,42,0,8,34,21,3
2026-10-29,S05,P405,64,0,11,53,21,3
2026-10-29,S05,P406,77,65,11,64,31,1
2026-10-29,S05,P407,67,0,17,50,30,1
2026-10-29,S05,P442,29,0,25,4,53,3
2026-10-29,S05,P501,0,0,0,0,13,4
2026-10-29,S05,P502,34,0,5,29,14,3
2026-10-29,S05,P503,35,0,6,29,11,3
2026-10-29,S05,P504,25,0,6,19,24,1
2026-10-29,S05,P505,12,0,8,4,17,2
2026-10-29,S05,P601,18,0,7,11,13,2
2026-10-29,S05,P602,19,0,7,12,15,4
2026-10-29,S05,P603,44,0,9,35,19,1
2026-10-29,S05,P604,28,0,8,20,15,3
2026-10-29,S05,P605,16,0,5,11,11,2
2026-10-29,S05,P701,21,0,10,11,18,1
2026-10-29,S05,P702,45,0,16,29,25,1
2026-10-29,S05,P703,59,0,12,47,21,1
2026-10-29,S05,P704,85,64,12,73,25,1
2026-10-29,S05,P801,76,0,18,58,44,3
2026-10-29,S05,P802,46,0,11,35,32,3
2026-10-29,S05,P803,183,152,25,158,46,1
2026-10-29,S05,P901,168,168,43,125,45,4
2026-10-29,S05,P902,28,28,10,18,16,4
2026-10-29,S06,P101,19,0,19,0,86,4
2026-10-29,S06,P102,107,0,56,51,101,1
2026-10-29,S06,P103,151,0,67,84,142,2
2026-10-29,S06,P104,277,277,39,238,81,4
2026-10-29,S06,P105,295,295,60,235,98,4
2026-10-29,S06,P106,249,249,70,179,117,3
2026-10-29,S06,P201,252,180,48,204,88,1
2026-10-29,S06,P202,135,0,29,106,65,3
2026-10-29,S06,P203,113,0,33,80,60,2
2026-10-29,S06,P204,171,0,55,116,108,2
2026-10-29,S06,P205,51,0,13,38,29,4
2026-10-29,S06,P206,63,0,55,8,87,4
2026-10-29,S06,P207,156,0,62,94,73,3
2026-10-29,S06,P301,358,272,36,322,96,1
2026-10-29,S06,P302,78,0,39,39,76,1
2026-10-29,S06,P303,262,262,43,224,81,3
2026-10-29,S06,P304,186,0,44,142,72,2
2026-10-29,S06,P305,317,0,74,243,90,1
2026-10-29,S06,P306,77,0,39,38,82,3
2026-10-29,S06,P330,140,0,66,74,85,2
2026-10-29,S06,P401,50,0,19,31,48,1
2026-10-29,S06,P402,27,0,21,6,34,2
2026-10-29,S06,P403,89,0,29,60,42,2
2026-10-29,S06,P404,104,0,24,80,51,3
2026-10-29,S06,P405,106,0,23,83,60,4
2026-10-29,S06,P406,40,0,15,25,34,3
2026-10-29,S06,P407,24,0,13,11,41,3
2026-10-29,S06,P442,159,0,50,109,88,2
2026-10-29,S06,P501,4,0,4,0,25,3
2026-10-29,S06,P502,61,0,19,42,38,2
2026-10-29,S06,P503,67,0,15,52,34,2
2026-10-29,S06,P504,44,0,9,35,20,3
2026-10-29,S06,P505,86,0,13,73,27,3
2026-10-29,S06,P601,48,0,8,40,18,1
2026-10-29,S06,P602,68,0,19,49,33,2
2026-10-29,S06,P603,18,0,12,6,24,3
2026-10-29,S06,P604,42,0,10,32,19,1
2026-10-29,S06,P605,59,0,13,46,31,3
2026-10-29,S06,P701,39,0,12,27,20,1
2026-10-29,S06,P702,66,0,18,48,37,3
2026-10-29,S06,P703,78,0,21,57,32,1
2026-10-29,S06,P704,64,57,13,51,29,2
2026-10-29,S06,P801,114,0,19,95,53,1
2026-10-29,S06,P802,85,0,32,53,76,1
2026-10-29,S06,P803,82,0,26,56,53,4
2026-10-29,S06,P901,204,181,53,151,86,2
2026-10-29,S06,P902,2,0,2,0,22,3
